CustomerID,Recency,Frequency,Monetary,R_Score,F_Score,M_Score,RFM_Score,Segment,Historical_CLV,AOV,Predicted_CLV,Span_Days,Frequency_Per_Year
12346.0,326,12,77556.46,2,4,4,244,Others,77556.46,6463.038333333334,70770.26975,400,10.950000000000001
12347.0,2,8,4921.53,4,4,4,444,Champions,4921.53,615.19125,4468.553358208955,402,7.263681592039801
12348.0,75,5,2019.4,3,3,3,333,Others,2019.4,403.88,2036.135359116022,362,5.041436464088398
12349.0,19,4,4428.69,4,3,4,434,Champions,4428.69,1107.1725,2835.915526315789,570,2.56140350877193
12350.0,310,1,334.4,2,1,1,211,Others,334.4,334.4,17388.8,1,52.0
12351.0,375,1,300.93,2,1,1,211,Others,300.93,300.93,15648.36,1,52.0
12352.0,36,10,2849.84,3,4,4,344,Champions,2849.84,284.98400000000004,2921.886516853933,356,10.252808988764045
12353.0,204,2,406.76,2,2,2,222,Others,406.76,203.38,727.7813725490196,204,3.5784313725490193
12354.0,232,1,1079.4,2,1,3,213,Others,1079.4,1079.4,56128.8,1,52.0
12355.0,214,2,947.61,2,2,3,223,Others,947.61,473.805,979.8233711048158,353,2.0679886685552407
12356.0,23,6,6371.73,4,3,4,434,Champions,6371.73,1061.955,5799.704364089775,401,5.461346633416459
12357.0,33,3,18287.66,3,2,4,324,Potential Loyalist,18287.66,6095.886666666666,18802.805352112675,355,3.084507042253521
12358.0,2,5,3887.07,4,3,4,434,Champions,3887.07,777.414,1943.5349999999999,730,2.5
12359.0,58,10,8873.39,3,4,4,344,Champions,8873.39,887.3389999999999,4791.105547337278,676,5.399408284023669
12360.0,52,8,4252.89,3,4,4,344,Champions,4252.89,531.61125,2574.3032338308462,603,4.842454394693201
12361.0,287,4,511.25,2,3,2,232,Others,511.25,127.8125,473.619923857868,394,3.7055837563451774
12362.0,3,11,5356.23,4,4,4,444,Champions,5356.23,486.92999999999995,2659.8965306122445,735,5.462585034013605
12363.0,110,2,552.0,2,2,2,222,Others,552.0,276.0,1526.3636363636363,132,5.53030303030303
12364.0,8,4,1313.1,4,3,3,433,Loyal Customers,1313.1,328.275,4608.475961538461,104,14.038461538461538
12365.0,291,2,641.38,2,2,2,222,Others,641.38,320.69,16675.88,1,52.0
12366.0,634,1,500.24,1,1,2,112,Lost Customers,500.24,500.24,26012.48,1,52.0
12367.0,4,1,168.9,4,1,1,411,Potential Loyalist,168.9,168.9,8782.800000000001,1,52.0
12368.0,628,1,917.6999999999999,1,1,3,113,Lost Customers,917.6999999999999,917.6999999999999,47720.399999999994,1,52.0
12369.0,413,3,1791.15,1,2,3,123,Others,1791.15,597.0500000000001,2867.4111842105267,228,4.802631578947368
12370.0,51,7,4316.56,3,3,4,334,Others,4316.56,616.6514285714286,2553.5565640194486,617,4.1410048622366284
12371.0,45,5,4067.38,3,3,4,334,Others,4067.38,813.476,2474.3228333333336,600,3.041666666666667
12372.0,72,3,1298.04,3,2,3,323,Potential Loyalist,1298.04,432.68,2115.109821428571,224,4.888392857142857
12373.0,311,3,1127.65,2,2,3,223,Others,1127.65,375.8833333333334,1136.9951657458566,362,3.0248618784530388
12374.0,25,4,2989.2200000000003,4,3,4,434,Champions,2989.2200000000003,747.3050000000001,1937.9490230905865,563,2.5932504440497337
12375.0,11,2,457.5,4,2,2,422,Potential Loyalist,457.5,228.75,1919.3965517241381,87,8.39080459770115
12376.0,390,2,503.15,1,2,2,122,Others,503.15,251.575,6558.919642857142,28,26.07142857142857
12377.0,315,4,3426.32,2,3,4,234,Others,3426.32,856.58,4564.2583941605835,274,5.328467153284671
12378.0,130,2,5416.32,2,2,4,224,Others,5416.32,2708.16,4576.288888888889,432,1.6898148148148149
12379.0,82,4,1620.22,3,3,3,333,Others,1620.22,405.055,1308.3634955752211,452,3.230088495575221
12380.0,22,11,9676.300000000001,4,4,4,444,Champions,9676.300000000001,879.6636363636364,5518.51484375,640,6.2734375
12381.0,5,5,1845.31,4,3,3,433,Loyal Customers,1845.31,369.062,5856.853478260869,115,15.869565217391305
12383.0,185,5,1850.56,2,3,3,233,Others,1850.56,370.11199999999997,4044.637125748502,167,10.92814371257485
12384.0,29,2,585.27,3,2,2,322,Potential Loyalist,585.27,292.635,2321.995108695652,92,7.934782608695651
12385.0,379,1,1938.4,2,1,3,213,Others,1938.4,1938.4,100796.8,1,52.0
12386.0,338,2,401.9,2,2,2,222,Others,401.9,200.95,5058.396551724137,29,25.172413793103445
12387.0,415,1,143.94,1,1,1,111,Lost Customers,143.94,143.94,7484.88,1,52.0
12388.0,16,8,3901.11,4,4,4,444,Champions,3901.11,487.63875,2515.733480565371,566,5.159010600706713
12389.0,403,3,1433.33,1,2,3,123,Others,1433.33,477.77666666666664,2067.8476284584976,253,4.328063241106719
12390.0,80,1,549.84,3,1,2,312,Potential Loyalist,549.84,549.84,28591.68,1,52.0
12391.0,22,6,2724.84,4,3,4,434,Champions,2724.84,454.14000000000004,1551.5859594383778,641,3.4165366614664587
12392.0,591,1,234.75000000000003,1,1,1,111,Lost Customers,234.75000000000003,234.75000000000003,12207.000000000002,1,52.0
12393.0,72,6,2399.4500000000003,3,3,4,334,Others,2399.4500000000003,399.90833333333336,2460.110252808989,356,6.151685393258427
12394.0,64,2,1272.48,3,2,3,323,Potential Loyalist,1272.48,636.24,3035.654901960784,153,4.771241830065359
12395.0,19,15,4721.17,4,4,4,444,Champions,4721.17,314.74466666666666,2955.792538593482,583,9.391080617495712
12396.0,674,1,931.43,1,1,3,113,Lost Customers,931.43,931.43,48434.36,1,52.0
12397.0,36,2,2409.9,3,2,4,324,Potential Loyalist,2409.9,1204.95,8884.984848484848,99,7.373737373737374
12398.0,46,1,1635.6599999999999,3,1,3,313,Potential Loyalist,1635.6599999999999,1635.6599999999999,85054.31999999999,1,52.0
12399.0,119,7,1962.3,2,3,3,233,Others,1962.3,280.3285714285714,1364.2657142857145,525,4.866666666666667
12400.0,414,1,205.25,1,1,1,111,Lost Customers,205.25,205.25,10673.0,1,52.0
12401.0,303,1,84.3,2,1,1,211,Others,84.3,84.3,4383.599999999999,1,52.0
12402.0,323,6,1256.9,2,3,3,233,Others,1256.9,209.48333333333335,1322.099423631124,347,6.311239193083574
12403.0,50,2,1019.36,3,2,3,323,Potential Loyalist,1019.36,509.68,789.9498938428875,471,1.5498938428874736
12404.0,682,1,63.24,1,1,1,111,Lost Customers,63.24,63.24,3288.48,1,52.0
12405.0,149,1,1710.39,2,1,3,213,Others,1710.39,1710.39,88940.28,1,52.0
12406.0,22,5,6390.36,4,3,4,434,Champions,6390.36,1278.072,3455.528,675,2.7037037037037037
12407.0,50,5,1708.1200000000001,3,3,3,333,Others,1708.1200000000001,341.624,2913.382242990654,214,8.528037383177569
12408.0,33,8,4340.7699999999995,3,4,4,344,Champions,4340.7699999999995,542.5962499999999,3407.2710752688167,465,6.279569892473118
12409.0,79,7,23419.29,3,3,4,334,Others,23419.29,3345.612857142857,17588.56141975309,486,5.257201646090535
12410.0,309,3,1013.71,2,2,3,223,Others,1013.71,337.90333333333336,1917.1199481865285,193,5.6735751295336785
12411.0,410,1,346.9,1,1,2,112,Lost Customers,346.9,346.9,18038.8,1,52.0
12412.0,75,6,2596.93,3,3,4,334,Others,2596.93,432.82166666666666,2042.843642241379,464,4.719827586206896
12413.0,67,4,999.45,3,3,3,333,Others,999.45,249.8625,1088.952985074627,335,4.358208955223881
12414.0,217,6,952.41,2,3,3,233,Others,952.41,158.73499999999999,1413.1286585365851,246,8.902439024390244
12415.0,24,28,144458.37,4,4,4,444,Champions,144458.37,5159.2275,104825.65616302186,503,20.318091451292247
12416.0,657,1,202.56,1,1,1,111,Lost Customers,202.56,202.56,10533.12,1,52.0
12417.0,3,20,6797.41,4,4,4,444,Champions,6797.41,339.8705,3398.705,730,10.0
12418.0,113,4,2021.2,2,3,3,233,Others,2021.2,505.3,1426.9593810444874,517,2.8239845261121856
12419.0,386,2,503.01,1,2,2,122,Others,503.01,251.505,6799.95,27,27.037037037037038
12420.0,64,1,600.39,3,1,2,312,Potential Loyalist,600.39,600.39,31220.28,1,52.0
12421.0,16,6,1098.6,4,3,3,433,Loyal Customers,1098.6,183.1,820.0184049079754,489,4.478527607361963
12422.0,96,17,5231.8,3,4,4,344,Champions,5231.8,307.7529411764706,3055.3712,625,9.928
12423.0,1,10,2622.39,4,4,4,444,Champions,2622.39,262.239,2058.4351612903224,465,7.849462365591398
12424.0,163,4,3340.03,2,3,4,234,Others,3340.03,835.0075,3166.521948051948,385,3.792207792207792
12425.0,78,2,1741.41,3,2,3,323,Potential Loyalist,1741.41,870.705,1717.8774324324324,370,1.9729729729729728
12426.0,195,2,1345.21,2,2,3,223,Others,1345.21,672.605,1049.148824786325,468,1.5598290598290598
12427.0,22,3,825.8,4,2,2,422,Potential Loyalist,825.8,275.26666666666665,863.6590257879656,349,3.1375358166189113
12428.0,26,9,7956.46,4,4,4,444,Champions,7956.46,884.0511111111111,11300.030739299613,257,12.782101167315176
12429.0,9,8,6204.41,4,4,4,444,Champions,6204.41,775.55125,4217.150186219739,537,5.437616387337058
12430.0,43,1,256.4,3,1,1,311,Potential Loyalist,256.4,256.4,13332.8,1,52.0
12431.0,36,27,10432.22,3,4,4,344,Champions,10432.22,386.3785185185185,5786.869756838905,658,14.977203647416413
12432.0,43,5,5059.32,3,3,4,334,Others,5059.32,1011.8639999999999,14315.130232558138,129,14.147286821705427
12433.0,1,10,16794.14,4,4,4,444,Champions,16794.14,1679.414,12877.859453781513,476,7.668067226890757
12434.0,85,3,1103.43,3,2,3,323,Potential Loyalist,1103.43,367.81,1360.6484797297296,296,3.699324324324324
12435.0,80,6,13925.93,3,3,4,334,Others,13925.93,2320.9883333333332,7736.627777777777,657,3.333333333333333
12436.0,100,1,509.01,2,1,2,212,Others,509.01,509.01,26468.52,1,52.0
12437.0,2,39,12683.4,4,4,4,444,Champions,12683.4,325.2153846153846,6298.559183673468,735,19.36734693877551
12438.0,14,2,2906.85,4,2,4,424,Potential Loyalist,2906.85,1453.425,8488.002,125,5.840000000000001
12439.0,683,2,1142.88,1,2,3,123,Others,1142.88,571.44,9701.190697674418,43,16.97674418604651
12440.0,462,2,859.2,1,2,2,122,Others,859.2,429.6,1229.8352941176472,255,2.8627450980392157
12441.0,367,1,173.55,2,1,1,211,Others,173.55,173.55,9024.6,1,52.0
12442.0,3,1,172.06,4,1,1,411,Potential Loyalist,172.06,172.06,8947.12,1,52.0
12443.0,732,1,485.31,1,1,2,112,Lost Customers,485.31,485.31,25236.12,1,52.0
12444.0,21,5,5005.46,4,3,4,434,Champions,5005.46,1001.092,12261.697315436242,149,12.248322147651008
12445.0,22,2,434.98,4,2,2,422,Potential Loyalist,434.98,217.49,398.91381909547744,398,1.8341708542713568
12446.0,58,1,1002.3100000000001,3,1,3,313,Potential Loyalist,1002.3100000000001,1002.3100000000001,52120.12,1,52.0
12447.0,243,1,476.49,2,1,2,212,Others,476.49,476.49,24777.48,1,52.0
12448.0,44,1,449.45,3,1,2,312,Potential Loyalist,449.45,449.45,23371.399999999998,1,52.0
12449.0,22,6,4835.89,4,3,4,434,Champions,4835.89,805.9816666666667,4243.028485576923,416,5.264423076923077
12450.0,156,5,688.2,2,3,2,232,Others,688.2,137.64000000000001,789.9150943396228,318,5.738993710691824
12451.0,11,8,12669.88,4,4,4,444,Champions,12669.88,1583.735,8927.618146718147,518,5.637065637065637
12452.0,17,2,430.57,4,2,2,422,Potential Loyalist,430.57,215.285,11194.82,1,52.0
12453.0,134,1,707.09,2,1,2,212,Others,707.09,707.09,36768.68,1,52.0
12454.0,56,5,16679.78,3,3,4,334,Others,16679.78,3335.9559999999997,16725.603571428568,364,5.013736263736264
12455.0,73,10,5879.95,3,4,4,344,Champions,5879.95,587.995,3312.0088734567903,648,5.632716049382716
12456.0,44,3,3181.04,3,2,4,324,Potential Loyalist,3181.04,1060.3466666666666,5528.9504761904755,210,5.214285714285714
12457.0,66,8,2995.91,3,4,4,344,Champions,2995.91,374.48875,2971.4868206521737,368,7.934782608695651
12458.0,71,4,1777.49,3,3,3,333,Others,1777.49,444.3725,1559.5765625,416,3.5096153846153846
12459.0,605,1,454.36,1,1,2,112,Lost Customers,454.36,454.36,23626.72,1,52.0
12460.0,456,1,326.65,1,1,1,111,Lost Customers,326.65,326.65,16985.8,1,52.0
12461.0,94,2,826.88,3,2,2,322,Potential Loyalist,826.88,413.44,5030.186666666667,60,12.166666666666668
12462.0,19,2,1189.59,4,2,3,423,Potential Loyalist,1189.59,594.795,1528.8744718309858,284,2.5704225352112675
12463.0,53,4,1344.78,3,3,3,333,Others,1344.78,336.195,2610.876063829787,188,7.76595744680851
12464.0,10,8,1212.05,4,4,3,443,Champions,1212.05,151.50625,1479.5928093645484,299,9.765886287625419
12465.0,17,2,742.1899999999999,4,2,2,422,Potential Loyalist,742.1899999999999,371.09499999999997,1782.2325657894735,152,4.802631578947368
12466.0,682,1,56.73,1,1,1,111,Lost Customers,56.73,56.73,2949.96,1,52.0
12467.0,423,1,132.8,1,1,1,111,Lost Customers,132.8,132.8,6905.6,1,52.0
12468.0,188,5,3670.74,2,3,4,234,Others,3670.74,734.1479999999999,2706.707272727272,495,3.6868686868686864
12469.0,523,2,3070.54,1,2,4,124,Others,3070.54,1535.27,79834.04,14,52.0
12470.0,690,1,211.95,1,1,1,111,Lost Customers,211.95,211.95,11021.4,1,52.0
12471.0,2,79,39918.19,4,4,4,444,Champions,39918.19,505.2935443037975,19959.095,730,39.5
12472.0,32,19,16249.289999999999,3,4,4,344,Champions,16249.289999999999,855.2257894736841,8558.428354978352,693,10.007215007215006
12473.0,29,5,3928.0499999999997,3,3,4,334,Others,3928.0499999999997,785.6099999999999,8850.23611111111,162,11.265432098765432
12474.0,17,31,12372.75,4,4,4,444,Champions,12372.75,399.1209677419355,6958.480354391372,649,17.43451463790447
12475.0,54,2,1149.64,3,2,3,323,Potential Loyalist,1149.64,574.82,1178.70393258427,356,2.0505617977528092
12476.0,16,23,14083.91,4,4,4,444,Champions,14083.91,612.3439130434782,10577.422119341561,486,17.273662551440328
12477.0,23,9,20276.37,4,4,4,444,Champions,20276.37,2252.93,12334.79175,600,5.4750000000000005
12478.0,4,1,680.99,4,1,2,412,Potential Loyalist,680.99,680.99,35411.48,1,52.0
12479.0,11,1,527.2,4,1,2,412,Potential Loyalist,527.2,527.2,27414.4,1,52.0
12480.0,28,7,5464.85,3,3,4,334,Others,5464.85,780.6928571428572,4164.2385177453025,479,5.334029227557411
12481.0,23,15,12185.51,4,4,4,444,Champions,12185.51,812.3673333333334,7615.94375,584,9.375
12482.0,576,29,23691.4,1,4,4,144,At Risk,23691.4,816.944827586207,42481.131034482765,77,52.0
12483.0,17,19,5097.18,4,4,4,444,Champions,5097.18,268.27263157894737,2818.895,660,10.507575757575758
12484.0,33,12,6354.1,3,4,4,344,Champions,6354.1,529.5083333333333,3579.0841049382716,648,6.7592592592592595
12485.0,529,1,708.1,1,1,2,112,Lost Customers,708.1,708.1,36821.200000000004,1,52.0
12486.0,432,1,1037.28,1,1,3,113,Lost Customers,1037.28,1037.28,53938.56,1,52.0
12487.0,731,1,285.29999999999995,1,1,1,111,Lost Customers,285.29999999999995,285.29999999999995,14835.599999999999,1,52.0
12488.0,10,3,1298.66,4,2,3,423,Potential Loyalist,1298.66,432.8866666666667,7292.475384615385,65,16.846153846153847
12489.0,336,1,334.93,2,1,1,211,Others,334.93,334.93,17416.36,1,52.0
12490.0,5,21,9823.64,4,4,4,444,Champions,9823.64,467.79238095238094,4891.717053206003,733,10.457025920873125
12491.0,39,1,460.40000000000003,3,1,2,312,Potential Loyalist,460.40000000000003,460.40000000000003,23940.800000000003,1,52.0
12492.0,63,3,715.21,3,2,2,322,Potential Loyalist,715.21,238.40333333333334,767.7989705882353,340,3.2205882352941178
12493.0,166,2,433.74,2,2,2,222,Others,433.74,216.87,5106.93870967742,31,23.548387096774196
12494.0,16,9,1815.27,4,4,3,443,Champions,1815.27,201.69666666666666,1183.1670535714286,560,5.866071428571429
12495.0,641,1,357.4,1,1,2,112,Lost Customers,357.4,357.4,18584.8,1,52.0
12496.0,620,2,45.34,1,2,1,121,Others,45.34,22.67,1178.8400000000001,1,52.0
12497.0,82,3,6248.5,3,2,4,324,Potential Loyalist,6248.5,2082.8333333333335,4050.98134991119,563,1.9449378330373002
12498.0,21,3,403.70000000000005,4,2,2,422,Potential Loyalist,403.70000000000005,134.5666666666667,4093.0694444444453,36,30.416666666666668
12499.0,560,1,393.72,1,1,2,112,Lost Customers,393.72,393.72,20473.440000000002,1,52.0
12500.0,23,19,5955.21,4,4,4,444,Champions,5955.21,313.4321052631579,3344.079461538461,650,10.669230769230769
12501.0,337,1,2169.39,2,1,3,213,Others,2169.39,2169.39,112808.28,1,52.0
12502.0,96,5,3723.87,3,3,4,334,Others,3723.87,744.774,6351.46051401869,214,8.528037383177569
12503.0,584,1,1126.0,1,1,3,113,Lost Customers,1126.0,1126.0,58552.0,1,52.0
12504.0,18,4,779.05,4,3,2,432,Loyal Customers,779.05,194.7625,491.9606401384083,578,2.5259515570934257
12505.0,409,1,955.2,1,1,3,113,Lost Customers,955.2,955.2,49670.4,1,52.0
12506.0,233,1,73.5,2,1,1,211,Others,73.5,73.5,3822.0,1,52.0
12507.0,134,4,1844.06,2,3,3,233,Others,1844.06,461.015,1495.7375555555554,450,3.2444444444444445
12508.0,26,2,397.88,4,2,2,422,Potential Loyalist,397.88,198.94,10344.88,2,52.0
12509.0,284,1,176.5,2,1,1,211,Others,176.5,176.5,9178.0,1,52.0
12510.0,143,9,5178.02,2,4,4,244,Others,5178.02,575.3355555555556,3192.5292229729735,592,5.548986486486487
12511.0,429,1,3084.02,1,1,4,114,Lost Customers,3084.02,3084.02,160369.04,1,52.0
12512.0,66,2,132.18,3,2,1,321,Potential Loyalist,132.18,66.09,3436.6800000000003,1,52.0
12513.0,113,1,612.29,2,1,2,212,Others,612.29,612.29,31839.079999999998,1,52.0
12514.0,267,2,1597.76,2,2,3,223,Others,1597.76,798.88,1559.311229946524,374,1.9518716577540107
12515.0,353,1,383.7,2,1,2,212,Others,383.7,383.7,19952.399999999998,1,52.0
12516.0,78,4,2648.62,3,3,4,334,Others,2648.62,662.155,1855.5591170825335,521,2.802303262955854
12517.0,28,5,2481.6,3,3,4,334,Others,2481.6,496.32,5625.987577639751,161,11.335403726708075
12518.0,1,5,2056.89,4,3,3,433,Loyal Customers,2056.89,411.378,6887.750917431193,109,16.743119266055047
12519.0,64,2,716.54,3,2,2,322,Potential Loyalist,716.54,358.27,633.2617433414044,413,1.7675544794188864
12520.0,79,5,2634.26,3,3,4,334,Others,2634.26,526.8520000000001,4956.210824742268,194,9.40721649484536
12521.0,143,1,599.68,2,1,2,212,Others,599.68,599.68,31183.359999999997,1,52.0
12522.0,39,2,192.72,3,2,1,321,Potential Loyalist,192.72,96.36,5010.72,12,52.0
12523.0,19,23,4352.35,4,4,4,444,Champions,4352.35,189.2326086956522,2231.1906601123596,712,11.790730337078651
12524.0,9,17,11126.11,4,4,4,444,Champions,11126.11,654.4770588235294,6153.075984848486,660,9.401515151515152
12525.0,498,3,973.73,1,2,3,123,Others,973.73,324.57666666666665,2385.311744966443,149,7.348993288590604
12526.0,1,3,1316.66,4,2,3,423,Potential Loyalist,1316.66,438.8866666666667,5167.536559139785,93,11.774193548387096
12527.0,82,5,735.51,3,3,2,332,Others,735.51,147.102,600.5842281879195,447,4.082774049217003
12528.0,9,6,1933.48,4,3,3,433,Loyal Customers,1933.48,322.24666666666667,2329.1095709570955,303,7.227722772277227
12529.0,528,1,316.48,1,1,1,111,Lost Customers,316.48,316.48,16456.96,1,52.0
12530.0,60,9,3759.26,3,4,4,344,Champions,3759.26,417.6955555555556,2357.6115120274917,582,5.644329896907217
12531.0,15,2,1933.2,4,2,3,423,Potential Loyalist,1933.2,966.6,1051.591654247392,671,1.0879284649776453
12532.0,30,1,349.83000000000004,3,1,2,312,Potential Loyalist,349.83000000000004,349.83000000000004,18191.160000000003,1,52.0
12533.0,628,2,1367.89,1,2,3,123,Others,1367.89,683.945,4538.907727272728,110,6.636363636363637
12534.0,131,1,1089.18,2,1,3,213,Others,1089.18,1089.18,56637.36,1,52.0
12535.0,92,2,716.35,3,2,2,322,Potential Loyalist,716.35,358.175,2781.571808510638,94,7.76595744680851
12536.0,43,3,12601.830000000002,3,2,4,324,Potential Loyalist,12601.830000000002,4200.610000000001,218431.72000000003,15,52.0
12537.0,409,1,732.94,1,1,2,112,Lost Customers,732.94,732.94,38112.880000000005,1,52.0
12538.0,29,2,640.45,3,2,2,322,Potential Loyalist,640.45,320.225,669.8116045845273,349,2.0916905444126077
12539.0,22,7,11214.75,4,3,4,434,Champions,11214.75,1602.107142857143,5898.247478386167,694,3.6815561959654177
12540.0,20,33,22254.49,4,4,4,444,Champions,22254.49,674.3784848484848,11408.551755617978,712,16.917134831460675
12541.0,30,3,981.18,3,2,3,323,Potential Loyalist,981.18,327.06,1426.8155378486058,251,4.362549800796813
12542.0,484,2,481.88,1,2,2,122,Others,481.88,240.94,1127.475641025641,156,4.679487179487179
12543.0,448,1,980.25,1,1,3,113,Lost Customers,980.25,980.25,50973.0,1,52.0
12544.0,36,1,372.7,3,1,2,312,Potential Loyalist,372.7,372.7,19380.399999999998,1,52.0
12545.0,75,2,1000.39,3,2,3,323,Potential Loyalist,1000.39,500.195,1984.4692934782606,184,3.9673913043478257
12546.0,47,2,1161.5,3,2,3,323,Potential Loyalist,1161.5,580.75,13675.725806451614,31,23.548387096774196
12547.0,198,3,383.58,2,2,2,222,Others,383.58,127.86,463.5983443708609,302,3.6258278145695364
12548.0,166,1,95.19999999999999,2,1,1,211,Others,95.19999999999999,95.19999999999999,4950.4,1,52.0
12549.0,576,6,1575.68,1,3,3,133,At Risk,1575.68,262.61333333333334,4753.084297520661,121,18.099173553719005
12550.0,79,1,964.83,3,1,3,313,Potential Loyalist,964.83,964.83,50171.16,1,52.0
12551.0,358,1,168.0,2,1,1,211,Others,168.0,168.0,8736.0,1,52.0
12552.0,39,2,437.82,3,2,2,322,Potential Loyalist,437.82,218.91,11383.32,1,52.0
12553.0,8,12,4608.75,4,4,4,444,Champions,4608.75,384.0625,4053.4789156626507,415,10.55421686746988
12554.0,449,1,468.5,1,1,2,112,Lost Customers,468.5,468.5,24362.0,1,52.0
12555.0,682,1,129.23,1,1,1,111,Lost Customers,129.23,129.23,6719.959999999999,1,52.0
12556.0,50,2,599.56,3,2,2,322,Potential Loyalist,599.56,299.78,2188.3940000000002,100,7.300000000000001
12557.0,16,8,18096.14,4,4,4,444,Champions,18096.14,2262.0175,9355.653116147309,706,4.135977337110481
12558.0,8,1,269.96,4,1,1,411,Potential Loyalist,269.96,269.96,14037.919999999998,1,52.0
12559.0,311,2,561.71,2,2,2,222,Others,561.71,280.855,14604.460000000001,8,52.0
12560.0,5,3,2134.01,4,2,3,423,Potential Loyalist,2134.01,711.3366666666667,5685.501094890511,137,7.992700729927007
12561.0,303,1,238.85,2,1,1,211,Others,238.85,238.85,12420.199999999999,1,52.0
12562.0,8,9,4966.92,4,4,4,444,Champions,4966.92,551.88,4245.727868852459,427,7.693208430913349
12563.0,409,1,249.24,1,1,1,111,Lost Customers,249.24,249.24,12960.48,1,52.0
12564.0,261,1,456.9,2,1,2,212,Others,456.9,456.9,23758.8,1,52.0
12565.0,289,1,145.92,2,1,1,211,Others,145.92,145.92,7587.839999999999,1,52.0
12566.0,86,1,351.65,3,1,2,312,Potential Loyalist,351.65,351.65,18285.8,1,52.0
12567.0,23,15,11767.48,4,4,4,444,Champions,11767.48,784.4986666666666,6669.456832298137,644,8.501552795031056
12568.0,645,1,70.0,1,1,1,111,Lost Customers,70.0,70.0,3640.0,1,52.0
12569.0,2,32,4124.69,4,4,4,444,Champions,4124.69,128.8965625,6022.0474,250,46.720000000000006
12570.0,682,1,77.52,1,1,1,111,Lost Customers,77.52,77.52,4031.04,1,52.0
12571.0,40,2,519.61,3,2,2,322,Potential Loyalist,519.61,259.805,2341.4524691358024,81,9.012345679012345
12572.0,9,2,1020.42,4,2,3,423,Potential Loyalist,1020.42,510.21,8661.704651162789,43,16.97674418604651
12573.0,227,5,717.41,2,3,2,232,Others,717.41,143.482,1104.87194092827,237,7.70042194092827
12574.0,316,1,218.45,2,1,1,211,Others,218.45,218.45,11359.4,1,52.0
12575.0,457,2,622.8199999999999,1,2,2,122,Others,622.8199999999999,311.40999999999997,3294.627536231884,69,10.579710144927537
12576.0,36,8,2142.72,3,4,3,343,Others,2142.72,267.84,1596.1077551020405,490,5.959183673469387
12577.0,35,8,1617.1,3,4,3,343,Others,1617.1,202.1375,843.2021428571429,700,4.171428571428572
12578.0,21,4,4642.45,4,3,4,434,Champions,4642.45,1160.6125,4015.389218009479,422,3.459715639810427
12579.0,78,1,440.42,3,1,2,312,Potential Loyalist,440.42,440.42,22901.84,1,52.0
12580.0,247,2,1052.9,2,2,3,223,Others,1052.9,526.45,1168.1109422492405,329,2.218844984802432
12581.0,40,1,197.71,3,1,1,311,Potential Loyalist,197.71,197.71,10280.92,1,52.0
12582.0,239,4,1980.4,2,3,3,233,Others,1980.4,495.1,2138.597633136095,338,4.319526627218935
12583.0,3,27,13591.58,4,4,4,444,Champions,13591.58,503.39185185185187,6795.79,730,13.5
12584.0,4,9,2338.15,4,4,4,444,Champions,2338.15,259.7944444444445,3092.1186594202904,276,11.902173913043478
12585.0,234,2,2040.1,2,2,3,223,Others,2040.1,1020.05,6364.414529914529,117,6.239316239316239
12586.0,17,4,2062.67,4,3,3,433,Loyal Customers,2062.67,515.6675,1066.3945467422095,706,2.0679886685552407
12587.0,8,1,144.0,4,1,1,411,Potential Loyalist,144.0,144.0,7488.0,1,52.0
12588.0,39,4,958.78,3,3,3,333,Others,958.78,239.695,627.1589605734767,558,2.6164874551971327
12589.0,29,8,4695.66,3,4,4,344,Champions,4695.66,586.9575,2596.8422727272728,660,4.424242424242425
12590.0,211,2,9864.26,2,2,4,224,Others,9864.26,4932.13,256470.76,1,52.0
12591.0,317,3,1338.95,2,2,3,223,Others,1338.95,446.31666666666666,5370.513736263736,91,12.032967032967033
12592.0,92,5,2582.66,3,3,4,334,Others,2582.66,516.5319999999999,2207.66018735363,427,4.27400468384075
12593.0,109,3,418.09999999999997,2,2,2,222,Others,418.09999999999997,139.36666666666665,1387.331818181818,110,9.954545454545455
12594.0,38,15,5090.110000000001,3,4,4,344,Champions,5090.110000000001,339.3406666666667,3055.740378289474,608,9.004934210526315
12595.0,505,1,299.02,1,1,1,111,Lost Customers,299.02,299.02,15549.039999999999,1,52.0
12596.0,51,2,618.27,3,2,2,322,Potential Loyalist,618.27,309.135,1187.729210526316,190,3.842105263157895
12597.0,19,4,3811.22,4,3,4,434,Champions,3811.22,952.805,5609.255241935484,248,5.887096774193549
12598.0,10,11,4534.09,4,4,4,444,Champions,4534.09,412.19,2589.8949139280126,639,6.283255086071987
12599.0,29,13,2296.72,3,4,4,344,Champions,2296.72,176.67076923076922,1529.7496350364963,548,8.658759124087592
12600.0,29,21,4967.42,3,4,4,344,Champions,4967.42,236.54380952380953,2579.101422475107,703,10.903271692745378
12601.0,190,6,681.26,2,3,2,232,Others,681.26,113.54333333333334,1161.96214953271,214,10.233644859813083
12602.0,59,1,153.12,3,1,1,311,Potential Loyalist,153.12,153.12,7962.24,1,52.0
12603.0,22,1,739.1999999999999,4,1,2,412,Potential Loyalist,739.1999999999999,739.1999999999999,38438.399999999994,1,52.0
12604.0,79,2,254.18,3,2,1,321,Potential Loyalist,254.18,127.09,509.7565934065934,182,4.010989010989011
12605.0,376,4,1232.95,2,3,3,233,Others,1232.95,308.2375,5555.885802469135,81,18.02469135802469
12606.0,682,1,21.0,1,1,1,111,Lost Customers,21.0,21.0,1092.0,1,52.0
12607.0,60,1,1579.51,3,1,3,313,Potential Loyalist,1579.51,1579.51,82134.52,1,52.0
12608.0,405,1,415.79,1,1,2,112,Lost Customers,415.79,415.79,21621.08,1,52.0
12609.0,78,9,3435.86,3,4,4,344,Champions,3435.86,381.76222222222225,1956.4569422776913,641,5.124804992199688
12610.0,23,5,2099.54,4,3,3,433,Loyal Customers,2099.54,419.908,7440.117475728155,103,17.718446601941746
12611.0,52,1,1193.32,3,1,3,313,Potential Loyalist,1193.32,1193.32,62052.64,1,52.0
12612.0,74,1,704.0400000000001,3,1,2,312,Potential Loyalist,704.0400000000001,704.0400000000001,36610.08,1,52.0
12613.0,57,10,6817.37,3,4,4,344,Champions,6817.37,681.737,3725.05995508982,668,5.464071856287425
12614.0,278,1,315.6,2,1,1,211,Others,315.6,315.6,16411.2,1,52.0
12615.0,2,8,5740.98,4,4,4,444,Champions,5740.98,717.6225,3331.411287758346,629,4.642289348171701
12616.0,95,3,1131.1,3,2,3,323,Potential Loyalist,1131.1,377.0333333333333,1409.0494880546073,293,3.737201365187713
12617.0,29,1,352.98,3,1,2,312,Potential Loyalist,352.98,352.98,18354.96,1,52.0
12618.0,22,1,177.31,4,1,1,411,Potential Loyalist,177.31,177.31,9220.12,1,52.0
12619.0,16,10,3781.38,4,4,4,444,Champions,3781.38,378.13800000000003,2537.1391544117646,544,6.709558823529411
12620.0,15,3,1339.41,4,2,3,423,Potential Loyalist,1339.41,446.47,2586.69126984127,189,5.7936507936507935
12621.0,2,35,24311.2,4,4,4,444,Champions,24311.2,694.6057142857143,13323.705705705705,666,19.18168168168168
12622.0,232,1,180.1,2,1,1,211,Others,180.1,180.1,9365.199999999999,1,52.0
12623.0,276,7,3747.84,2,3,4,234,Others,3747.84,535.4057142857143,3257.0514285714294,420,6.083333333333334
12624.0,106,2,641.13,2,2,2,222,Others,641.13,320.565,3295.95,71,10.28169014084507
12625.0,212,4,5164.88,2,3,4,234,Others,5164.88,1291.22,4909.326041666667,384,3.802083333333334
12626.0,23,9,6620.48,4,4,4,444,Champions,6620.48,735.6088888888888,7975.165676567656,303,10.841584158415841
12627.0,11,7,4478.53,4,3,4,434,Champions,4478.53,639.79,12671.80968992248,129,19.8062015503876
12628.0,4,3,786.46,4,2,2,422,Potential Loyalist,786.46,262.15333333333336,4784.298333333334,60,18.25
12629.0,386,2,1558.22,1,2,3,123,Others,1558.22,779.11,15371.62972972973,37,19.72972972972973
12630.0,10,2,1270.88,4,2,3,423,Potential Loyalist,1270.88,635.44,13643.270588235295,34,21.470588235294116
12631.0,57,6,3481.57,3,3,4,334,Others,3481.57,580.2616666666667,2001.2174015748028,635,3.448818897637795
12632.0,521,2,804.88,1,2,2,122,Others,804.88,402.44,6676.845454545454,44,16.59090909090909
12633.0,59,7,5678.16,3,3,4,334,Others,5678.16,811.1657142857142,4447.48583690987,466,5.482832618025751
12634.0,536,2,490.0,1,2,2,122,Others,490.0,245.0,12740.0,12,52.0
12635.0,90,4,2930.41,3,3,4,334,Others,2930.41,732.6025,2914.4404632152587,367,3.9782016348773843
12636.0,739,1,141.0,1,1,1,111,Lost Customers,141.0,141.0,7332.0,1,52.0
12637.0,67,12,8283.81,3,4,4,344,Champions,8283.81,690.3175,6352.081197478992,476,9.201680672268909
12638.0,33,2,921.49,3,2,3,323,Potential Loyalist,921.49,460.745,555.0228547854786,606,1.2046204620462047
12639.0,239,3,1312.37,2,2,3,223,Others,1312.37,437.45666666666665,1231.4011568123392,389,2.814910025706941
12640.0,24,3,1174.58,4,2,3,423,Potential Loyalist,1174.58,391.52666666666664,7521.4333333333325,57,19.210526315789473
12641.0,115,1,185.9,2,1,1,211,Others,185.9,185.9,9666.800000000001,1,52.0
12642.0,25,3,1013.26,4,2,3,423,Potential Loyalist,1013.26,337.75333333333333,4510.242682926829,82,13.353658536585366
12643.0,128,12,8304.82,2,4,4,244,Others,8304.82,692.0683333333333,6288.919709543569,482,9.087136929460582
12644.0,130,4,1918.49,2,3,3,233,Others,1918.49,479.6225,1241.5759751773048,564,2.588652482269503
12645.0,34,8,3539.3,3,4,4,344,Champions,3539.3,442.4125,2034.400787401575,635,4.5984251968503935
12646.0,5,2,1346.97,4,2,3,423,Potential Loyalist,1346.97,673.485,11173.728409090909,44,16.59090909090909
12647.0,22,36,16955.55,4,4,4,444,Champions,16955.55,470.98749999999995,9209.487723214284,672,19.553571428571427
12648.0,155,4,1112.0,2,3,3,233,Others,1112.0,278.0,743.3699633699633,546,2.673992673992674
12649.0,107,8,2294.65,2,4,4,244,Others,2294.65,286.83125,1424.4000850340135,588,4.965986394557823
12650.0,3,1,314.44,4,1,1,411,Potential Loyalist,314.44,314.44,16350.88,1,52.0
12651.0,335,4,377.75,2,3,2,232,Others,377.75,94.4375,1060.6057692307693,130,11.230769230769232
12652.0,331,2,1017.03,2,2,3,223,Others,1017.03,508.515,3639.372058823529,102,7.156862745098039
12653.0,149,3,4160.83,2,2,4,224,Others,4160.83,1386.9433333333334,4017.732671957672,378,2.8968253968253967
12654.0,11,5,601.98,4,3,2,432,Loyal Customers,601.98,120.396,773.6714788732395,284,6.426056338028169
12655.0,424,1,261.35,1,1,1,111,Lost Customers,261.35,261.35,13590.2,1,52.0
12656.0,17,8,6407.83,4,4,4,444,Champions,6407.83,800.97875,4291.48247706422,545,5.3577981651376145
12657.0,11,4,1643.18,4,3,3,433,Loyal Customers,1643.18,410.795,8951.652238805971,67,21.791044776119403
12658.0,19,1,686.05,4,1,2,412,Potential Loyalist,686.05,686.05,35674.6,1,52.0
12659.0,30,1,91.68,3,1,1,311,Potential Loyalist,91.68,91.68,4767.360000000001,1,52.0
12660.0,11,1,245.1,4,1,1,411,Potential Loyalist,245.1,245.1,12745.199999999999,1,52.0
12661.0,436,1,162.0,1,1,1,111,Lost Customers,162.0,162.0,8424.0,1,52.0
12662.0,1,20,6726.54,4,4,4,444,Champions,6726.54,336.327,3979.233549432739,617,11.831442463533225
12663.0,625,2,239.4,1,2,1,121,Others,239.4,119.7,2032.1162790697672,43,16.97674418604651
12664.0,8,11,6070.04,4,4,4,444,Champions,6070.04,551.8218181818182,3085.7445682451257,718,5.591922005571031
12665.0,325,3,313.6,2,2,1,221,Others,313.6,104.53333333333335,332.7441860465117,344,3.183139534883721
12666.0,394,1,1248.42,1,1,3,113,Lost Customers,1248.42,1248.42,64917.840000000004,1,52.0
12667.0,58,1,620.13,3,1,2,312,Potential Loyalist,620.13,620.13,32246.76,1,52.0
12668.0,12,10,11383.03,4,4,4,444,Champions,11383.03,1138.303,6247.828496240601,665,5.488721804511278
12669.0,151,3,2744.0299999999997,2,2,4,224,Others,2744.0299999999997,914.6766666666666,9538.770952380952,105,10.428571428571429
12670.0,10,7,3760.29,4,3,4,434,Champions,3760.29,537.1842857142857,2092.2345274390245,656,3.894817073170732
12671.0,606,1,2622.481,1,1,4,114,Lost Customers,2622.481,2622.481,136369.01200000002,1,52.0
12672.0,330,2,437.05,2,2,2,222,Others,437.05,218.525,601.9745283018867,265,2.7547169811320753
12673.0,5,3,1230.02,4,2,3,423,Potential Loyalist,1230.02,410.00666666666666,1133.7305555555556,396,2.765151515151515
12674.0,39,4,1970.6,3,3,3,333,Others,1970.6,492.65,4256.029585798817,169,8.63905325443787
12675.0,554,2,957.25,1,2,3,123,Others,957.25,478.625,14558.177083333336,24,30.41666666666667
12676.0,25,11,2843.09,4,4,4,444,Champions,2843.09,258.4627272727273,2265.78133187773,458,8.76637554585153
12677.0,555,2,395.1,1,2,2,122,Others,395.1,197.55,1299.2027027027027,111,6.576576576576576
12678.0,42,21,34281.18,3,4,4,344,Champions,34281.18,1632.4371428571428,19016.156079027354,658,11.648936170212766
12679.0,59,4,1113.02,3,3,3,333,Others,1113.02,278.255,1805.5657777777778,225,6.488888888888889
12680.0,1,4,880.81,4,3,3,433,Loyal Customers,880.81,220.2025,2870.496875,112,13.035714285714285
12681.0,15,45,29834.76,4,4,4,444,Champions,29834.76,662.9946666666666,15316.016033755273,711,23.10126582278481
12682.0,4,52,22950.22,4,4,4,444,Champions,22950.22,441.35038461538466,11397.048027210883,735,25.823129251700678
12683.0,4,21,11633.7,4,4,4,444,Champions,11633.7,553.9857142857143,5881.3026315789475,722,10.61634349030471
12684.0,8,7,2283.63,4,3,4,434,Champions,2283.63,326.23285714285714,4065.9753658536583,205,12.463414634146341
12685.0,28,6,2863.08,3,3,4,334,Others,2863.08,477.18,16077.295384615385,65,33.69230769230769
12686.0,372,1,89.14,2,1,1,211,Others,89.14,89.14,4635.28,1,52.0
12687.0,481,2,2138.91,1,2,3,123,Others,2138.91,1069.455,55611.659999999996,1,52.0
12688.0,114,1,4873.8099999999995,2,1,4,214,Others,4873.8099999999995,4873.8099999999995,253438.11999999997,1,52.0
12689.0,26,2,1247.61,4,2,3,423,Potential Loyalist,1247.61,623.805,4508.689603960396,101,7.227722772277229
12690.0,206,1,389.01,2,1,2,212,Others,389.01,389.01,20228.52,1,52.0
12691.0,28,7,1170.4,3,3,3,333,Others,1170.4,167.20000000000002,1089.7857142857142,392,6.517857142857142
12692.0,637,1,110.95,1,1,1,111,Lost Customers,110.95,110.95,5769.400000000001,1,52.0
12693.0,127,7,1703.02,2,3,3,233,Others,1703.02,243.28857142857143,1573.6767088607592,395,6.468354430379746
12694.0,70,3,1843.35,3,2,3,323,Potential Loyalist,1843.35,614.4499999999999,1922.350714285714,350,3.1285714285714286
12695.0,7,7,1407.1200000000001,4,3,3,433,Loyal Customers,1407.1200000000001,201.0171428571429,780.5452887537996,658,3.8829787234042556
12696.0,435,2,851.91,1,2,2,122,Others,851.91,425.955,4201.988513513514,74,9.864864864864865
12697.0,29,3,957.59,3,2,3,323,Potential Loyalist,957.59,319.19666666666666,2496.5739285714285,140,7.821428571428572
12698.0,590,1,339.75,1,1,1,111,Lost Customers,339.75,339.75,17667.0,1,52.0
12699.0,418,1,638.11,1,1,2,112,Lost Customers,638.11,638.11,33181.72,1,52.0
12700.0,8,4,4939.99,4,3,4,434,Champions,4939.99,1234.9975,8710.61038647343,207,7.053140096618358
12701.0,80,6,2446.41,3,3,4,334,Others,2446.41,407.73499999999996,1614.719077757685,553,3.9602169981916813
12702.0,20,1,219.0,4,1,1,411,Potential Loyalist,219.0,219.0,11388.0,1,52.0
12703.0,71,4,1006.53,3,3,3,333,Others,1006.53,251.6325,599.3204730831973,613,2.3817292006525284
12704.0,7,8,2340.84,4,4,4,444,Champions,2340.84,292.605,5274.114814814815,162,18.02469135802469
12705.0,15,14,11762.1,4,4,4,444,Champions,11762.1,840.15,8287.966216216217,518,9.864864864864865
12707.0,292,1,603.42,2,1,2,212,Others,603.42,603.42,31377.839999999997,1,52.0
12708.0,30,18,5117.66,3,4,4,344,Champions,5117.66,284.31444444444446,2703.2502170767,691,9.507959479015918
12709.0,15,34,30291.76,4,4,4,444,Champions,30291.76,890.9341176470588,15463.625734265734,715,17.356643356643357
12710.0,97,3,1149.02,2,2,3,223,Others,1149.02,383.00666666666666,4032.618269230769,104,10.528846153846153
12711.0,612,2,1339.05,1,2,3,123,Others,1339.05,669.525,7519.28076923077,65,11.230769230769232
12712.0,29,21,6723.03,3,4,4,344,Champions,6723.03,320.14428571428573,3500.5791012838804,701,10.934379457917261
12713.0,1,1,848.55,4,1,2,412,Potential Loyalist,848.55,848.55,44124.6,1,52.0
12714.0,9,12,14093.71,4,4,4,444,Champions,14093.71,1174.4758333333332,7085.680647382919,726,6.033057851239669
12715.0,106,1,343.36,2,1,2,212,Others,343.36,343.36,17854.72,1,52.0
12716.0,4,2,1053.49,4,2,3,423,Potential Loyalist,1053.49,526.745,2980.80503875969,129,5.658914728682171
12717.0,151,3,1308.91,2,2,3,223,Others,1308.91,436.30333333333334,1088.2736902050112,439,2.4943052391799543
12718.0,71,1,238.25,3,1,1,311,Potential Loyalist,238.25,238.25,12389.0,1,52.0
12719.0,5,2,644.95,4,2,2,422,Potential Loyalist,644.95,322.475,3989.9449152542375,59,12.372881355932202
12720.0,3,30,7787.28,4,4,4,444,Champions,7787.28,259.57599999999996,5650.809542743538,503,21.769383697813122
12721.0,32,8,4013.08,3,4,4,344,Champions,4013.08,501.635,3329.032272727273,440,6.636363636363637
12722.0,85,4,997.63,3,3,3,333,Others,997.63,249.4075,5602.076153846155,65,22.461538461538463
12723.0,4,5,725.07,4,3,2,432,Loyal Customers,725.07,145.014,4338.533606557377,61,29.918032786885245
12724.0,5,7,2317.52,4,3,4,434,Champions,2317.52,331.07428571428574,1596.027924528302,530,4.820754716981132
12725.0,371,4,2266.76,2,3,4,234,Others,2266.76,566.69,3884.3539906103288,213,6.854460093896713
12726.0,28,11,4014.6,3,4,4,344,Champions,4014.6,364.96363636363634,2462.7378151260505,595,6.7478991596638656
12727.0,11,10,5679.53,4,4,4,444,Champions,5679.53,567.953,3218.988276397515,644,5.667701863354037
12728.0,71,5,1070.17,3,3,3,333,Others,1070.17,214.03400000000002,1251.9616987179488,312,5.8493589743589745
12729.0,114,1,453.01,2,1,2,212,Others,453.01,453.01,23556.52,1,52.0
12730.0,522,1,829.25,1,1,2,112,Lost Customers,829.25,829.25,43121.0,1,52.0
12731.0,24,17,25775.71,4,4,4,444,Champions,25775.71,1516.2182352941177,15077.138060897434,624,9.943910256410255
12732.0,180,1,236.26000000000002,2,1,1,211,Others,236.26000000000002,236.26000000000002,12285.52,1,52.0
12733.0,234,4,2424.87,2,3,4,234,Others,2424.87,606.2175,1945.2253846153844,455,3.2087912087912085
12734.0,353,3,639.65,2,2,2,222,Others,639.65,213.21666666666667,5986.467948717948,39,28.076923076923077
12735.0,315,2,779.5699999999999,2,2,2,222,Others,779.5699999999999,389.78499999999997,13549.669047619045,21,34.76190476190476
12736.0,333,1,234.0,2,1,1,211,Others,234.0,234.0,12168.0,1,52.0
12737.0,499,2,3710.5,1,2,4,124,Others,3710.5,1855.25,96473.0,1,52.0
12738.0,372,1,155.35,2,1,1,211,Others,155.35,155.35,8078.2,1,52.0
12739.0,78,4,2726.73,3,3,4,334,Others,2726.73,681.6825,3159.5442857142853,315,4.634920634920634
12740.0,64,1,427.6,3,1,2,312,Potential Loyalist,427.6,427.6,22235.2,1,52.0
12741.0,529,2,406.07,1,2,2,122,Others,406.07,203.035,10557.82,3,52.0
12742.0,626,1,1201.52,1,1,3,113,Lost Customers,1201.52,1201.52,62479.04,1,52.0
12743.0,134,2,540.13,2,2,2,222,Others,540.13,270.065,14043.38,1,52.0
12744.0,52,11,25317.06,3,4,4,344,Champions,25317.06,2301.550909090909,17144.205751391466,539,7.448979591836735
12745.0,487,3,925.41,1,2,3,123,Others,925.41,308.46999999999997,1732.177692307692,195,5.615384615384615
12746.0,541,1,254.55,1,1,1,111,Lost Customers,254.55,254.55,13236.6,1,52.0
12747.0,2,26,8898.48,4,4,4,444,Champions,8898.48,342.24923076923073,4449.24,730,13.0
12748.0,1,336,53539.64,4,4,4,444,Champions,53539.64,159.34416666666667,8285.896666666667,734,52.0
12749.0,4,9,6897.36,4,4,4,444,Champions,6897.36,766.3733333333333,4869.509477756286,517,6.353965183752417
12750.0,129,1,275.88,2,1,1,211,Others,275.88,275.88,14345.76,1,52.0
12751.0,445,1,268.27,1,1,1,111,Lost Customers,268.27,268.27,13950.039999999999,1,52.0
12752.0,81,1,4366.78,3,1,4,314,Potential Loyalist,4366.78,4366.78,227072.56,1,52.0
12753.0,23,6,21429.39,4,3,4,434,Champions,21429.39,3571.565,23072.94203539823,339,6.460176991150443
12754.0,236,3,3010.74,2,2,4,224,Others,3010.74,1003.5799999999999,15262.779166666665,72,15.208333333333334
12755.0,281,11,5236.259999999999,2,4,4,244,Others,5236.259999999999,476.0236363636363,4627.687409200968,413,9.721549636803875
12756.0,87,1,112.07999999999998,3,1,1,311,Potential Loyalist,112.07999999999998,112.07999999999998,5828.159999999999,1,52.0
12757.0,16,13,7834.650000000001,4,4,4,444,Champions,7834.650000000001,602.6653846153847,14664.857692307694,195,24.333333333333332
12758.0,117,7,9903.24,2,3,4,234,Others,9903.24,1414.7485714285715,5820.744927536231,621,4.114331723027375
12759.0,52,8,5020.74,3,4,4,344,Champions,5020.74,627.5925,2683.1187408491946,683,4.2752562225475845
12760.0,456,1,347.8,1,1,2,112,Lost Customers,347.8,347.8,18085.600000000002,1,52.0
12761.0,458,2,782.95,1,2,2,122,Others,782.95,391.475,20356.7,7,52.0
12762.0,8,2,1898.52,4,2,3,423,Potential Loyalist,1898.52,949.26,40762.34117647058,17,42.94117647058823
12763.0,138,2,494.08,2,2,2,222,Others,494.08,247.04,784.0834782608696,230,3.173913043478261
12764.0,317,1,1693.88,2,1,3,213,Others,1693.88,1693.88,88081.76000000001,1,52.0
12765.0,472,6,1404.58,1,3,3,133,At Risk,1404.58,234.09666666666666,3033.560355029586,169,12.958579881656805
12766.0,4,9,8918.99,4,4,4,444,Champions,8918.99,990.9988888888888,8077.993424317618,403,8.15136476426799
12767.0,376,1,949.82,2,1,3,213,Others,949.82,949.82,49390.64,1,52.0
12768.0,451,1,168.69000000000003,1,1,1,111,Lost Customers,168.69000000000003,168.69000000000003,8771.880000000001,1,52.0
12769.0,239,1,1143.6,2,1,3,213,Others,1143.6,1143.6,59467.2,1,52.0
12770.0,211,2,3246.45,2,2,4,224,Others,3246.45,1623.225,4836.547959183673,245,2.9795918367346936
12771.0,486,1,282.3,1,1,1,111,Lost Customers,282.3,282.3,14679.6,1,52.0
12772.0,60,1,892.47,3,1,3,313,Potential Loyalist,892.47,892.47,46408.44,1,52.0
12773.0,564,1,124.25,1,1,1,111,Lost Customers,124.25,124.25,6461.0,1,52.0
12774.0,536,1,98.7,1,1,1,111,Lost Customers,98.7,98.7,5132.400000000001,1,52.0
12775.0,17,7,1686.12,4,3,3,433,Loyal Customers,1686.12,240.8742857142857,1569.984183673469,392,6.517857142857142
12776.0,668,1,55.5,1,1,1,111,Lost Customers,55.5,55.5,2886.0,1,52.0
12777.0,458,1,519.45,1,1,2,112,Lost Customers,519.45,519.45,27011.4,1,52.0
12778.0,20,9,1775.68,4,4,3,443,Champions,1775.68,197.29777777777778,1111.7036020583191,583,5.634648370497427
12779.0,38,14,6474.11,3,4,4,344,Champions,6474.11,462.43642857142856,3380.615379113018,699,7.310443490701001
12780.0,599,1,337.4,1,1,1,111,Lost Customers,337.4,337.4,17544.8,1,52.0
12781.0,64,2,826.74,3,2,2,322,Potential Loyalist,826.74,413.37,1365.4303167420815,221,3.30316742081448
12782.0,5,11,4618.24,4,4,4,444,Champions,4618.24,419.84,3279.489494163424,514,7.811284046692607
12783.0,2,6,2225.91,4,3,3,433,Loyal Customers,2225.91,370.98499999999996,11129.55,73,30.0
12784.0,9,3,1763.15,4,2,3,423,Potential Loyalist,1763.15,587.7166666666667,1237.5956730769233,520,2.105769230769231
12785.0,364,3,1100.4,2,2,3,223,Others,1100.4,366.8,1097.3934426229507,366,2.9918032786885242
12786.0,610,1,728.5,1,1,2,112,Lost Customers,728.5,728.5,37882.0,1,52.0
12787.0,10,4,862.18,4,3,2,432,Loyal Customers,862.18,215.545,780.8826302729528,403,3.6228287841191067
12788.0,463,4,444.9,1,3,2,132,At Risk,444.9,111.225,2498.2846153846153,65,22.461538461538463
12789.0,65,3,273.35,3,2,1,321,Potential Loyalist,273.35,91.11666666666667,158.8738057324841,628,1.7436305732484076
12790.0,192,2,591.85,2,2,2,222,Others,591.85,295.925,990.941513761468,218,3.3486238532110093
12791.0,374,6,863.51,2,3,2,232,Others,863.51,143.91833333333332,1260.7245999999998,250,8.76
12792.0,257,2,827.01,2,2,2,222,Others,827.01,413.505,1085.8224820143885,278,2.6258992805755397
12793.0,335,3,885.53,2,2,3,223,Others,885.53,295.1766666666667,4897.249242424242,66,16.59090909090909
12794.0,53,2,860.41,3,2,2,322,Potential Loyalist,860.41,430.205,6978.881111111111,45,16.22222222222222
12795.0,19,1,430.48,4,1,2,412,Potential Loyalist,430.48,430.48,22384.96,1,52.0
12796.0,628,1,381.0,1,1,2,112,Lost Customers,381.0,381.0,19812.0,1,52.0
12797.0,366,2,552.08,2,2,2,222,Others,552.08,276.04,3474.2965517241378,58,12.586206896551722
12798.0,10,4,8510.93,4,3,4,434,Champions,8510.93,2127.7325,7558.368491484185,411,3.5523114355231145
12799.0,529,1,219.35,1,1,1,111,Lost Customers,219.35,219.35,11406.199999999999,1,52.0
12800.0,470,3,584.25,1,2,2,122,Others,584.25,194.75,1035.2002427184466,206,5.315533980582524
12801.0,501,1,1071.82,1,1,3,113,Lost Customers,1071.82,1071.82,55734.64,1,52.0
12802.0,187,7,2416.42,2,3,4,234,Others,2416.42,345.20285714285717,2339.504774535809,377,6.777188328912466
12803.0,393,1,1092.81,1,1,3,113,Lost Customers,1092.81,1092.81,56826.119999999995,1,52.0
12804.0,466,2,325.37,1,2,1,121,Others,325.37,162.685,3492.9426470588232,34,21.470588235294116
12805.0,382,4,1434.95,1,3,3,133,At Risk,1434.95,358.7375,1787.565699658703,293,4.982935153583617
12806.0,435,4,2878.96,1,3,4,134,At Risk,2878.96,719.74,6868.107189542484,153,9.542483660130719
12807.0,383,1,330.35,1,1,1,111,Lost Customers,330.35,330.35,17178.2,1,52.0
12808.0,37,5,776.7,3,3,2,332,Others,776.7,155.34,667.0482352941176,425,4.294117647058823
12809.0,178,3,1755.94,2,2,3,223,Others,1755.94,585.3133333333334,1366.5631130063969,469,2.3347547974413647
12810.0,535,2,534.99,1,2,2,122,Others,534.99,267.495,1375.150352112676,142,5.140845070422535
12811.0,261,5,1033.9,2,3,3,233,Others,1033.9,206.78000000000003,2273.3343373493976,166,10.993975903614457
12812.0,45,1,229.64000000000001,3,1,1,311,Potential Loyalist,229.64000000000001,229.64000000000001,11941.28,1,52.0
12813.0,502,3,1687.8,1,2,3,123,Others,1687.8,562.6,3225.3769633507854,191,5.732984293193717
12814.0,102,1,125.92,2,1,1,211,Others,125.92,125.92,6547.84,1,52.0
12815.0,148,2,1063.46,2,2,3,223,Others,1063.46,531.73,7763.258000000001,50,14.600000000000001
12816.0,96,2,572.2,3,2,2,322,Potential Loyalist,572.2,286.1,2610.6625000000004,80,9.125
12817.0,281,3,690.98,2,2,2,222,Others,690.98,230.32666666666668,1648.4163398692813,153,7.1568627450980395
12818.0,262,1,1542.08,2,1,3,213,Others,1542.08,1542.08,80188.16,1,52.0
12819.0,458,1,540.52,1,1,2,112,Lost Customers,540.52,540.52,28107.04,1,52.0
12820.0,3,11,2689.52,4,4,4,444,Champions,2689.52,244.50181818181818,1342.9203830369356,731,5.492476060191518
12821.0,214,2,220.8,2,2,1,221,Others,220.8,110.4,203.00251889168766,397,1.8387909319899243
12822.0,71,2,948.88,3,2,3,323,Potential Loyalist,948.88,474.44,21646.325,16,45.625
12823.0,75,18,6501.5,3,4,4,344,Champions,6501.5,361.19444444444446,3928.8865894039736,604,10.87748344370861
12824.0,60,1,397.12,3,1,2,312,Potential Loyalist,397.12,397.12,20650.24,1,52.0
12825.0,521,2,518.63,1,2,2,122,Others,518.63,259.315,1577.4995833333335,120,6.083333333333334
12826.0,3,12,2800.75,4,4,4,444,Champions,2800.75,233.39583333333334,1423.7795961002787,718,6.100278551532034
12827.0,6,3,430.15000000000003,4,2,2,422,Potential Loyalist,430.15000000000003,143.38333333333335,4131.703947368422,38,28.81578947368421
12828.0,3,6,1018.71,4,3,3,433,Loyal Customers,1018.71,169.785,2927.788582677165,127,17.244094488188974
12829.0,337,3,385.3,2,2,2,222,Others,385.3,128.43333333333334,660.255868544601,213,5.140845070422535
12830.0,38,6,6814.64,3,3,4,334,Others,6814.64,1135.7733333333333,18562.265671641788,134,16.34328358208955
12831.0,262,3,451.11,2,2,2,222,Others,451.11,150.37,823.2757500000001,200,5.4750000000000005
12832.0,32,2,383.03,3,2,2,322,Potential Loyalist,383.03,191.515,2150.860769230769,65,11.230769230769232
12833.0,145,1,417.38,2,1,2,212,Others,417.38,417.38,21703.76,1,52.0
12834.0,283,1,312.38,2,1,1,211,Others,312.38,312.38,16243.76,1,52.0
12835.0,428,41,5996.83,1,4,4,144,At Risk,5996.83,146.2641463414634,7106.632954545454,308,48.58766233766234
12836.0,59,15,6559.7300000000005,3,4,4,344,Champions,6559.7300000000005,437.31533333333334,3526.2171575846833,679,8.063328424153166
12837.0,173,2,662.66,2,2,2,222,Others,662.66,331.33,610.785101010101,396,1.8434343434343434
12838.0,34,10,2975.91,3,4,4,344,Champions,2975.91,297.591,1943.1254919499106,559,6.529516994633274
12839.0,3,26,9669.12,4,4,4,444,Champions,9669.12,371.8892307692308,4834.56,730,13.0
12840.0,144,7,4041.97,2,3,4,234,Others,4041.97,577.4242857142857,2783.6208490566037,530,4.820754716981132
12841.0,5,40,6958.2,4,4,4,444,Champions,6958.2,173.95499999999998,4941.134241245136,514,28.404669260700388
12842.0,70,4,1917.99,3,3,3,333,Others,1917.99,479.4975,1049.5747376311845,667,2.188905547226387
12843.0,66,30,6583.36,3,4,4,344,Champions,6583.36,219.4453333333333,3635.2895612708016,661,16.565809379727686
12844.0,29,4,648.6,3,3,2,332,Others,648.6,162.15,419.74999999999994,564,2.588652482269503
12845.0,267,4,354.09,2,3,2,232,Others,354.09,88.5225,4603.17,22,52.0
12846.0,682,1,15.58,1,1,1,111,Lost Customers,15.58,15.58,810.16,1,52.0
12847.0,22,2,1609.0,4,2,3,423,Potential Loyalist,1609.0,804.5,1609.0,365,2.0
12848.0,676,1,208.0,1,1,1,111,Lost Customers,208.0,208.0,10816.0,1,52.0
12849.0,31,6,3042.47,3,3,4,334,Others,3042.47,507.0783333333333,1986.5859570661896,559,3.9177101967799643
12850.0,446,1,330.0,1,1,1,111,Lost Customers,330.0,330.0,17160.0,1,52.0
12851.0,97,2,280.76,2,2,1,221,Others,280.76,140.38,269.6773684210527,380,1.9210526315789476
12852.0,295,1,311.55,2,1,1,211,Others,311.55,311.55,16200.6,1,52.0
12853.0,135,11,3907.5,2,4,4,244,Others,3907.5,355.22727272727275,2655.935754189944,537,7.476722532588454
12854.0,79,7,2970.9700000000003,3,3,4,334,Others,2970.9700000000003,424.42428571428576,1670.8845146379047,649,3.9368258859784286
12855.0,373,4,612.84,2,3,2,232,Others,612.84,153.21,7713.331034482758,29,50.34482758620689
12856.0,8,6,2170.78,4,3,3,433,Loyal Customers,2170.78,361.7966666666667,14406.085454545455,55,39.81818181818182
12857.0,211,6,3688.0,2,3,4,234,Others,3688.0,614.6666666666666,2851.9491525423728,472,4.639830508474576
12858.0,383,1,147.27,1,1,1,111,Lost Customers,147.27,147.27,7658.040000000001,1,52.0
12859.0,459,1,575.1,1,1,2,112,Lost Customers,575.1,575.1,29905.2,1,52.0
12860.0,693,1,54.22,1,1,1,111,Lost Customers,54.22,54.22,2819.44,1,52.0
12861.0,620,1,68.25,1,1,1,111,Lost Customers,68.25,68.25,3549.0,1,52.0
12862.0,426,2,984.62,1,2,3,123,Others,984.62,492.31,5208.497101449276,69,10.579710144927537
12863.0,52,6,2792.5499999999997,3,3,4,334,Others,2792.5499999999997,465.42499999999995,1898.1019553072622,537,4.078212290502793
12864.0,138,2,299.57,2,2,1,221,Others,299.57,149.785,296.3226287262873,369,1.978319783197832
12865.0,26,4,3323.47,4,3,4,434,Champions,3323.47,830.8675,2695.7034444444444,450,3.2444444444444445
12866.0,283,3,1227.35,2,2,3,223,Others,1227.35,409.1166666666666,2045.583333333333,219,5.0
12867.0,26,13,7829.26,4,4,4,444,Champions,7829.26,602.2507692307693,4105.861925287357,696,6.817528735632184
12868.0,186,8,2043.76,2,4,3,243,Others,2043.76,255.47,3603.7314009661836,207,14.106280193236715
12869.0,682,1,337.66999999999996,1,1,1,111,Lost Customers,337.66999999999996,337.66999999999996,17558.839999999997,1,52.0
12870.0,375,3,1676.95,2,2,3,223,Others,1676.95,558.9833333333333,2468.091733870968,248,4.415322580645161
12871.0,84,3,744.02,3,2,2,322,Potential Loyalist,744.02,248.00666666666666,764.9783098591549,355,3.084507042253521
12872.0,327,12,3283.96,2,4,4,244,Others,3283.96,273.66333333333336,2930.673349633252,409,10.709046454767726
12873.0,282,3,2027.3,2,2,3,223,Others,2027.3,675.7666666666667,1854.547619047619,399,2.744360902255639
12874.0,385,2,948.42,1,2,3,123,Others,948.42,474.21,2048.362721893491,169,4.319526627218935
12875.0,143,5,1356.99,2,3,3,233,Others,1356.99,271.398,894.0457581227438,554,3.2942238267148016
12876.0,58,4,4081.79,3,3,4,334,Others,4081.79,1020.4475,2800.476221804511,532,2.744360902255639
12877.0,4,20,2942.14,4,4,4,444,Champions,2942.14,147.107,1563.145705967977,687,10.625909752547308
12878.0,236,2,854.99,2,2,2,222,Others,854.99,427.495,10761.081034482757,29,25.172413793103445
12879.0,45,3,573.22,3,2,2,322,Potential Loyalist,573.22,191.07333333333335,4451.602127659575,47,23.29787234042553
12880.0,382,2,640.13,1,2,2,122,Others,640.13,320.065,1216.9138020833336,192,3.802083333333334
12881.0,276,1,298.0,2,1,1,211,Others,298.0,298.0,15496.0,1,52.0
12882.0,9,2,1463.04,4,2,3,423,Potential Loyalist,1463.04,731.52,22250.4,24,30.41666666666667
12883.0,25,4,703.47,4,3,2,432,Loyal Customers,703.47,175.8675,4011.9773437500003,64,22.8125
12884.0,88,1,309.05,3,1,1,311,Potential Loyalist,309.05,309.05,16070.6,1,52.0
12885.0,63,3,1175.22,3,2,3,323,Potential Loyalist,1175.22,391.74,7149.255,60,18.25
12886.0,68,2,1378.4,3,2,3,323,Potential Loyalist,1378.4,689.2,3331.8940397350993,151,4.834437086092715
12887.0,384,1,222.4,1,1,1,111,Lost Customers,222.4,222.4,11564.800000000001,1,52.0
12888.0,214,2,354.12,2,2,2,222,Others,354.12,177.06,3152.531707317073,41,17.804878048780488
12889.0,381,4,385.46000000000004,1,3,2,132,At Risk,385.46000000000004,96.36500000000001,1162.7512396694215,121,12.066115702479339
12890.0,24,2,706.02,4,2,2,422,Potential Loyalist,706.02,353.01,709.9099173553719,363,2.0110192837465566
12891.0,186,11,840.5,2,4,2,242,Others,840.5,76.4090909090909,648.5887949260043,473,8.488372093023257
12892.0,397,1,263.38,1,1,1,111,Lost Customers,263.38,263.38,13695.76,1,52.0
12893.0,31,1,176.55,3,1,1,311,Potential Loyalist,176.55,176.55,9180.6,1,52.0
12894.0,575,1,157.35,1,1,1,111,Lost Customers,157.35,157.35,8182.2,1,52.0
12895.0,42,2,372.8,3,2,2,322,Potential Loyalist,372.8,186.4,3092.5454545454545,44,16.59090909090909
12897.0,205,4,514.25,2,3,2,232,Others,514.25,128.5625,553.6910029498525,339,4.3067846607669615
12898.0,464,2,296.21000000000004,1,2,1,121,Others,296.21000000000004,148.10500000000002,554.444358974359,195,3.7435897435897436
12899.0,414,1,366.4,1,1,2,112,Lost Customers,366.4,366.4,19052.8,1,52.0
12900.0,422,1,340.33,1,1,1,111,Lost Customers,340.33,340.33,17697.16,1,52.0
12901.0,9,28,17654.54,4,4,4,444,Champions,17654.54,630.5192857142857,24689.299233716476,261,39.157088122605366
12902.0,265,1,138.68,2,1,1,211,Others,138.68,138.68,7211.360000000001,1,52.0
12903.0,429,1,833.53,1,1,2,112,Lost Customers,833.53,833.53,43343.56,1,52.0
12904.0,18,2,496.06,4,2,2,422,Potential Loyalist,496.06,248.03,1175.7266233766234,154,4.740259740259741
12905.0,577,2,1018.42,1,2,3,123,Others,1018.42,509.21,3540.2219047619046,105,6.9523809523809526
12906.0,12,5,2919.81,4,3,4,434,Champions,2919.81,583.962,16147.434090909092,66,27.651515151515152
12907.0,396,2,508.91,1,2,2,122,Others,508.91,254.455,1895.4301020408163,98,7.448979591836735
12908.0,176,5,1776.0,2,3,3,233,Others,1776.0,355.2,1430.9933774834437,453,4.02869757174393
12909.0,40,8,3103.19,3,4,4,344,Champions,3103.19,387.89875,1844.7302117263846,614,4.755700325732899
12910.0,23,13,5796.52,4,4,4,444,Champions,5796.52,445.8861538461539,3538.009698996656,598,7.934782608695652
12911.0,552,1,1651.72,1,1,3,113,Lost Customers,1651.72,1651.72,85889.44,1,52.0
12912.0,3,5,1662.3,4,3,3,433,Loyal Customers,1662.3,332.46,16398.364864864863,37,49.32432432432432
12913.0,5,13,6283.24,4,4,4,444,Champions,6283.24,483.32615384615383,3128.76207366985,733,6.473396998635744
12914.0,401,1,223.98,1,1,1,111,Lost Customers,223.98,223.98,11646.96,1,52.0
12915.0,149,4,975.1,2,3,3,233,Others,975.1,243.775,808.8897727272728,440,3.3181818181818183
12916.0,139,7,4479.73,2,3,4,234,Others,4479.73,639.9614285714285,3000.1861467889903,545,4.6880733944954125
12917.0,128,6,4359.2,2,3,4,234,Others,4359.2,726.5333333333333,2643.036544850498,602,3.6378737541528237
12918.0,626,1,10953.5,1,1,4,114,Lost Customers,10953.5,10953.5,569582.0,1,52.0
12919.0,8,6,1335.19,4,3,3,433,Loyal Customers,1335.19,222.53166666666667,3026.9835403726706,161,13.602484472049689
12920.0,17,4,486.64,4,3,2,432,Loyal Customers,486.64,121.66,251.23564356435645,707,2.0650636492220653
12921.0,9,74,35233.24,4,4,4,444,Champions,35233.24,476.12486486486483,17640.785459533607,729,37.05075445816187
12922.0,161,1,405.38,2,1,2,212,Others,405.38,405.38,21079.76,1,52.0
12923.0,64,3,770.42,3,2,2,322,Potential Loyalist,770.42,256.8066666666667,550.3,511,2.142857142857143
12924.0,88,12,2469.4,3,4,4,344,Champions,2469.4,205.78333333333333,1403.942367601246,642,6.822429906542055
12925.0,5,3,729.3299999999999,4,2,2,422,Potential Loyalist,729.3299999999999,243.10999999999999,452.73035714285714,588,1.8622448979591837
12926.0,411,4,1523.97,1,3,3,133,At Risk,1523.97,380.9925,1771.4937898089174,314,4.649681528662421
12927.0,395,1,197.31,1,1,1,111,Lost Customers,197.31,197.31,10260.12,1,52.0
12928.0,35,12,4304.89,3,4,4,344,Champions,4304.89,358.74083333333334,3056.9744163424125,514,8.521400778210117
12929.0,312,1,117.85,2,1,1,211,Others,117.85,117.85,6128.2,1,52.0
12930.0,78,2,415.8,3,2,2,322,Potential Loyalist,415.8,207.9,1631.9032258064517,93,7.849462365591398
12931.0,22,57,92347.34,4,4,4,444,Champions,92347.34,1620.1287719298246,47010.84951185495,717,29.01673640167364
12932.0,539,8,1698.56,1,4,3,143,At Risk,1698.56,212.32,4843.55,128,22.8125
12933.0,24,8,1636.6299999999999,4,4,3,443,Champions,1636.6299999999999,204.57874999999999,848.5368607954545,704,4.1477272727272725
12934.0,737,1,181.65,1,1,1,111,Lost Customers,181.65,181.65,9445.800000000001,1,52.0
12935.0,2,15,4243.86,4,4,4,444,Champions,4243.86,282.924,2560.345289256198,605,9.049586776859504
12936.0,17,4,1063.9,4,3,3,433,Loyal Customers,1063.9,265.975,6365.959016393443,61,23.934426229508194
12937.0,15,9,3097.61,4,4,4,444,Champions,3097.61,344.1788888888889,1570.3161805555555,720,4.5625
12938.0,26,1,114.14,4,1,1,411,Potential Loyalist,114.14,114.14,5935.28,1,52.0
12939.0,64,20,25264.8,3,4,4,344,Champions,25264.8,1263.24,14591.221518987342,632,11.550632911392405
12940.0,55,2,899.69,3,2,3,323,Potential Loyalist,899.69,449.845,9951.116666666667,33,22.12121212121212
12941.0,724,1,377.49,1,1,2,112,Lost Customers,377.49,377.49,19629.48,1,52.0
12942.0,131,3,675.6,2,2,2,222,Others,675.6,225.20000000000002,1053.8205128205127,234,4.679487179487179
12943.0,558,2,496.5,1,2,2,122,Others,496.5,248.25,3855.7978723404253,47,15.53191489361702
12944.0,36,2,604.51,3,2,2,322,Potential Loyalist,604.51,302.255,691.6807210031349,319,2.2884012539184955
12945.0,288,2,900.11,2,2,3,223,Others,900.11,450.055,895.2047683923706,367,1.9891008174386922
12946.0,437,1,324.45,1,1,1,111,Lost Customers,324.45,324.45,16871.399999999998,1,52.0
12947.0,144,6,1603.99,2,3,3,233,Others,1603.99,267.33166666666665,2556.5779475982536,229,9.563318777292578
12948.0,16,9,2317.43,4,4,4,444,Champions,2317.43,257.4922222222222,1173.1788488210818,721,4.55617198335645
12949.0,31,22,15526.7,3,4,4,344,Champions,15526.7,705.7590909090909,8038.64609929078,705,11.390070921985815
12950.0,2,3,1843.0,4,2,3,423,Potential Loyalist,1843.0,614.3333333333334,31945.333333333336,21,52.0
12951.0,9,15,3213.7200000000003,4,4,4,444,Champions,3213.7200000000003,214.24800000000002,1702.4786647314952,689,7.946298984034834
12952.0,6,4,1387.79,4,3,3,433,Loyal Customers,1387.79,346.9475,7035.324305555556,72,20.27777777777778
12953.0,10,2,828.8100000000001,4,2,2,422,Potential Loyalist,828.8100000000001,414.40500000000003,590.85087890625,512,1.42578125
12954.0,639,1,162.45,1,1,1,111,Lost Customers,162.45,162.45,8447.4,1,52.0
12955.0,1,11,4757.16,4,4,4,444,Champions,4757.16,432.4690909090909,6527.681954887217,266,15.093984962406015
12956.0,306,4,521.89,2,3,2,232,Others,521.89,130.4725,456.8101918465227,417,3.5011990407673856
12957.0,10,13,8706.97,4,4,4,444,Champions,8706.97,669.766923076923,4426.245194986072,718,6.608635097493036
12958.0,400,2,467.34,1,2,2,122,Others,467.34,233.67,937.2478021978021,182,4.010989010989011
12959.0,484,1,150.95,1,1,1,111,Lost Customers,150.95,150.95,7849.4,1,52.0
12960.0,414,4,1322.07,1,3,3,133,At Risk,1322.07,330.5175,1953.666194331984,247,5.910931174089069
12961.0,379,1,211.99,2,1,1,211,Others,211.99,211.99,11023.48,1,52.0
12962.0,7,2,266.39,4,2,1,421,Potential Loyalist,266.39,133.195,917.286320754717,106,6.886792452830189
12963.0,8,12,3235.79,4,4,4,444,Champions,3235.79,269.64916666666664,2315.8104901960783,510,8.588235294117647
12964.0,437,1,132.24,1,1,1,111,Lost Customers,132.24,132.24,6876.4800000000005,1,52.0
12965.0,89,1,769.8100000000001,3,1,2,312,Potential Loyalist,769.8100000000001,769.8100000000001,40030.12,1,52.0
12966.0,10,1,160.18,4,1,1,411,Potential Loyalist,160.18,160.18,8329.36,1,52.0
12967.0,358,3,2938.52,2,2,4,224,Others,2938.52,979.5066666666667,42902.39200000001,25,43.800000000000004
12968.0,112,1,135.95,2,1,1,211,Others,135.95,135.95,7069.4,1,52.0
12969.0,603,1,122.45,1,1,1,111,Lost Customers,122.45,122.45,6367.400000000001,1,52.0
12970.0,7,10,1453.6,4,4,3,443,Champions,1453.6,145.35999999999999,728.7967032967032,728,5.013736263736264
12971.0,4,116,15704.6,4,4,4,444,Champions,15704.6,135.3844827586207,7039.993103448276,720,52.0
12972.0,414,4,1161.2,1,3,3,133,At Risk,1161.2,290.3,1715.9433198380568,247,5.910931174089069
12973.0,414,1,385.55,1,1,2,112,Lost Customers,385.55,385.55,20048.600000000002,1,52.0
12974.0,198,2,408.95,2,2,2,222,Others,408.95,204.475,406.7213896457766,367,1.9891008174386922
12975.0,437,6,2100.09,1,3,3,133,At Risk,2100.09,350.01500000000004,2589.638006756757,296,7.398648648648648
12976.0,212,8,3156.38,2,4,4,244,Others,3156.38,394.5475,2543.220088300221,453,6.445916114790288
12977.0,156,4,513.88,2,3,2,232,Others,513.88,128.47,528.3554929577465,355,4.112676056338028
12978.0,385,5,2502.82,1,3,4,134,At Risk,2502.82,500.564,2655.608430232558,344,5.305232558139535
12979.0,729,1,517.7,1,1,2,112,Lost Customers,517.7,517.7,26920.4,1,52.0
12980.0,158,21,16245.78,2,4,4,244,Others,16245.78,773.6085714285715,10241.29481865285,579,13.238341968911916
12981.0,30,2,372.21999999999997,3,2,2,322,Potential Loyalist,372.21999999999997,186.10999999999999,1319.0320388349512,103,7.0873786407766985
12982.0,243,8,2744.81,2,4,4,244,Others,2744.81,343.10125,2759.9329201101928,363,8.044077134986226
12983.0,598,1,490.08000000000004,1,1,2,112,Lost Customers,490.08000000000004,490.08000000000004,25484.160000000003,1,52.0
12984.0,19,1,97.5,4,1,1,411,Potential Loyalist,97.5,97.5,5070.0,1,52.0
12985.0,1,2,1239.38,4,2,3,423,Potential Loyalist,1239.38,619.69,16754.581481481484,27,27.037037037037038
12986.0,429,10,2729.84,1,4,4,144,At Risk,2729.84,272.98400000000004,3847.071814671815,259,14.092664092664092
12987.0,74,5,1312.21,3,3,3,333,Others,1312.21,262.442,778.7913008130081,615,2.967479674796748
12988.0,292,1,505.82,2,1,2,212,Others,505.82,505.82,26302.64,1,52.0
12989.0,3,33,13551.75,4,4,4,444,Champions,13551.75,410.65909090909093,6813.207644628099,726,16.59090909090909
12990.0,31,7,955.5,3,3,3,333,Others,955.5,136.5,593.125,588,4.345238095238095
12991.0,23,3,764.82,4,2,2,422,Potential Loyalist,764.82,254.94000000000003,762.7303278688524,366,2.9918032786885242
12992.0,725,1,93.35000000000001,1,1,1,111,Lost Customers,93.35000000000001,93.35000000000001,4854.200000000001,1,52.0
12993.0,23,8,1259.6299999999999,4,4,3,443,Champions,1259.6299999999999,157.45374999999999,722.9008647798742,636,4.591194968553459
12994.0,4,3,974.4200000000001,4,2,3,423,Potential Loyalist,974.4200000000001,324.8066666666667,1347.2094696969696,264,4.1477272727272725
12995.0,85,1,211.32,3,1,1,311,Potential Loyalist,211.32,211.32,10988.64,1,52.0
12996.0,376,1,355.5,2,1,2,212,Others,355.5,355.5,18486.0,1,52.0
12997.0,22,8,2110.91,4,4,3,443,Champions,2110.91,263.86375,1305.9019491525423,590,4.9491525423728815
12998.0,493,3,920.08,1,2,3,123,Others,920.08,306.6933333333333,2098.9325,160,6.84375
12999.0,196,3,455.88,2,2,2,222,Others,455.88,151.96,3395.840816326531,49,22.346938775510203
13000.0,107,4,1032.5,2,3,3,233,Others,1032.5,258.125,609.8098705501618,618,2.3624595469255665
13001.0,4,33,24042.65,4,4,4,444,Champions,24042.65,728.5651515151516,12004.87995896033,731,16.477428180574556
13002.0,318,3,414.13,2,2,2,222,Others,414.13,138.04333333333332,1303.081465517241,116,9.439655172413792
13003.0,106,3,149.05,2,2,1,221,Others,149.05,49.68333333333334,499.112385321101,109,10.045871559633028
13004.0,12,36,11650.85,4,4,4,444,Champions,11650.85,323.63472222222225,5964.32012622721,713,18.429172510518935
13005.0,174,4,999.68,2,3,3,233,Others,999.68,249.92,1289.3399293286218,283,5.159010600706713
13006.0,56,1,81.57,3,1,1,311,Potential Loyalist,81.57,81.57,4241.639999999999,1,52.0
13007.0,580,1,175.25,1,1,1,111,Lost Customers,175.25,175.25,9113.0,1,52.0
13008.0,323,3,612.13,2,2,2,222,Others,612.13,204.04333333333332,559.9685463659148,399,2.744360902255639
13009.0,673,1,234.0,1,1,1,111,Lost Customers,234.0,234.0,12168.0,1,52.0
13010.0,374,2,330.12,2,2,1,221,Others,330.12,165.06,439.7583941605839,274,2.6642335766423355
13011.0,372,1,50.550000000000004,2,1,1,211,Others,50.550000000000004,50.550000000000004,2628.6000000000004,1,52.0
13012.0,9,11,2957.83,4,4,4,444,Champions,2957.83,268.89363636363635,1854.9964776632303,582,6.898625429553265
13013.0,1,29,11097.43,4,4,4,444,Champions,11097.43,382.67,5594.698825966851,724,14.620165745856353
13014.0,11,11,5381.08,4,4,4,444,Champions,5381.08,489.1890909090909,4654.251658767773,422,9.514218009478673
13015.0,53,11,6579.78,3,4,4,344,Champions,6579.78,598.1618181818181,4374.534972677596,549,7.313296903460838
13016.0,73,3,789.89,3,2,2,322,Potential Loyalist,789.89,263.2966666666667,5883.874489795919,49,22.346938775510203
13017.0,7,1,204.0,4,1,1,411,Potential Loyalist,204.0,204.0,10608.0,1,52.0
13018.0,16,35,9763.16,4,4,4,444,Champions,9763.16,278.9474285714286,5638.533860759494,632,20.213607594936708
13019.0,379,6,1229.95,2,3,3,233,Others,1229.95,204.99166666666667,1271.7613314447592,353,6.203966005665722
13020.0,563,2,618.96,1,2,2,122,Others,618.96,309.48,2329.076288659794,97,7.525773195876289
13021.0,4,17,4887.24,4,4,4,444,Champions,4887.24,287.48470588235296,2443.62,730,8.5
13022.0,430,1,65.3,1,1,1,111,Lost Customers,65.3,65.3,3395.6,1,52.0
13023.0,64,3,1449.03,3,2,3,323,Potential Loyalist,1449.03,483.01,1139.8619612068965,464,2.359913793103448
13024.0,471,2,555.87,1,2,2,122,Others,555.87,277.935,1827.8608108108106,111,6.576576576576576
13025.0,732,1,323.39,1,1,1,111,Lost Customers,323.39,323.39,16816.28,1,52.0
13026.0,1,9,1733.08,4,4,3,443,Champions,1733.08,192.56444444444443,872.5161379310345,725,4.531034482758621
13027.0,114,19,17239.2,2,4,4,244,Others,17239.2,907.3263157894737,10962.20905923345,574,12.081881533101045
13028.0,23,2,661.3199999999999,4,2,2,422,Potential Loyalist,661.3199999999999,330.65999999999997,10971.899999999998,22,33.18181818181818
13029.0,31,5,1927.3,3,3,3,333,Others,1927.3,385.46,1429.8058943089432,492,3.709349593495935
13030.0,11,2,752.4399999999999,4,2,2,422,Potential Loyalist,752.4399999999999,376.21999999999997,771.4623595505618,356,2.0505617977528092
13031.0,407,5,3292.84,1,3,4,134,At Risk,3292.84,658.568,8176.099319727891,147,12.414965986394558
13032.0,52,9,2815.96,3,4,4,344,Champions,2815.96,312.88444444444445,2519.1799019607843,408,8.051470588235293
13033.0,357,2,220.55,2,2,1,221,Others,220.55,110.275,1118.0659722222224,72,10.13888888888889
13034.0,55,3,756.82,3,2,2,322,Potential Loyalist,756.82,252.27333333333334,798.3794797687862,346,3.1647398843930636
13035.0,74,3,1364.2,3,2,3,323,Potential Loyalist,1364.2,454.73333333333335,1394.7703081232494,357,3.0672268907563027
13036.0,685,1,307.1,1,1,1,111,Lost Customers,307.1,307.1,15969.2,1,52.0
13037.0,138,12,3914.9500000000003,2,4,4,244,Others,3914.9500000000003,326.24583333333334,2393.5623953098825,597,7.3366834170854265
13038.0,80,3,908.46,3,2,3,323,Potential Loyalist,908.46,302.82,1578.99,210,5.214285714285714
13039.0,584,4,1010.73,1,3,3,133,At Risk,1010.73,252.6825,2673.3076086956526,138,10.579710144927537
13040.0,9,2,676.99,4,2,2,422,Potential Loyalist,676.99,338.495,10295.889583333335,24,30.41666666666667
13041.0,451,4,799.13,1,3,2,132,At Risk,799.13,199.7825,2098.434892086331,139,10.503597122302159
13042.0,598,3,1488.59,1,2,3,123,Others,1488.59,496.19666666666666,4085.228195488721,133,8.233082706766917
13043.0,273,1,516.42,2,1,2,212,Others,516.42,516.42,26853.839999999997,1,52.0
13044.0,291,11,4848.05,2,4,4,244,Others,4848.05,440.7318181818182,4326.499388753056,409,9.816625916870416
13045.0,99,3,808.92,2,2,2,222,Others,808.92,269.64,762.9348837209302,387,2.8294573643410854
13046.0,31,3,949.25,3,2,3,323,Potential Loyalist,949.25,316.4166666666667,815.2382352941178,425,2.5764705882352943
13047.0,32,24,8428.53,3,4,4,344,Champions,8428.53,351.18875,4445.684176300579,692,12.658959537572255
13048.0,14,9,4049.13,4,4,4,444,Champions,4049.13,449.90333333333336,2215.7907796101954,667,4.925037481259371
13049.0,64,4,1408.24,3,3,3,333,Others,1408.24,352.06,1529.7845238095238,336,4.345238095238095
13050.0,15,35,11986.52,4,4,4,444,Champions,11986.52,342.47200000000004,6170.775458392102,709,18.01833568406206
13051.0,579,2,155.8,1,2,1,121,Others,155.8,77.9,1421.6750000000002,40,18.25
13052.0,212,7,3119.33,2,3,4,234,Others,3119.33,445.61857142857144,2575.917307692308,442,5.78054298642534
13053.0,622,1,127.65,1,1,1,111,Lost Customers,127.65,127.65,6637.8,1,52.0
13055.0,78,4,2321.11,3,3,4,334,Others,2321.11,580.2775,2413.689886039886,351,4.15954415954416
13056.0,551,1,209.48,1,1,1,111,Lost Customers,209.48,209.48,10892.96,1,52.0
13057.0,530,3,709.59,1,2,2,122,Others,709.59,236.53,2564.3599009900995,101,10.841584158415843
13058.0,25,3,271.40000000000003,4,2,1,421,Potential Loyalist,271.40000000000003,90.46666666666668,780.007874015748,127,8.622047244094487
13059.0,250,10,2291.77,2,4,4,244,Others,2291.77,229.177,2273.087092391304,368,9.918478260869565
13060.0,254,1,307.53,2,1,1,211,Others,307.53,307.53,15991.559999999998,1,52.0
13061.0,72,1,248.61,3,1,1,311,Potential Loyalist,248.61,248.61,12927.720000000001,1,52.0
13062.0,191,1,346.98,2,1,2,212,Others,346.98,346.98,18042.96,1,52.0
13063.0,481,1,188.4,1,1,1,111,Lost Customers,188.4,188.4,9796.800000000001,1,52.0
13064.0,13,6,1666.8400000000001,4,3,3,433,Loyal Customers,1666.8400000000001,277.8066666666667,1050.771329879102,579,3.7823834196891193
13065.0,373,5,1055.05,2,3,3,233,Others,1055.05,211.01,2213.1795977011493,174,10.488505747126437
13066.0,24,2,470.8,4,2,2,422,Potential Loyalist,470.8,235.4,12240.800000000001,7,52.0
13067.0,82,3,508.51,3,2,2,322,Potential Loyalist,508.51,169.50333333333333,511.3117079889807,363,3.0165289256198347
13068.0,10,2,344.0,4,2,2,422,Potential Loyalist,344.0,172.0,406.34304207119743,309,2.3624595469255665
13069.0,1,38,9284.45,4,4,4,444,Champions,9284.45,244.32763157894738,6252.4432656826575,542,25.590405904059043
13070.0,192,4,751.7,2,3,2,232,Others,751.7,187.925,509.03617810760676,539,2.7087198515769946
13071.0,612,1,129.22,1,1,1,111,Lost Customers,129.22,129.22,6719.44,1,52.0
13072.0,267,1,177.15,2,1,1,211,Others,177.15,177.15,9211.800000000001,1,52.0
13073.0,411,2,418.08,1,2,2,122,Others,418.08,209.04,5869.2,26,28.076923076923077
13074.0,511,4,1378.74,1,3,3,133,At Risk,1378.74,344.685,2373.7740566037737,212,6.886792452830189
13075.0,130,1,919.61,2,1,3,213,Others,919.61,919.61,47819.72,1,52.0
13076.0,458,1,135.4,1,1,1,111,Lost Customers,135.4,135.4,7040.8,1,52.0
13077.0,1,11,2740.65,4,4,4,444,Champions,2740.65,249.15,1375.979711141678,727,5.522696011004126
13078.0,3,57,29018.06,4,4,4,444,Champions,29018.06,509.0887719298246,14410.329115646258,735,28.30612244897959
13079.0,4,6,419.18,4,3,2,432,Loyal Customers,419.18,69.86333333333333,370.4617433414044,413,5.302663438256659
13080.0,179,4,280.73,2,3,1,231,Others,280.73,70.1825,238.29406976744187,430,3.395348837209302
13081.0,12,28,56838.37,4,4,4,444,Champions,56838.37,2029.9417857142857,28853.97086230876,719,14.214186369958275
13082.0,126,21,7335.75,2,4,4,244,Others,7335.75,349.32142857142856,4530.539340101523,591,12.969543147208123
13083.0,4,3,395.43,4,2,2,422,Potential Loyalist,395.43,131.81,342.8312351543943,421,2.6009501187648456
13084.0,492,1,122.39999999999999,1,1,1,111,Lost Customers,122.39999999999999,122.39999999999999,6364.799999999999,1,52.0
13085.0,158,8,2433.28,2,4,4,244,Others,2433.28,304.16,1528.6526678141138,581,5.025817555938038
13086.0,383,1,439.33000000000004,1,1,2,112,Lost Customers,439.33000000000004,439.33000000000004,22845.160000000003,1,52.0
13087.0,726,1,313.64,1,1,1,111,Lost Customers,313.64,313.64,16309.279999999999,1,52.0
13088.0,417,1,236.11,1,1,1,111,Lost Customers,236.11,236.11,12277.720000000001,1,52.0
13089.0,3,203,113416.91,4,4,4,444,Champions,113416.91,558.7039901477833,29052.607487684734,734,52.0
13090.0,9,24,13091.74,4,4,4,444,Champions,13091.74,545.4891666666666,9852.546597938144,485,18.061855670103093
13091.0,28,3,2321.82,3,2,4,324,Potential Loyalist,2321.82,773.94,1208.936233951498,701,1.5620542082738944
13092.0,71,12,2140.28,3,4,3,343,Others,2140.28,178.35666666666668,1308.5463986599666,597,7.3366834170854265
13093.0,276,55,54144.25,2,4,4,244,Others,54144.25,984.4409090909091,42962.28532608696,460,43.641304347826086
13094.0,21,13,2209.44,4,4,3,443,Champions,2209.44,169.9569230769231,2197.399455040872,367,12.9291553133515
13095.0,71,1,74.39999999999999,3,1,1,311,Potential Loyalist,74.39999999999999,74.39999999999999,3868.7999999999997,1,52.0
13096.0,394,1,419.70000000000005,1,1,2,112,Lost Customers,419.70000000000005,419.70000000000005,21824.4,1,52.0
13097.0,33,28,13324.1,3,4,4,344,Champions,13324.1,475.8607142857143,6898.292907801419,705,14.49645390070922
13098.0,1,28,28882.44,4,4,4,444,Champions,28882.44,1031.5157142857142,33361.046202531645,316,32.34177215189874
13099.0,99,1,207.35999999999999,2,1,1,211,Others,207.35999999999999,207.35999999999999,10782.72,1,52.0
13101.0,234,4,695.4,2,3,2,232,Others,695.4,173.85,569.1053811659192,446,3.2735426008968607
13102.0,1,37,11380.1,4,4,4,444,Champions,11380.1,307.57027027027027,7161.614655172414,580,23.28448275862069
13103.0,40,3,709.64,3,2,2,322,Potential Loyalist,709.64,236.54666666666665,482.34376163873367,537,2.0391061452513966
13104.0,3,9,1709.1,4,4,3,443,Champions,1709.1,189.89999999999998,961.2041602465331,649,5.061633281972266
13105.0,436,1,72.0,1,1,1,111,Lost Customers,72.0,72.0,3744.0,1,52.0
13106.0,133,2,603.46,2,2,2,222,Others,603.46,301.73,786.6532142857144,280,2.607142857142857
13107.0,44,9,5253.07,3,4,4,344,Champions,5253.07,583.6744444444444,3048.2838632750395,629,5.222575516693164
13108.0,373,2,748.46,2,2,2,222,Others,748.46,374.23,4406.256451612904,62,11.774193548387098
13109.0,60,3,1134.03,3,2,3,323,Potential Loyalist,1134.03,378.01,843.0161914460285,491,2.230142566191446
13110.0,31,12,2957.4700000000003,3,4,4,344,Champions,2957.4700000000003,246.45583333333335,1526.8409476661952,707,6.1951909476661955
13111.0,719,1,321.88000000000005,1,1,1,111,Lost Customers,321.88000000000005,321.88000000000005,16737.760000000002,1,52.0
13112.0,541,1,20.6,1,1,1,111,Lost Customers,20.6,20.6,1071.2,1,52.0
13113.0,1,37,18230.07,4,4,4,444,Champions,18230.07,492.7045945945946,10732.218629032259,620,21.78225806451613
13114.0,731,1,234.38,1,1,1,111,Lost Customers,234.38,234.38,12187.76,1,52.0
13115.0,12,10,5494.7,4,4,4,444,Champions,5494.7,549.47,3416.6362862010224,587,6.218057921635435
13116.0,138,1,501.14,2,1,2,212,Others,501.14,501.14,26059.28,1,52.0
13117.0,22,18,2255.66,4,4,4,444,Champions,2255.66,125.31444444444443,1369.9099833610646,601,10.931780366056572
13118.0,20,9,2415.41,4,4,4,444,Champions,2415.41,268.37888888888887,2104.1161097852028,419,7.840095465393794
13119.0,669,1,134.9,1,1,1,111,Lost Customers,134.9,134.9,7014.8,1,52.0
13120.0,239,1,30.599999999999998,2,1,1,211,Others,30.599999999999998,30.599999999999998,1591.1999999999998,1,52.0
13121.0,269,1,283.73,2,1,1,211,Others,283.73,283.73,14753.960000000001,1,52.0
13122.0,94,2,922.39,3,2,3,323,Potential Loyalist,922.39,461.195,2305.975,146,5.0
13123.0,473,2,506.75,1,2,2,122,Others,506.75,253.375,3302.924107142857,56,13.035714285714285
13124.0,90,4,4641.66,3,3,4,334,Others,4641.66,1160.415,5743.070847457627,295,4.9491525423728815
13125.0,524,1,148.62,1,1,1,111,Lost Customers,148.62,148.62,7728.24,1,52.0
13126.0,5,13,3774.81,4,4,4,444,Champions,3774.81,290.37,2146.114719626168,642,7.390965732087227
13127.0,78,1,259.17,3,1,1,311,Potential Loyalist,259.17,259.17,13476.84,1,52.0
13128.0,631,1,263.5,1,1,1,111,Lost Customers,263.5,263.5,13702.0,1,52.0
13129.0,452,2,233.25,1,2,1,121,Others,233.25,116.625,1105.6655844155846,77,9.480519480519481
13130.0,94,1,64.0,3,1,1,311,Potential Loyalist,64.0,64.0,3328.0,1,52.0
13131.0,23,7,3313.77,4,3,4,434,Champions,3313.77,473.3957142857143,1875.2341860465117,645,3.9612403100775193
13132.0,262,1,77.3,2,1,1,211,Others,77.3,77.3,4019.6,1,52.0
13133.0,274,3,200.45000000000002,2,2,1,221,Others,200.45000000000002,66.81666666666668,395.48243243243246,185,5.918918918918918
13134.0,86,6,2475.23,3,3,4,334,Others,2475.23,412.53833333333336,2737.754393939394,330,6.636363636363637
13135.0,197,2,3371.45,2,2,4,224,Others,3371.45,1685.725,4185.643707482993,294,2.4829931972789114
13136.0,56,13,6274.56,3,4,4,344,Champions,6274.56,482.65846153846155,3397.9442136498515,674,7.040059347181009
13137.0,11,16,7586.94,4,4,4,444,Champions,7586.94,474.18375,5639.985947046843,491,11.89409368635438
13138.0,22,7,1274.01,4,3,3,433,Loyal Customers,1274.01,182.00142857142856,1243.3520053475934,374,6.831550802139037
13139.0,16,8,8202.98,4,4,4,444,Champions,8202.98,1025.3725,7111.847268408551,421,6.935866983372922
13140.0,108,5,1054.92,2,3,3,233,Others,1054.92,210.984,1007.9732984293195,382,4.777486910994765
13141.0,85,17,7656.08,3,4,4,344,Champions,7656.08,450.35764705882355,4332.5103875969,645,9.620155038759691
13142.0,19,1,307.09,4,1,1,411,Potential Loyalist,307.09,307.09,15968.679999999998,1,52.0
13143.0,585,1,405.1,1,1,2,112,Lost Customers,405.1,405.1,21065.2,1,52.0
13144.0,333,2,135.35,2,2,1,221,Others,135.35,67.675,504.109693877551,98,7.448979591836735
13145.0,40,7,1128.52,3,3,3,333,Others,1128.52,161.21714285714285,735.5532142857143,560,4.5625
13146.0,26,1,228.91,4,1,1,411,Potential Loyalist,228.91,228.91,11903.32,1,52.0
13147.0,10,4,712.8000000000001,4,3,2,432,Loyal Customers,712.8000000000001,178.20000000000002,2923.280898876405,89,16.404494382022474
13148.0,29,26,8497.82,3,4,4,344,Champions,8497.82,326.83923076923077,4418.382193732194,702,13.518518518518517
13149.0,14,4,1676.06,4,3,3,433,Loyal Customers,1676.06,419.015,2232.7076642335765,274,5.328467153284671
13150.0,484,3,449.96999999999997,1,2,2,122,Others,449.96999999999997,149.98999999999998,1124.925,146,7.5
13151.0,296,3,2465.21,2,2,4,224,Others,2465.21,821.7366666666667,2710.2459337349396,332,3.298192771084337
13152.0,417,7,2146.38,1,3,3,133,At Risk,2146.38,306.6257142857143,2828.262454873646,277,9.223826714801444
13153.0,6,1,486.22,4,1,2,412,Potential Loyalist,486.22,486.22,25283.440000000002,1,52.0
13154.0,399,3,1624.84,1,2,3,123,Others,1624.84,541.6133333333333,1765.0791666666669,336,3.2589285714285716
13155.0,33,6,1370.48,3,3,3,333,Others,1370.48,228.41333333333333,1092.1947598253275,458,4.781659388646289
13156.0,385,3,1586.54,1,2,3,123,Others,1586.54,528.8466666666667,1996.8520689655174,290,3.7758620689655173
13157.0,49,9,5687.36,3,4,4,344,Champions,5687.36,631.9288888888889,3506.564864864865,592,5.548986486486487
13158.0,95,5,1508.18,3,3,3,333,Others,1508.18,301.636,1878.7907849829353,293,6.228668941979522
13159.0,9,4,1429.35,4,3,3,433,Loyal Customers,1429.35,357.3375,4921.818396226415,106,13.773584905660378
13160.0,22,1,91.8,4,1,1,411,Potential Loyalist,91.8,91.8,4773.599999999999,1,52.0
13161.0,313,2,472.13,2,2,2,222,Others,472.13,236.065,921.537165775401,187,3.9037433155080214
13162.0,122,16,9275.49,2,4,4,244,Others,9275.49,579.718125,5522.92634584013,613,9.526916802610113
13163.0,610,1,17.65,1,1,1,111,Lost Customers,17.65,17.65,917.8,1,52.0
13164.0,569,2,372.2,1,2,2,122,Others,372.2,186.1,1386.2551020408164,98,7.448979591836735
13165.0,46,3,1451.16,3,2,3,323,Potential Loyalist,1451.16,483.72,1447.1950819672131,366,2.9918032786885242
13166.0,283,2,875.93,2,2,3,223,Others,875.93,437.965,2440.5683206106864,131,5.572519083969465
13167.0,19,5,1125.15,4,3,3,433,Loyal Customers,1125.15,225.03000000000003,1106.953504043127,371,4.919137466307278
13168.0,36,5,1840.73,3,3,3,333,Others,1840.73,368.146,1330.4286138613863,505,3.613861386138614
13169.0,64,3,840.08,3,2,2,322,Potential Loyalist,840.08,280.0266666666667,615.7212851405624,498,2.198795180722892
13170.0,27,1,108.81,3,1,1,311,Potential Loyalist,108.81,108.81,5658.12,1,52.0
13171.0,22,3,468.41,4,2,2,422,Potential Loyalist,468.41,156.13666666666668,617.2189530685922,277,3.953068592057762
13172.0,400,1,69.6,1,1,1,111,Lost Customers,69.6,69.6,3619.2,1,52.0
13173.0,4,11,2399.82,4,4,4,444,Champions,2399.82,218.16545454545457,1208.1852413793104,725,5.537931034482758
13174.0,16,12,7995.36,4,4,4,444,Champions,7995.36,666.28,4064.493593314763,718,6.100278551532034
13175.0,582,2,831.45,1,2,2,122,Others,831.45,415.725,1983.5245098039215,153,4.771241830065359
13176.0,46,1,481.49,3,1,2,312,Potential Loyalist,481.49,481.49,25037.48,1,52.0
13177.0,65,2,512.2,3,2,2,322,Potential Loyalist,512.2,256.1,512.2,365,2.0
13178.0,26,21,14059.19,4,4,4,444,Champions,14059.19,669.4852380952382,7362.416571018652,697,10.997130559540889
13179.0,619,1,572.3100000000001,1,1,2,112,Lost Customers,572.3100000000001,572.3100000000001,29760.120000000003,1,52.0
13180.0,607,1,86.10000000000001,1,1,1,111,Lost Customers,86.10000000000001,86.10000000000001,4477.200000000001,1,52.0
13181.0,381,1,359.69,1,1,2,112,Lost Customers,359.69,359.69,18703.88,1,52.0
13182.0,45,1,121.18,3,1,1,311,Potential Loyalist,121.18,121.18,6301.360000000001,1,52.0
13183.0,8,15,7036.18,4,4,4,444,Champions,7036.18,469.07866666666666,4096.021850079745,627,8.732057416267942
13184.0,15,10,1668.95,4,4,3,443,Champions,1668.95,166.895,2215.1518181818183,275,13.272727272727273
13185.0,268,1,71.4,2,1,1,211,Others,71.4,71.4,3712.8,1,52.0
13186.0,40,3,1575.89,3,2,3,323,Potential Loyalist,1575.89,525.2966666666667,6462.919662921349,89,12.303370786516854
13187.0,337,4,341.36,2,3,1,231,Others,341.36,85.34,434.1337979094077,287,5.087108013937282
13188.0,11,1,114.60000000000001,4,1,1,411,Potential Loyalist,114.60000000000001,114.60000000000001,5959.200000000001,1,52.0
13189.0,19,2,260.68,4,2,1,421,Potential Loyalist,260.68,130.34,991.1270833333335,96,7.604166666666668
13190.0,544,3,570.66,1,2,2,122,Others,570.66,190.22,1107.9303191489362,188,5.824468085106383
13191.0,658,1,164.69,1,1,1,111,Lost Customers,164.69,164.69,8563.88,1,52.0
13192.0,95,6,2558.58,3,3,4,334,Others,2558.58,426.43,1580.1720812182743,591,3.705583756345178
13193.0,61,1,112.08,3,1,1,311,Potential Loyalist,112.08,112.08,5828.16,1,52.0
13194.0,136,2,472.78,2,2,2,222,Others,472.78,236.39,605.4901754385965,285,2.56140350877193
13195.0,414,1,136.73,1,1,1,111,Lost Customers,136.73,136.73,7109.959999999999,1,52.0
13196.0,11,7,3068.84,4,3,4,434,Champions,3068.84,438.4057142857143,1848.393729372937,606,4.216171617161716
13197.0,610,1,373.01000000000005,1,1,2,112,Lost Customers,373.01000000000005,373.01000000000005,19396.520000000004,1,52.0
13198.0,10,8,4974.2300000000005,4,4,4,444,Champions,4974.2300000000005,621.7787500000001,4282.061202830189,424,6.886792452830189
13199.0,4,67,15964.210000000001,4,4,4,444,Champions,15964.210000000001,238.27179104477614,7971.185567715459,731,33.454172366621066
13200.0,19,4,870.09,4,3,3,433,Loyal Customers,870.09,217.5225,2968.0640186915884,107,13.64485981308411
13201.0,502,4,1233.06,1,3,3,133,At Risk,1233.06,308.265,3214.763571428571,140,10.428571428571429
13202.0,394,7,1580.3,1,3,3,133,At Risk,1580.3,225.75714285714284,1716.6949404761904,336,7.604166666666667
13203.0,10,10,2648.25,4,4,4,444,Champions,2648.25,264.825,1357.600070224719,712,5.126404494382022
13204.0,731,1,966.6600000000001,1,1,3,113,Lost Customers,966.6600000000001,966.6600000000001,50266.32000000001,1,52.0
13205.0,443,1,2803.2,1,1,4,114,Lost Customers,2803.2,2803.2,145766.4,1,52.0
13206.0,400,13,8308.19,1,4,4,144,At Risk,8308.19,639.0915384615384,9134.004066265059,332,14.292168674698795
13207.0,15,4,535.86,4,3,2,432,Loyal Customers,535.86,133.965,328.16929530201344,596,2.4496644295302015
13208.0,59,9,1976.3,3,4,3,343,Others,1976.3,219.58888888888887,1065.5088626292468,677,4.852289512555392
13209.0,30,13,8509.51,3,4,4,344,Champions,8509.51,654.5776923076924,4756.464241960184,653,7.26646248085758
13210.0,94,1,353.48,3,1,2,312,Potential Loyalist,353.48,353.48,18380.96,1,52.0
13211.0,10,10,2618.77,4,4,4,444,Champions,2618.77,261.877,1323.8934210526315,722,5.055401662049861
13212.0,20,3,786.83,4,2,2,422,Potential Loyalist,786.83,262.2766666666667,7004.706097560977,41,26.70731707317073
13213.0,57,11,3851.52,3,4,4,344,Champions,3851.52,350.1381818181818,2751.0857142857144,511,7.857142857142858
13214.0,418,7,3264.23,1,3,4,134,At Risk,3264.23,466.31857142857143,5225.631359649123,228,11.206140350877194
13215.0,402,1,81.6,1,1,1,111,Lost Customers,81.6,81.6,4243.2,1,52.0
13216.0,268,1,333.74,2,1,1,211,Others,333.74,333.74,17354.48,1,52.0
13217.0,122,4,666.48,2,3,2,232,Others,666.48,166.62,456.40750469043155,533,2.7392120075046904
13218.0,127,1,62.63999999999999,2,1,1,211,Others,62.63999999999999,62.63999999999999,3257.2799999999997,1,52.0
13219.0,618,1,76.23,1,1,1,111,Lost Customers,76.23,76.23,3963.96,1,52.0
13220.0,78,5,1336.0900000000001,3,3,3,333,Others,1336.0900000000001,267.218,981.2330985915493,497,3.6720321931589535
13221.0,240,2,847.41,2,2,2,222,Others,847.41,423.705,2599.1987394957982,119,6.1344537815126055
13222.0,577,1,88.5,1,1,1,111,Lost Customers,88.5,88.5,4602.0,1,52.0
13223.0,200,6,969.1200000000001,2,3,3,233,Others,969.1200000000001,161.52,762.3465517241378,464,4.719827586206896
13224.0,60,2,2155.95,3,2,3,323,Potential Loyalist,2155.95,1077.975,8647.491758241757,91,8.021978021978022
13225.0,3,16,16260.07,4,4,4,444,Champions,16260.07,1016.254375,8254.41662030598,719,8.122392211404728
13226.0,273,2,312.46,2,2,1,221,Others,312.46,156.23,950.3991666666667,120,6.083333333333334
13227.0,202,1,257.7,2,1,1,211,Others,257.7,257.7,13400.4,1,52.0
13228.0,81,1,358.0,3,1,2,312,Potential Loyalist,358.0,358.0,18616.0,1,52.0
13229.0,226,1,160.95,2,1,1,211,Others,160.95,160.95,8369.4,1,52.0
13230.0,4,30,6120.01,4,4,4,444,Champions,6120.01,204.00033333333334,3568.376437699681,626,17.492012779552716
13232.0,13,7,1328.35,4,3,3,433,Loyal Customers,1328.35,189.7642857142857,2108.033695652174,230,11.108695652173914
13233.0,74,4,1176.46,3,3,3,333,Others,1176.46,294.115,693.7122778675283,619,2.358642972536349
13234.0,673,2,346.5,1,2,2,122,Others,346.5,173.25,2143.601694915254,59,12.372881355932202
13235.0,212,1,1031.07,2,1,3,213,Others,1031.07,1031.07,53615.64,1,52.0
13236.0,25,2,744.85,4,2,2,422,Potential Loyalist,744.85,372.425,3315.4908536585367,82,8.902439024390244
13237.0,388,1,643.0,1,1,2,112,Lost Customers,643.0,643.0,33436.0,1,52.0
13238.0,17,6,1006.63,4,3,3,433,Loyal Customers,1006.63,167.77166666666668,641.2215532286214,573,3.8219895287958114
13239.0,262,5,1594.69,2,3,3,233,Others,1594.69,318.938,2425.2577083333335,240,7.604166666666667
13240.0,96,8,1475.79,3,4,3,343,Others,1475.79,184.47375,968.8189748201439,556,5.251798561151079
13241.0,412,1,112.53,1,1,1,111,Lost Customers,112.53,112.53,5851.56,1,52.0
13242.0,112,7,699.4,2,3,2,232,Others,699.4,99.91428571428571,459.9657657657657,555,4.603603603603603
13243.0,203,5,1220.38,2,3,3,233,Others,1220.38,244.07600000000002,1040.7446261682242,428,4.2640186915887845
13244.0,93,1,121.74000000000001,3,1,1,311,Potential Loyalist,121.74000000000001,121.74000000000001,6330.4800000000005,1,52.0
13245.0,51,2,989.22,3,2,3,323,Potential Loyalist,989.22,494.61,947.6779527559055,381,1.916010498687664
13246.0,18,11,3351.75,4,4,4,444,Champions,3351.75,304.70454545454544,2412.9955621301774,507,7.9191321499013805
13247.0,18,4,501.12,4,3,2,432,Loyal Customers,501.12,125.28,2857.95,64,22.8125
13248.0,125,2,465.68,2,2,2,222,Others,465.68,232.84,2655.83125,64,11.40625
13249.0,92,9,1608.93,3,4,3,343,Others,1608.93,178.77,991.9923141891893,592,5.548986486486487
13250.0,461,2,253.09,1,2,1,121,Others,253.09,126.545,2253.118292682927,41,17.804878048780488
13251.0,402,1,252.68,1,1,1,111,Lost Customers,252.68,252.68,13139.36,1,52.0
13252.0,394,2,399.3,1,2,2,122,Others,399.3,199.65,630.9285714285714,231,3.1601731601731604
13253.0,157,4,2951.11,2,3,4,234,Others,2951.11,737.7775,1972.81163003663,546,2.673992673992674
13254.0,376,1,51.410000000000004,2,1,1,211,Others,51.410000000000004,51.410000000000004,2673.32,1,52.0
13255.0,9,3,678.76,4,2,2,422,Potential Loyalist,678.76,226.25333333333333,493.52071713147416,502,2.1812749003984067
13257.0,436,1,149.75,1,1,1,111,Lost Customers,149.75,149.75,7787.0,1,52.0
13258.0,12,5,1009.43,4,3,3,433,Loyal Customers,1009.43,201.886,949.5926546391751,388,4.70360824742268
13259.0,62,9,1402.54,3,4,3,343,Others,1402.54,155.83777777777777,803.653218210361,637,5.156985871271585
13260.0,61,1,557.62,3,1,2,312,Potential Loyalist,557.62,557.62,28996.24,1,52.0
13261.0,269,2,944.1,2,2,3,223,Others,944.1,472.05,20270.382352941175,17,42.94117647058823
13262.0,263,3,573.45,2,2,2,222,Others,573.45,191.15,621.0956973293769,337,3.249258160237389
13263.0,1,39,8676.2,4,4,4,444,Champions,8676.2,222.4666666666667,7705.141119221413,411,34.63503649635037
13264.0,443,1,722.5600000000001,1,1,2,112,Lost Customers,722.5600000000001,722.5600000000001,37573.12,1,52.0
13265.0,53,5,2092.66,3,3,3,333,Others,2092.66,418.532,3471.9131818181822,220,8.295454545454547
13266.0,11,19,6135.04,4,4,4,444,Champions,6135.04,322.89684210526315,3149.4931082981716,711,9.753867791842476
13267.0,3,36,9429.81,4,4,4,444,Champions,9429.81,261.93916666666667,4721.372633744856,729,18.024691358024693
13268.0,18,11,3174.75,4,4,4,444,Champions,3174.75,288.6136363636364,4653.75,249,16.12449799196787
13269.0,1,28,8537.32,4,4,4,444,Champions,8537.32,304.9042857142857,4233.861141304348,736,13.88586956521739
13270.0,366,1,590.0,2,1,2,212,Others,590.0,590.0,30680.0,1,52.0
13271.0,37,1,211.49,3,1,1,311,Potential Loyalist,211.49,211.49,10997.48,1,52.0
13272.0,31,2,276.56,3,2,1,321,Potential Loyalist,276.56,138.28,1740.4206896551723,58,12.586206896551722
13273.0,113,1,138.98,2,1,1,211,Others,138.98,138.98,7226.959999999999,1,52.0
13274.0,409,1,360.85,1,1,2,112,Lost Customers,360.85,360.85,18764.2,1,52.0
13275.0,384,2,238.86,1,2,1,121,Others,238.86,119.43,351.5479838709678,248,2.9435483870967745
13276.0,64,5,1891.91,3,3,3,333,Others,1891.91,378.382,1194.718252595156,578,3.1574394463667823
13277.0,16,7,523.3,4,3,2,432,Loyal Customers,523.3,74.75714285714285,364.51240458015263,524,4.875954198473282
13278.0,41,4,1435.85,3,3,3,333,Others,1435.85,358.9625,921.0637082601054,569,2.5659050966608086
13279.0,78,1,137.75,3,1,1,311,Potential Loyalist,137.75,137.75,7163.0,1,52.0
13280.0,122,7,2293.33,2,3,4,234,Others,2293.33,327.61857142857144,1603.5736590038316,522,4.894636015325671
13281.0,439,1,350.85,1,1,2,112,Lost Customers,350.85,350.85,18244.2,1,52.0
13282.0,18,4,1313.19,4,3,3,433,Loyal Customers,1313.19,328.2975,1235.346262886598,388,3.7628865979381443
13283.0,60,4,373.36,3,3,2,332,Others,373.36,93.34,234.9593103448276,580,2.5172413793103448
13284.0,331,1,201.19,2,1,1,211,Others,201.19,201.19,10461.88,1,52.0
13285.0,23,6,3364.59,4,3,4,434,Champions,3364.59,560.765,2046.7922500000002,600,3.6500000000000004
13286.0,600,1,734.91,1,1,2,112,Lost Customers,734.91,734.91,38215.32,1,52.0
13287.0,603,3,781.59,1,2,2,122,Others,781.59,260.53000000000003,2824.55792079208,101,10.841584158415843
13288.0,443,5,927.61,1,3,3,133,At Risk,927.61,185.522,1518.2854260089684,223,8.183856502242152
13289.0,724,1,307.95,1,1,1,111,Lost Customers,307.95,307.95,16013.4,1,52.0
13290.0,438,1,208.63,1,1,1,111,Lost Customers,208.63,208.63,10848.76,1,52.0
13291.0,156,11,3270.79,2,4,4,244,Others,3270.79,297.3445454545454,2340.8595098039214,510,7.872549019607843
13292.0,39,5,994.51,3,3,3,333,Others,994.51,198.902,745.3719712525667,487,3.747433264887064
13293.0,392,6,1192.94,1,3,3,133,At Risk,1192.94,198.82333333333335,1577.6199275362321,276,7.934782608695652
13294.0,190,3,1689.53,2,2,3,223,Others,1689.53,563.1766666666666,1352.3650219298245,456,2.401315789473684
13295.0,360,4,1101.97,2,3,3,233,Others,1101.97,275.4925,1853.5440092165898,217,6.728110599078341
13296.0,137,6,792.51,2,3,2,232,Others,792.51,132.085,658.9206150341686,439,4.988610478359909
13297.0,8,7,4368.62,4,3,4,434,Champions,4368.62,624.0885714285714,2986.0417602996254,534,4.784644194756554
13298.0,1,1,360.0,4,1,2,412,Potential Loyalist,360.0,360.0,18720.0,1,52.0
13299.0,268,3,1218.7,2,2,3,223,Others,1218.7,406.23333333333335,1710.8673076923078,260,4.211538461538462
13300.0,169,3,1285.51,2,2,3,223,Others,1285.51,428.50333333333333,1161.4137376237625,404,2.710396039603961
13301.0,104,4,618.09,2,3,2,232,Others,618.09,154.5225,1200.015159574468,188,7.76595744680851
13302.0,155,2,159.2,2,2,1,221,Others,159.2,79.6,156.6253369272237,371,1.9676549865229112
13303.0,400,1,61.72,1,1,1,111,Lost Customers,61.72,61.72,3209.44,1,52.0
13304.0,351,4,1217.99,2,3,3,233,Others,1217.99,304.4975,1398.007389937107,318,4.591194968553459
13305.0,4,16,3616.41,4,4,4,444,Champions,3616.41,226.025625,2078.7238582677164,635,9.196850393700787
13306.0,430,1,53.65,1,1,1,111,Lost Customers,53.65,53.65,2789.7999999999997,1,52.0
13307.0,120,3,273.34,2,2,1,221,Others,273.34,91.11333333333333,211.37521186440677,472,2.319915254237288
13308.0,23,4,1670.3700000000001,4,3,3,433,Loyal Customers,1670.3700000000001,417.59250000000003,1062.1690766550523,574,2.543554006968641
13309.0,7,6,1706.3700000000001,4,3,3,433,Loyal Customers,1706.3700000000001,284.39500000000004,1617.7274025974027,385,5.688311688311688
13310.0,28,5,1541.2,3,3,3,333,Others,1541.2,308.24,1504.1122994652408,374,4.879679144385027
13311.0,4,2,598.57,4,2,2,422,Potential Loyalist,598.57,299.285,1506.7451724137932,145,5.0344827586206895
13312.0,451,1,124.75,1,1,1,111,Lost Customers,124.75,124.75,6487.0,1,52.0
13313.0,22,12,3445.32,4,4,4,444,Champions,3445.32,287.11,1758.7997202797203,715,6.125874125874126
13314.0,2,3,775.94,4,2,2,422,Potential Loyalist,775.94,258.6466666666667,3933.584722222223,72,15.208333333333334
13315.0,689,1,310.26,1,1,1,111,Lost Customers,310.26,310.26,16133.52,1,52.0
13316.0,37,10,12940.82,3,4,4,344,Champions,12940.82,1294.0819999999999,7846.178239202657,602,6.06312292358804
13317.0,66,19,6486.091,3,4,4,344,Champions,6486.091,341.3732105263158,3587.0048712121215,660,10.507575757575758
13318.0,1,3,640.76,4,2,2,422,Potential Loyalist,640.76,213.58666666666667,6496.594444444445,36,30.416666666666668
13319.0,5,58,21323.22,4,4,4,444,Champions,21323.22,367.6417241379311,10705.605639614858,727,29.119669876203577
13320.0,78,6,2211.6,3,3,3,333,Others,2211.6,368.59999999999997,2018.085,400,5.4750000000000005
13321.0,72,2,567.36,3,2,2,322,Potential Loyalist,567.36,283.68,14751.36,14,52.0
13322.0,17,1,199.48000000000002,4,1,1,411,Potential Loyalist,199.48000000000002,199.48000000000002,10372.960000000001,1,52.0
13323.0,3,5,787.85,4,3,2,432,Loyal Customers,787.85,157.57,3550.188271604938,81,22.530864197530864
13324.0,36,18,10513.47,3,4,4,344,Champions,10513.47,584.0816666666666,7281.62533206831,527,12.466793168880455
13325.0,82,1,675.3,3,1,2,312,Potential Loyalist,675.3,675.3,35115.6,1,52.0
13326.0,432,1,281.76,1,1,1,111,Lost Customers,281.76,281.76,14651.52,1,52.0
13327.0,39,20,9134.48,3,4,4,344,Champions,9134.48,456.724,4888.687976539589,682,10.703812316715542
13328.0,316,1,1308.48,2,1,3,213,Others,1308.48,1308.48,68040.96,1,52.0
13329.0,32,8,4808.77,3,4,4,344,Champions,4808.77,601.09625,2496.7298008534854,703,4.153627311522048
13330.0,93,6,2796.1,3,3,4,334,Others,2796.1,466.01666666666665,1815.9724199288257,562,3.8967971530249113
13331.0,402,1,262.4,1,1,1,111,Lost Customers,262.4,262.4,13644.8,1,52.0
13332.0,14,1,350.9,4,1,2,412,Potential Loyalist,350.9,350.9,18246.8,1,52.0
13333.0,411,3,1015.74,1,2,3,123,Others,1015.74,338.58,1500.9923076923078,247,4.433198380566802
13334.0,82,5,6201.8,3,3,4,334,Others,6201.8,1240.3600000000001,3971.328070175439,570,3.2017543859649122
13336.0,77,1,795.12,3,1,2,312,Potential Loyalist,795.12,795.12,41346.24,1,52.0
13337.0,546,1,1575.26,1,1,3,113,Lost Customers,1575.26,1575.26,81913.52,1,52.0
13338.0,158,4,2445.62,2,3,4,234,Others,2445.62,611.405,1637.8922935779815,545,2.6788990825688073
13339.0,201,1,860.12,2,1,2,212,Others,860.12,860.12,44726.24,1,52.0
13340.0,45,12,22100.56,3,4,4,344,Champions,22100.56,1841.7133333333334,13245.820032840724,609,7.192118226600986
13341.0,261,1,775.85,2,1,2,212,Others,775.85,775.85,40344.200000000004,1,52.0
13343.0,178,1,353.43,2,1,2,212,Others,353.43,353.43,18378.36,1,52.0
13344.0,68,3,2511.69,3,2,4,324,Potential Loyalist,2511.69,837.23,4386.444258373206,209,5.239234449760766
13345.0,288,1,389.5,2,1,2,212,Others,389.5,389.5,20254.0,1,52.0
13346.0,463,6,299.4,1,3,1,131,At Risk,299.4,49.9,821.6616541353383,133,16.466165413533833
13347.0,70,1,341.36,3,1,1,311,Potential Loyalist,341.36,341.36,17750.72,1,52.0
13348.0,64,1,233.76,3,1,1,311,Potential Loyalist,233.76,233.76,12155.52,1,52.0
13349.0,11,1,247.32,4,1,1,411,Potential Loyalist,247.32,247.32,12860.64,1,52.0
13350.0,16,2,979.12,4,2,3,423,Potential Loyalist,979.12,489.56,5672.679365079365,63,11.587301587301587
13351.0,66,1,373.94,3,1,2,312,Potential Loyalist,373.94,373.94,19444.88,1,52.0
13352.0,60,1,397.97999999999996,3,1,2,312,Potential Loyalist,397.97999999999996,397.97999999999996,20694.96,1,52.0
13354.0,71,1,743.53,3,1,2,312,Potential Loyalist,743.53,743.53,38663.56,1,52.0
13355.0,122,1,674.7,2,1,2,212,Others,674.7,674.7,35084.4,1,52.0
13356.0,80,1,768.24,3,1,2,312,Potential Loyalist,768.24,768.24,39948.48,1,52.0
13357.0,257,5,3805.5099999999998,2,3,4,234,Others,3805.5099999999998,761.102,3764.2578590785906,369,4.94579945799458
13358.0,269,1,439.03,2,1,2,212,Others,439.03,439.03,22829.559999999998,1,52.0
13359.0,64,2,1043.31,3,2,3,323,Potential Loyalist,1043.31,521.655,1123.3278761061947,339,2.1533923303834808
13360.0,432,4,1553.65,1,3,3,133,At Risk,1553.65,388.4125,2108.1124535315985,269,5.4275092936802976
13361.0,472,2,1450.5,1,2,3,123,Others,1450.5,725.25,3651.258620689655,145,5.0344827586206895
13362.0,9,7,5394.07,4,3,4,434,Champions,5394.07,770.5814285714285,4744.182048192771,415,6.156626506024096
13363.0,18,3,1723.86,4,2,3,423,Potential Loyalist,1723.86,574.62,1605.124744897959,392,2.7933673469387754
13364.0,71,1,134.95999999999998,3,1,1,311,Potential Loyalist,134.95999999999998,134.95999999999998,7017.919999999999,1,52.0
13365.0,34,2,2225.37,3,2,3,323,Potential Loyalist,2225.37,1112.685,4414.45679347826,184,3.9673913043478257
13366.0,50,1,56.160000000000004,3,1,1,311,Potential Loyalist,56.160000000000004,56.160000000000004,2920.32,1,52.0
13367.0,432,1,510.20000000000005,1,1,2,112,Lost Customers,510.20000000000005,510.20000000000005,26530.4,1,52.0
13368.0,257,4,1121.5,2,3,3,233,Others,1121.5,280.375,2465.9487951807228,166,8.795180722891565
13369.0,366,1,308.28000000000003,2,1,1,211,Others,308.28000000000003,308.28000000000003,16030.560000000001,1,52.0
13370.0,372,1,754.87,2,1,2,212,Others,754.87,754.87,39253.24,1,52.0
13371.0,505,2,2297.66,1,2,4,124,Others,2297.66,1148.83,6603.511023622046,127,5.748031496062992
13372.0,90,1,378.64,3,1,2,312,Potential Loyalist,378.64,378.64,19689.28,1,52.0
13373.0,61,6,7587.1900000000005,3,3,4,334,Others,7587.1900000000005,1264.5316666666668,4121.018377976191,672,3.2589285714285716
13374.0,415,2,422.8,1,2,2,122,Others,422.8,211.4,4538.882352941177,34,21.470588235294116
13375.0,89,2,1792.23,3,2,3,323,Potential Loyalist,1792.23,896.115,1837.5391853932585,356,2.0505617977528092
13376.0,99,3,1019.76,2,2,3,223,Others,1019.76,339.92,2757.128888888889,135,8.11111111111111
13377.0,397,2,1552.88,1,2,3,123,Others,1552.88,776.44,2276.310040160643,249,2.931726907630522
13379.0,26,3,572.56,4,2,2,422,Potential Loyalist,572.56,190.85333333333332,1899.8581818181817,110,9.954545454545455
13380.0,433,1,62.4,1,1,1,111,Lost Customers,62.4,62.4,3244.7999999999997,1,52.0
13381.0,32,12,8224.37,3,4,4,344,Champions,8224.37,685.3641666666667,4251.9759915014165,706,6.203966005665722
13382.0,281,5,1387.58,2,3,3,233,Others,1387.58,277.51599999999996,1122.9860310421286,451,4.046563192904657
13383.0,544,1,305.28000000000003,1,1,1,111,Lost Customers,305.28000000000003,305.28000000000003,15874.560000000001,1,52.0
13384.0,31,11,6680.83,3,4,4,344,Champions,6680.83,607.3481818181818,5199.366631130064,469,8.560767590618337
13385.0,330,1,534.57,2,1,2,212,Others,534.57,534.57,27797.640000000003,1,52.0
13386.0,414,2,835.46,1,2,2,122,Others,835.46,417.73,13861.040909090909,22,33.18181818181818
13387.0,417,1,186.94,1,1,1,111,Lost Customers,186.94,186.94,9720.88,1,52.0
13388.0,131,3,1185.65,2,2,3,223,Others,1185.65,395.2166666666667,916.8691737288136,472,2.319915254237288
13389.0,11,3,797.96,4,2,2,422,Potential Loyalist,797.96,265.9866666666667,1317.8977375565612,221,4.95475113122172
13390.0,75,1,544.08,3,1,2,312,Potential Loyalist,544.08,544.08,28292.160000000003,1,52.0
13391.0,204,1,59.8,2,1,1,211,Others,59.8,59.8,3109.6,1,52.0
13392.0,677,1,91.14,1,1,1,111,Lost Customers,91.14,91.14,4739.28,1,52.0
13393.0,584,4,1131.45,1,3,3,133,At Risk,1131.45,282.8625,2790.400337837838,148,9.864864864864865
13394.0,2,19,6621.7,4,4,4,444,Champions,6621.7,348.5105263157895,3283.859375,736,9.422554347826086
13395.0,185,3,1180.23,2,2,3,223,Others,1180.23,393.41,1825.355720338983,236,4.639830508474576
13396.0,29,2,1360.99,3,2,3,323,Potential Loyalist,1360.99,680.495,1712.970172413793,290,2.5172413793103448
13397.0,73,10,3191.87,3,4,4,344,Champions,3191.87,319.187,1891.286607142857,616,5.925324675324675
13398.0,192,2,670.34,2,2,2,222,Others,670.34,335.17,955.758203125,256,2.8515625
13399.0,464,3,275.4,1,2,1,121,Others,275.4,91.8,1861.5,54,20.27777777777778
13400.0,583,1,310.83,1,1,1,111,Lost Customers,310.83,310.83,16163.16,1,52.0
13402.0,127,4,1226.8500000000001,2,3,3,233,Others,1226.8500000000001,306.71250000000003,1024.7145308924487,437,3.3409610983981692
13403.0,18,3,229.5,4,2,1,421,Potential Loyalist,229.5,76.5,118.81914893617022,705,1.5531914893617023
13404.0,1,2,252.49,4,2,1,421,Potential Loyalist,252.49,126.245,436.77180094786735,211,3.459715639810427
13405.0,74,6,1213.811,3,3,3,333,Others,1213.811,202.30183333333332,681.6015615384615,650,3.3692307692307693
13406.0,427,2,568.92,1,2,2,122,Others,568.92,284.46,1017.920588235294,204,3.5784313725490193
13407.0,579,3,2244.7,1,2,3,123,Others,2244.7,748.2333333333332,9871.271084337348,83,13.192771084337348
13408.0,2,106,50174.782,4,4,4,444,Champions,50174.782,473.347,24614.043999999998,733,52.0
13410.0,24,9,2201.96,4,4,3,443,Champions,2201.96,244.66222222222223,1136.7968882602547,707,4.646393210749647
13411.0,107,1,213.55,2,1,1,211,Others,213.55,213.55,11104.6,1,52.0
13412.0,620,1,487.34999999999997,1,1,2,112,Lost Customers,487.34999999999997,487.34999999999997,25342.199999999997,1,52.0
13413.0,640,6,429.44,1,3,2,132,At Risk,429.44,71.57333333333334,3335.012765957447,47,46.59574468085106
13414.0,134,6,2494.14,2,3,4,234,Others,2494.14,415.69,1941.0684434968018,469,4.669509594882729
13415.0,473,4,784.17,1,3,2,132,At Risk,784.17,196.0425,1122.439411764706,255,5.7254901960784315
13416.0,44,3,940.8000000000001,3,2,3,323,Potential Loyalist,940.8000000000001,313.6,496.2312138728324,692,1.5823699421965318
13417.0,5,6,1669.49,4,3,3,433,Loyal Customers,1669.49,278.24833333333333,917.716641566265,664,3.298192771084337
13418.0,12,31,11559.66,4,4,4,444,Champions,11559.66,372.8922580645161,5892.84343575419,716,15.803072625698325
13419.0,64,1,221.06,3,1,1,311,Potential Loyalist,221.06,221.06,11495.12,1,52.0
13420.0,150,2,159.85,2,2,1,221,Others,159.85,79.925,2917.2625,20,36.5
13421.0,40,8,4058.75,3,4,4,344,Champions,4058.75,507.34375,2381.7423633440512,622,4.694533762057877
13422.0,64,1,2626.3,3,1,4,314,Potential Loyalist,2626.3,2626.3,136567.6,1,52.0
13423.0,429,1,217.03,1,1,1,111,Lost Customers,217.03,217.03,11285.56,1,52.0
13424.0,450,1,572.77,1,1,2,112,Lost Customers,572.77,572.77,29784.04,1,52.0
13425.0,108,5,3390.4300000000003,2,3,4,234,Others,3390.4300000000003,678.086,2627.4032908704885,471,3.874734607218684
13426.0,1,22,8167.38,4,4,4,444,Champions,8167.38,371.24454545454546,4089.291769547325,729,11.015089163237311
13427.0,19,6,1006.53,4,3,3,433,Loyal Customers,1006.53,167.755,523.3382478632478,702,3.1196581196581197
13428.0,10,3,478.54,4,2,2,422,Potential Loyalist,478.54,159.51333333333335,346.56170634920636,504,2.1726190476190474
13429.0,11,4,1006.8,4,3,3,433,Loyal Customers,1006.8,251.7,5741.90625,64,22.8125
13430.0,19,2,679.45,4,2,2,422,Potential Loyalist,679.45,339.725,3701.481343283582,67,10.895522388059701
13431.0,67,8,3316.24,3,4,4,344,Champions,3316.24,414.53,2044.641216216216,592,4.9324324324324325
13432.0,571,2,439.1,1,2,2,122,Others,439.1,219.55,4006.7875000000004,40,18.25
13433.0,501,4,658.3199999999999,1,3,2,132,At Risk,658.3199999999999,164.57999999999998,1232.2399999999998,195,7.487179487179487
13434.0,74,5,1666.8600000000001,3,3,3,333,Others,1666.8600000000001,333.372,1047.1667814113598,581,3.1411359724612735
13435.0,5,9,4447.33,4,4,4,444,Champions,4447.33,494.1477777777778,3285.982692307692,494,6.649797570850202
13436.0,2,1,196.89,4,1,1,411,Potential Loyalist,196.89,196.89,10238.279999999999,1,52.0
13437.0,14,7,3408.06,4,3,4,434,Champions,3408.06,486.86571428571426,7108.239428571429,175,14.600000000000001
13438.0,547,1,46.5,1,1,1,111,Lost Customers,46.5,46.5,2418.0,1,52.0
13439.0,255,3,986.61,2,2,3,223,Others,986.61,328.87,1333.7505555555556,270,4.055555555555555
13440.0,423,7,1295.25,1,3,3,133,At Risk,1295.25,185.03571428571428,9621.857142857143,28,52.0
13441.0,92,2,720.9,3,2,2,322,Potential Loyalist,720.9,360.45,776.1902654867256,339,2.1533923303834808
13442.0,667,3,419.87,1,2,2,122,Others,419.87,139.95666666666668,2189.3221428571433,70,15.642857142857144
13443.0,449,6,1273.16,1,3,3,133,At Risk,1273.16,212.19333333333336,2038.172807017544,228,9.605263157894736
13444.0,374,2,619.08,2,2,2,222,Others,619.08,309.54,1724.9175572519082,131,5.572519083969465
13445.0,626,1,241.89999999999998,1,1,1,111,Lost Customers,241.89999999999998,241.89999999999998,12578.8,1,52.0
13446.0,430,11,3881.89,1,4,4,144,At Risk,3881.89,352.8990909090909,6081.072317596565,233,17.231759656652358
13447.0,23,3,1129.14,4,2,3,423,Potential Loyalist,1129.14,376.38000000000005,19571.760000000002,12,52.0
13448.0,17,13,8745.93,4,4,4,444,Champions,8745.93,672.7638461538462,4452.251673640168,717,6.617852161785216
13449.0,24,1,291.88,4,1,1,411,Potential Loyalist,291.88,291.88,15177.76,1,52.0
13450.0,27,13,4120.04,3,4,4,344,Champions,4120.04,316.92615384615385,2610.7892361111117,576,8.237847222222223
13451.0,26,11,7090.06,4,4,4,444,Champions,7090.06,644.5509090909092,4305.943261231282,601,6.680532445923461
13452.0,259,3,729.8,2,2,2,222,Others,729.8,243.26666666666665,1250.5962441314553,213,5.140845070422535
13453.0,166,3,781.6899999999999,2,2,2,222,Others,781.6899999999999,260.56333333333333,1208.9697033898306,236,4.639830508474576
13454.0,641,1,219.87,1,1,1,111,Lost Customers,219.87,219.87,11433.24,1,52.0
13455.0,25,6,2212.9900000000002,4,3,3,433,Loyal Customers,2212.9900000000002,368.8316666666667,1144.1095609065158,706,3.101983002832861
13456.0,18,6,1766.72,4,3,3,433,Loyal Customers,1766.72,294.4533333333333,3411.9195767195765,189,11.587301587301587
13457.0,689,2,148.22,1,2,1,121,Others,148.22,74.11,1127.0895833333334,48,15.208333333333336
13458.0,7,16,11959.27,4,4,4,444,Champions,11959.27,747.454375,11457.04343832021,381,15.328083989501312
13459.0,625,2,1160.4099999999999,1,2,3,123,Others,1160.4099999999999,580.2049999999999,7430.695614035087,57,12.807017543859649
13460.0,29,2,183.44,3,2,1,321,Potential Loyalist,183.44,91.72,3347.7799999999997,20,36.5
13461.0,39,6,4160.0,3,3,4,334,Others,4160.0,693.3333333333334,2721.146953405018,558,3.924731182795699
13462.0,253,5,1153.85,2,3,3,233,Others,1153.85,230.76999999999998,890.3916490486258,473,3.8583509513742076
13464.0,58,6,3097.64,3,3,4,334,Others,3097.64,516.2733333333333,2022.6093023255814,559,3.9177101967799643
13465.0,446,2,931.12,1,2,3,123,Others,931.12,465.56,2445.0273381294965,139,5.251798561151079
13466.0,184,5,1013.35,2,3,3,233,Others,1013.35,202.67000000000002,833.0467342342342,444,4.11036036036036
13467.0,11,2,1071.91,4,2,3,423,Potential Loyalist,1071.91,535.955,15649.886000000002,25,29.200000000000003
13468.0,2,72,12793.28,4,4,4,444,Champions,12793.28,177.68444444444447,6361.780926430519,734,35.80381471389646
13469.0,653,1,82.4,1,1,1,111,Lost Customers,82.4,82.4,4284.8,1,52.0
13470.0,99,2,165.0,2,2,1,221,Others,165.0,82.5,4015.0000000000005,15,48.66666666666667
13471.0,1,4,2501.84,4,3,4,434,Champions,2501.84,625.46,19851.55652173913,46,31.739130434782606
13472.0,464,2,592.24,1,2,2,122,Others,592.24,296.12,2375.468131868132,91,8.021978021978022
13473.0,61,8,2657.7599999999998,3,4,4,344,Champions,2657.7599999999998,332.21999999999997,1463.1710407239818,663,4.40422322775264
13474.0,236,3,646.59,2,2,2,222,Others,646.59,215.53,914.7494186046513,258,4.244186046511628
13475.0,191,4,1431.78,2,3,3,233,Others,1431.78,357.945,4884.109345794392,107,13.64485981308411
13476.0,179,5,2061.4700000000003,2,3,3,233,Others,2061.4700000000003,412.29400000000004,1614.6707081545064,466,3.9163090128755362
13477.0,38,11,2819.17,3,4,4,344,Champions,2819.17,256.28818181818184,1592.8746904024767,646,6.21517027863777
13478.0,469,5,2215.78,1,3,3,133,At Risk,2215.78,443.15600000000006,3907.051690821256,207,8.816425120772946
13479.0,201,4,851.37,2,3,2,232,Others,851.37,212.8425,1125.9059782608697,276,5.2898550724637685
13480.0,417,2,627.82,1,2,2,122,Others,627.82,313.91,874.6347328244275,262,2.7862595419847325
13481.0,46,11,3830.84,3,4,4,344,Champions,3830.84,348.2581818181818,2029.4,689,5.827285921625545
13482.0,232,2,336.09,2,2,1,221,Others,336.09,168.045,310.56417721518983,395,1.8481012658227847
13483.0,66,1,140.34,3,1,1,311,Potential Loyalist,140.34,140.34,7297.68,1,52.0
13484.0,241,3,790.72,2,2,2,222,Others,790.72,263.5733333333333,725.1577889447236,398,2.751256281407035
13485.0,233,11,3019.2200000000003,2,4,4,244,Others,3019.2200000000003,274.4745454545455,2190.885288270378,503,7.9821073558648115
13486.0,78,3,1122.41,3,2,3,323,Potential Loyalist,1122.41,374.1366666666667,5390.521710526316,76,14.407894736842104
13487.0,58,5,846.87,3,3,2,332,Others,846.87,169.374,456.58426883308715,677,2.6957163958641064
13488.0,17,23,14205.96,4,4,4,444,Champions,14205.96,617.6504347826086,7785.548648648648,666,12.605105105105105
13489.0,105,4,449.52,2,3,2,232,Others,449.52,112.38,868.120634920635,189,7.7248677248677255
13490.0,654,1,154.25,1,1,1,111,Lost Customers,154.25,154.25,8021.0,1,52.0
13491.0,52,27,4467.66,3,4,4,344,Champions,4467.66,165.46888888888887,2394.5607929515413,681,14.47136563876652
13492.0,136,3,1269.84,2,2,3,223,Others,1269.84,423.28,5942.2,78,14.038461538461538
13493.0,275,2,618.63,2,2,2,222,Others,618.63,309.315,16084.38,11,52.0
13494.0,312,1,316.26000000000005,2,1,1,211,Others,316.26000000000005,316.26000000000005,16445.520000000004,1,52.0
13495.0,8,10,4863.31,4,4,4,444,Champions,4863.31,486.331,2451.8068370165747,724,5.041436464088398
13496.0,11,2,653.33,4,2,2,422,Potential Loyalist,653.33,326.665,683.2820916905446,349,2.0916905444126077
13497.0,283,6,1166.83,2,3,3,233,Others,1166.83,194.47166666666666,1103.3496113989636,386,5.6735751295336785
13498.0,730,1,327.38,1,1,1,111,Lost Customers,327.38,327.38,17023.76,1,52.0
13499.0,18,5,1159.11,4,3,3,433,Loyal Customers,1159.11,231.82199999999997,1678.8696428571425,252,7.242063492063491
13500.0,23,4,1466.3,4,3,3,433,Loyal Customers,1466.3,366.575,1415.8716931216932,378,3.8624338624338628
13501.0,288,3,2885.11,2,2,4,224,Others,2885.11,961.7033333333334,3734.2735815602837,282,3.882978723404255
13502.0,17,5,780.5,4,3,2,432,Loyal Customers,780.5,156.1,536.5018832391713,531,3.4369114877589455
13503.0,71,6,1859.24,3,3,3,333,Others,1859.24,309.87333333333333,1152.160611205433,589,3.7181663837011887
13504.0,64,1,295.93,3,1,1,311,Potential Loyalist,295.93,295.93,15388.36,1,52.0
13505.0,73,4,4393.63,3,3,4,334,Others,4393.63,1098.4075,10086.005974842768,159,9.182389937106919
13506.0,316,5,1338.08,2,3,3,233,Others,1338.08,267.616,3391.661111111111,144,12.67361111111111
13507.0,3,4,2479.16,4,3,4,434,Champions,2479.16,619.79,6372.488732394366,142,10.28169014084507
13508.0,244,2,287.05,2,2,1,221,Others,287.05,143.525,262.58959899749374,399,1.8295739348370925
13509.0,9,8,1114.72,4,4,3,443,Champions,1114.72,139.34,817.0136546184739,498,5.863453815261044
13510.0,1,11,4558.29,4,4,4,444,Champions,4558.29,414.39,2320.468410041841,717,5.599721059972106
13511.0,677,1,282.76,1,1,1,111,Lost Customers,282.76,282.76,14703.52,1,52.0
13512.0,261,4,713.39,2,3,2,232,Others,713.39,178.3475,808.6563664596272,322,4.534161490683229
13513.0,127,3,824.59,2,2,2,222,Others,824.59,274.86333333333334,570.0290719696969,528,2.0738636363636362
13514.0,74,4,815.9000000000001,3,3,2,332,Others,815.9000000000001,203.97500000000002,489.80838815789474,608,2.401315789473684
13515.0,73,6,1265.82,3,3,3,333,Others,1265.82,210.97,809.1493870402803,571,3.8353765323993
13516.0,21,4,1685.26,4,3,3,433,Loyal Customers,1685.26,421.315,1553.3330808080807,396,3.686868686868687
13517.0,60,3,2128.42,3,2,3,323,Potential Loyalist,2128.42,709.4733333333334,6473.944166666667,120,9.125
13518.0,86,1,627.16,3,1,2,312,Potential Loyalist,627.16,627.16,32612.32,1,52.0
13519.0,78,2,343.21,3,2,2,322,Potential Loyalist,343.21,171.605,344.1528846153846,364,2.0054945054945055
13520.0,59,11,6606.0,3,4,4,344,Champions,6606.0,600.5454545454545,3636.7873303167416,663,6.055806938159879
13521.0,1,3,1071.73,4,2,3,423,Potential Loyalist,1071.73,357.24333333333334,18576.653333333335,8,52.0
13522.0,30,1,125.80000000000001,3,1,1,311,Potential Loyalist,125.80000000000001,125.80000000000001,6541.6,1,52.0
13523.0,33,6,4534.57,3,3,4,334,Others,4534.57,755.7616666666667,4485.414769647697,369,5.9349593495934965
13524.0,41,5,680.1800000000001,3,3,2,332,Others,680.1800000000001,136.036,1386.959217877095,179,10.195530726256983
13525.0,15,2,628.78,4,2,2,422,Potential Loyalist,628.78,314.39,984.9987124463519,233,3.133047210300429
13526.0,738,2,1182.0,1,2,3,123,Others,1182.0,591.0,30732.0,1,52.0
13527.0,34,12,4541.29,3,4,4,344,Champions,4541.29,378.44083333333333,2538.3933384379784,653,6.70750382848392
13529.0,79,2,307.76,3,2,1,321,Potential Loyalist,307.76,153.88,898.6592,125,5.840000000000001
13530.0,634,1,402.97999999999996,1,1,2,112,Lost Customers,402.97999999999996,402.97999999999996,20954.96,1,52.0
13531.0,205,6,1433.07,2,3,3,233,Others,1433.07,238.845,985.0669491525424,531,4.124293785310734
13532.0,34,1,210.31,3,1,1,311,Potential Loyalist,210.31,210.31,10936.12,1,52.0
13533.0,183,3,269.09,2,2,1,221,Others,269.09,89.69666666666666,1169.260119047619,84,13.035714285714286
13534.0,2,35,7720.9,4,4,4,444,Champions,7720.9,220.59714285714284,5450.925531914893,517,24.709864603481623
13535.0,403,1,89.5,1,1,1,111,Lost Customers,89.5,89.5,4654.0,1,52.0
13536.0,1,7,3444.39,4,3,4,434,Champions,3444.39,492.05571428571426,16989.220945945945,74,34.527027027027025
13537.0,426,2,717.85,1,2,2,122,Others,717.85,358.925,10077.509615384615,26,28.076923076923077
13538.0,43,12,3103.13,3,4,4,344,Champions,3103.13,258.5941666666667,1792.155775316456,632,6.930379746835443
13539.0,86,7,1569.3600000000001,3,3,3,333,Others,1569.3600000000001,224.19428571428574,1136.540476190476,504,5.069444444444444
13540.0,467,3,632.39,1,2,2,122,Others,632.39,210.79666666666665,1227.7784574468085,188,5.824468085106383
13541.0,427,2,785.25,1,2,2,122,Others,785.25,392.625,2004.3094405594406,143,5.104895104895105
13542.0,377,17,3959.4900000000002,2,4,4,244,Others,3959.4900000000002,232.91117647058826,4105.721164772728,352,17.62784090909091
13543.0,634,2,1439.6100000000001,1,2,3,123,Others,1439.6100000000001,719.8050000000001,10104.95480769231,52,14.038461538461538
13544.0,40,6,790.2,3,3,2,332,Others,790.2,131.70000000000002,476.7322314049587,605,3.6198347107438016
13545.0,391,2,364.93,1,2,2,122,Others,364.93,182.465,870.5846405228758,153,4.771241830065359
13546.0,12,5,1086.24,4,3,3,433,Loyal Customers,1086.24,217.248,964.6656934306569,411,4.440389294403893
13547.0,408,1,167.08,1,1,1,111,Lost Customers,167.08,167.08,8688.16,1,52.0
13548.0,96,3,901.44,3,2,3,323,Potential Loyalist,901.44,300.48,877.4015999999999,375,2.9199999999999995
13549.0,26,8,1005.8,4,4,3,443,Champions,1005.8,125.725,1016.94459833795,361,8.088642659279778
13550.0,383,1,342.55,1,1,2,112,Lost Customers,342.55,342.55,17812.600000000002,1,52.0
13551.0,319,2,244.2,2,2,1,221,Others,244.2,122.1,257.60982658959534,346,2.1098265895953756
13552.0,66,22,6948.92,3,4,4,344,Champions,6948.92,315.86,4284.384797297297,592,13.56418918918919
13553.0,675,1,499.6,1,1,2,112,Lost Customers,499.6,499.6,25979.2,1,52.0
13554.0,380,7,1629.35,2,3,3,233,Others,1629.35,232.7642857142857,9010.799242424242,66,38.71212121212121
13555.0,74,13,8891.84,3,4,4,344,Champions,8891.84,683.9876923076923,5277.270894308943,615,7.715447154471544
13556.0,429,2,200.82,1,2,1,121,Others,200.82,100.41,5221.32,6,52.0
13557.0,28,13,3032.26,3,4,4,344,Champions,3032.26,233.25076923076924,1576.6024216524215,702,6.759259259259259
13558.0,6,4,594.52,4,3,2,432,Loyal Customers,594.52,148.63,3499.9967741935484,62,23.548387096774196
13559.0,513,2,990.0,1,2,3,123,Others,990.0,495.0,12045.000000000002,30,24.333333333333336
13560.0,7,1,171.42000000000002,4,1,1,411,Potential Loyalist,171.42000000000002,171.42000000000002,8913.84,1,52.0
13561.0,216,11,1803.4,2,4,3,243,Others,1803.4,163.94545454545457,1520.187066974596,433,9.272517321016167
13562.0,82,8,4838.18,3,4,4,344,Champions,4838.18,604.7725,2885.515849673203,612,4.771241830065359
13563.0,84,2,777.53,3,2,2,322,Potential Loyalist,777.53,388.765,5159.971818181818,55,13.272727272727273
13564.0,144,37,16498.97,2,4,4,244,Others,16498.97,445.91810810810813,10155.352529510961,593,22.774030354131533
13565.0,19,3,414.8,4,2,2,422,Potential Loyalist,414.8,138.26666666666668,387.2173913043479,391,2.800511508951407
13566.0,41,5,1688.6,3,3,3,333,Others,1688.6,337.71999999999997,1030.6672240802675,598,3.0518394648829434
13567.0,428,4,1079.29,1,3,3,133,At Risk,1079.29,269.8225,3486.2022123893803,113,12.920353982300885
13568.0,173,1,187.05,2,1,1,211,Others,187.05,187.05,9726.6,1,52.0
13569.0,17,4,726.54,4,3,2,432,Loyal Customers,726.54,181.635,645.2240875912408,411,3.5523114355231145
13570.0,243,1,239.49,2,1,1,211,Others,239.49,239.49,12453.48,1,52.0
13571.0,13,26,4537.26,4,4,4,444,Champions,4537.26,174.51000000000002,2306.5458217270198,718,13.217270194986073
13572.0,206,1,1384.25,2,1,3,213,Others,1384.25,1384.25,71981.0,1,52.0
13573.0,50,6,904.52,3,3,3,333,Others,904.52,150.75333333333333,563.3955631399317,586,3.737201365187713
13574.0,411,1,404.45,1,1,2,112,Lost Customers,404.45,404.45,21031.399999999998,1,52.0
13575.0,23,5,732.0699999999999,4,3,2,432,Loyal Customers,732.0699999999999,146.414,1757.9312499999999,152,12.006578947368421
13576.0,10,28,11202.59,4,4,4,444,Champions,11202.59,400.09250000000003,5671.214077669903,721,14.174757281553399
13577.0,25,11,3489.28,4,4,4,444,Champions,3489.28,317.20727272727277,1822.0131616595138,699,5.7439198855507865
13578.0,409,1,147.66,1,1,1,111,Lost Customers,147.66,147.66,7678.32,1,52.0
13579.0,15,5,1374.34,4,3,3,433,Loyal Customers,1374.34,274.868,778.9349378881988,644,2.8338509316770186
13580.0,406,1,107.75,1,1,1,111,Lost Customers,107.75,107.75,5603.0,1,52.0
13581.0,309,2,280.53000000000003,2,2,1,221,Others,280.53000000000003,140.26500000000001,984.552403846154,104,7.019230769230769
13582.0,390,2,241.68,1,2,1,121,Others,241.68,120.84,388.60440528634365,227,3.2158590308370045
13583.0,156,2,1445.031,2,2,3,223,Others,1445.031,722.5155,1008.4824378585085,523,1.395793499043977
13584.0,307,3,385.7,2,2,2,222,Others,385.7,128.56666666666666,381.5189701897019,369,2.9674796747967482
13585.0,531,3,684.54,1,2,2,122,Others,684.54,228.17999999999998,1207.0391304347827,207,5.2898550724637685
13586.0,541,1,127.28,1,1,1,111,Lost Customers,127.28,127.28,6618.56,1,52.0
13587.0,64,4,1673.5,3,3,3,333,Others,1673.5,418.375,1019.7454090150251,599,2.4373956594323873
13588.0,16,9,2478.95,4,4,4,444,Champions,2478.95,275.43888888888887,3785.844142259414,239,13.744769874476988
13589.0,15,6,1120.74,4,3,3,433,Loyal Customers,1120.74,186.79,568.9431154381084,719,3.0458970792767732
13590.0,11,18,6336.04,4,4,4,444,Champions,6336.04,352.0022222222222,3185.474655647383,726,9.049586776859504
13591.0,65,7,2093.94,3,3,3,333,Others,2093.94,299.13428571428574,1158.0122727272728,660,3.8712121212121215
13592.0,36,4,247.95999999999998,3,3,1,331,Others,247.95999999999998,61.989999999999995,396.95350877192976,228,6.4035087719298245
13593.0,108,14,5493.29,2,4,4,244,Others,5493.29,392.3778571428571,3726.8603159851305,538,9.498141263940521
13594.0,53,2,533.32,3,2,2,322,Potential Loyalist,533.32,266.66,450.60601851851857,432,1.6898148148148149
13595.0,517,3,784.48,1,2,2,122,Others,784.48,261.49333333333334,2219.652713178295,129,8.488372093023257
13596.0,6,2,664.11,4,2,2,422,Potential Loyalist,664.11,332.055,17266.86,7,52.0
13597.0,400,2,396.71,1,2,2,122,Others,396.71,198.355,10314.46,2,52.0
13598.0,47,5,761.96,3,3,2,332,Others,761.96,152.392,460.4559602649006,604,3.021523178807947
13599.0,1,33,9811.04,4,4,4,444,Champions,9811.04,297.30424242424243,4858.927544097694,737,16.343283582089555
13600.0,312,2,518.42,2,2,2,222,Others,518.42,259.21,589.4806853582554,321,2.2741433021806854
13601.0,45,4,1159.99,3,3,3,333,Others,1159.99,289.9975,845.10249500998,501,2.9141716566866265
13602.0,65,4,1025.17,3,3,3,333,Others,1025.17,256.2925,755.9334343434343,495,2.9494949494949494
13603.0,26,1,164.34,4,1,1,411,Potential Loyalist,164.34,164.34,8545.68,1,52.0
13604.0,659,1,717.62,1,1,2,112,Lost Customers,717.62,717.62,37316.24,1,52.0
13605.0,387,2,522.67,1,2,2,122,Others,522.67,261.335,1036.818206521739,184,3.9673913043478257
13606.0,29,3,276.75,3,2,1,321,Potential Loyalist,276.75,92.25,358.20478723404256,282,3.882978723404255
13607.0,40,2,1075.81,3,2,3,323,Potential Loyalist,1075.81,537.905,1084.7255524861878,362,2.016574585635359
13608.0,541,1,232.05,1,1,1,111,Lost Customers,232.05,232.05,12066.6,1,52.0
13609.0,593,1,167.35,1,1,1,111,Lost Customers,167.35,167.35,8702.199999999999,1,52.0
13610.0,12,14,2103.71,4,4,3,443,Champions,2103.71,150.26500000000001,1111.2216353111432,691,7.395079594790158
13611.0,89,10,3297.9300000000003,3,4,4,344,Champions,3297.9300000000003,329.793,1860.5014683153015,647,5.641421947449769
13612.0,633,1,818.29,1,1,2,112,Lost Customers,818.29,818.29,42551.08,1,52.0
13613.0,453,5,1039.8500000000001,1,3,3,133,At Risk,1039.8500000000001,207.97000000000003,1833.55193236715,207,8.816425120772946
13614.0,24,6,2332.74,4,3,4,434,Champions,2332.74,388.78999999999996,1615.654838709677,527,4.1555977229601515
13615.0,319,8,6272.53,2,4,4,244,Others,6272.53,784.06625,6342.031717451523,361,8.088642659279778
13616.0,568,2,283.85,1,2,1,121,Others,283.85,141.925,849.2233606557377,122,5.9836065573770485
13617.0,40,8,1278.75,3,4,3,343,Others,1278.75,159.84375,1028.069933920705,454,6.431718061674009
13618.0,174,1,177.34,2,1,1,211,Others,177.34,177.34,9221.68,1,52.0
13619.0,545,2,224.94,1,2,1,121,Others,224.94,112.47,636.4581395348838,129,5.658914728682171
13620.0,528,1,112.34,1,1,1,111,Lost Customers,112.34,112.34,5841.68,1,52.0
13621.0,117,1,213.85,2,1,1,211,Others,213.85,213.85,11120.199999999999,1,52.0
13622.0,696,1,658.95,1,1,2,112,Lost Customers,658.95,658.95,34265.4,1,52.0
13623.0,31,10,2533.06,3,4,4,344,Champions,2533.06,253.30599999999998,1309.5848441926344,706,5.169971671388102
13624.0,388,1,462.08,1,1,2,112,Lost Customers,462.08,462.08,24028.16,1,52.0
13625.0,597,1,301.26,1,1,1,111,Lost Customers,301.26,301.26,15665.52,1,52.0
13626.0,253,2,707.04,2,2,2,222,Others,707.04,353.52,2048.1714285714284,126,5.7936507936507935
13627.0,59,7,2245.9,3,3,3,333,Others,2245.9,320.84285714285716,1410.9354561101547,581,4.397590361445783
13628.0,676,1,310.14,1,1,1,111,Lost Customers,310.14,310.14,16127.279999999999,1,52.0
13629.0,23,19,13370.86,4,4,4,444,Champions,13370.86,703.7294736842106,7601.81292834891,642,10.802180685358255
13630.0,5,7,2031.78,4,3,3,433,Loyal Customers,2031.78,290.2542857142857,2648.5703571428567,280,9.125
13631.0,100,11,3070.42,2,4,4,244,Others,3070.42,279.1290909090909,6710.798203592814,167,24.04191616766467
13632.0,25,8,3645.81,4,4,4,444,Champions,3645.81,455.72625,2270.854351535836,586,4.982935153583617
13634.0,33,16,5033.77,3,4,4,344,Champions,5033.77,314.610625,2767.0573042168676,664,8.795180722891565
13635.0,68,4,2999.16,3,3,4,334,Others,2999.16,749.79,1631.4357675111773,671,2.1758569299552906
13636.0,37,5,949.12,3,3,3,333,Others,949.12,189.824,1396.8903225806453,248,7.358870967741936
13637.0,52,3,804.3,3,2,2,322,Potential Loyalist,804.3,268.09999999999997,1687.1810344827584,174,6.293103448275862
13638.0,16,1,122.64,4,1,1,411,Potential Loyalist,122.64,122.64,6377.28,1,52.0
13639.0,74,2,1346.27,3,2,3,323,Potential Loyalist,1346.27,673.135,1357.4269337016574,362,2.016574585635359
13640.0,611,1,405.0,1,1,2,112,Lost Customers,405.0,405.0,21060.0,1,52.0
13641.0,641,5,1016.47,1,3,3,133,At Risk,1016.47,203.294,3989.371505376344,93,19.623655913978492
13642.0,216,4,472.2,2,3,2,232,Others,472.2,118.05,794.2534562211981,217,6.728110599078341
13643.0,31,10,2156.77,3,4,3,343,Others,2156.77,215.677,1124.6015,700,5.214285714285714
13644.0,16,4,2624.26,4,3,4,434,Champions,2624.26,656.065,10762.414606741575,89,16.404494382022474
13645.0,120,1,252.1,2,1,1,211,Others,252.1,252.1,13109.199999999999,1,52.0
13646.0,400,2,326.25,1,2,1,121,Others,326.25,163.125,8482.5,1,52.0
13647.0,10,8,3041.68,4,4,4,444,Champions,3041.68,380.21,1872.1976391231026,593,4.924114671163575
13648.0,400,8,1764.02,1,4,3,143,At Risk,1764.02,220.5025,1910.5854599406528,337,8.664688427299703
13649.0,257,6,1453.68,2,3,3,233,Others,1453.68,242.28,1965.1599999999999,270,8.11111111111111
13650.0,17,10,3288.0,4,4,4,444,Champions,3288.0,328.8,1801.981981981982,666,5.48048048048048
13651.0,35,3,226.85,3,2,1,321,Potential Loyalist,226.85,75.61666666666666,239.30708092485548,346,3.1647398843930636
13652.0,46,5,2262.05,3,3,4,334,Others,2262.05,452.41,1362.4558580858086,606,3.0115511551155114
13653.0,488,1,152.2,1,1,1,111,Lost Customers,152.2,152.2,7914.4,1,52.0
13654.0,43,11,6308.0,3,4,4,344,Champions,6308.0,573.4545454545455,3317.608069164265,694,5.785302593659942
13655.0,114,6,2280.51,2,3,4,234,Others,2280.51,380.08500000000004,1745.0443396226415,477,4.5911949685534585
13656.0,165,4,1078.85,2,3,3,233,Others,1078.85,269.7125,915.7680232558138,430,3.395348837209302
13657.0,11,2,382.14,4,2,2,422,Potential Loyalist,382.14,191.07,734.111052631579,190,3.842105263157895
13658.0,10,9,6025.5,4,4,4,444,Champions,6025.5,669.5,3322.2167673716012,662,4.962235649546828
13659.0,206,12,4884.68,2,4,4,244,Others,4884.68,407.0566666666667,3918.4795604395604,455,9.626373626373626
13660.0,400,1,306.64,1,1,1,111,Lost Customers,306.64,306.64,15945.279999999999,1,52.0
13661.0,603,1,325.24,1,1,1,111,Lost Customers,325.24,325.24,16912.48,1,52.0
13662.0,86,11,2233.61,3,4,3,343,Others,2233.61,203.05545454545455,1425.2930944055945,572,7.019230769230769
13663.0,179,5,2047.51,2,3,3,233,Others,2047.51,409.502,1600.3022483940044,467,3.9079229122055676
13665.0,386,3,1711.6599999999999,1,2,3,123,Others,1711.6599999999999,570.5533333333333,5339.7940170940155,117,9.358974358974358
13666.0,60,5,127.89999999999999,3,3,1,331,Others,127.89999999999999,25.58,69.16074074074074,675,2.7037037037037037
13667.0,149,1,299.05,2,1,1,211,Others,299.05,299.05,15550.6,1,52.0
13668.0,3,35,12948.48,4,4,4,444,Champions,12948.48,369.9565714285714,6518.889931034482,725,17.620689655172413
13669.0,51,3,413.55,3,2,2,322,Potential Loyalist,413.55,137.85,424.0049157303371,356,3.0758426966292136
13670.0,75,1,349.7,3,1,2,312,Potential Loyalist,349.7,349.7,18184.399999999998,1,52.0
13671.0,395,1,172.6,1,1,1,111,Lost Customers,172.6,172.6,8975.199999999999,1,52.0
13672.0,301,3,419.92,2,2,2,222,Others,419.92,139.97333333333333,357.2745920745921,429,2.5524475524475525
13673.0,19,2,387.44,4,2,2,422,Potential Loyalist,387.44,193.72,10073.44,13,52.0
13674.0,433,1,240.68,1,1,1,111,Lost Customers,240.68,240.68,12515.36,1,52.0
13675.0,151,2,486.82000000000005,2,2,2,222,Others,486.82000000000005,243.41000000000003,1336.0097744360903,133,5.488721804511278
13676.0,539,2,243.9,1,2,1,121,Others,243.9,121.95,1112.79375,80,9.125
13677.0,405,2,551.24,1,2,2,122,Others,551.24,275.62,1749.5878260869567,115,6.347826086956522
13678.0,152,1,232.6,2,1,1,211,Others,232.6,232.6,12095.199999999999,1,52.0
13679.0,494,3,281.26,1,2,1,121,Others,281.26,93.75333333333333,425.97468879668054,241,4.543568464730291
13680.0,1,12,11419.67,4,4,4,444,Champions,11419.67,951.6391666666667,5686.465961800819,733,5.975443383356072
13681.0,18,4,827.83,4,3,2,432,Loyal Customers,827.83,206.9575,2205.532481751825,137,10.656934306569342
13682.0,187,1,59.5,2,1,1,211,Others,59.5,59.5,3094.0,1,52.0
13683.0,458,1,258.6,1,1,1,111,Lost Customers,258.6,258.6,13447.2,1,52.0
13684.0,286,4,594.88,2,3,2,232,Others,594.88,148.72,648.1528358208956,335,4.358208955223881
13685.0,3,7,3119.44,4,3,4,434,Champions,3119.44,445.63428571428574,19975.361403508774,57,44.824561403508774
13686.0,183,3,409.04,2,2,2,222,Others,409.04,136.34666666666666,684.8605504587156,218,5.022935779816514
13687.0,438,1,11880.84,1,1,4,114,Lost Customers,11880.84,11880.84,617803.68,1,52.0
13688.0,635,1,375.5,1,1,2,112,Lost Customers,375.5,375.5,19526.0,1,52.0
13689.0,63,2,1259.5,3,2,3,323,Potential Loyalist,1259.5,629.75,1206.6076115485564,381,1.916010498687664
13690.0,59,1,172.25,3,1,1,311,Potential Loyalist,172.25,172.25,8957.0,1,52.0
13691.0,396,1,212.78,1,1,1,111,Lost Customers,212.78,212.78,11064.56,1,52.0
13692.0,25,5,3114.4,4,3,4,434,Champions,3114.4,622.88,2877.86329113924,395,4.620253164556962
13693.0,374,9,2011.82,2,4,3,243,Others,2011.82,223.53555555555556,2051.1572625698327,358,9.175977653631286
13694.0,4,143,195640.69,4,4,4,444,Champions,195640.69,1368.1167132867133,71142.06909090909,731,52.0
13695.0,31,16,2770.73,3,4,4,344,Champions,2770.73,173.170625,1852.2279304029303,546,10.695970695970695
13696.0,422,3,2020.4,1,2,3,123,Others,2020.4,673.4666666666667,3022.3196721311474,244,4.487704918032787
13697.0,39,1,151.29999999999998,3,1,1,311,Potential Loyalist,151.29999999999998,151.29999999999998,7867.599999999999,1,52.0
13698.0,597,2,451.73,1,2,2,122,Others,451.73,225.865,1939.7817647058823,85,8.588235294117647
13699.0,155,2,764.15,2,2,2,222,Others,764.15,382.075,706.1132911392405,395,1.8481012658227847
13700.0,26,13,2596.9700000000003,4,4,4,444,Champions,2596.9700000000003,199.7669230769231,1471.8851708074535,644,7.368012422360248
13701.0,447,1,161.0,1,1,1,111,Lost Customers,161.0,161.0,8372.0,1,52.0
13702.0,446,1,135.18,1,1,1,111,Lost Customers,135.18,135.18,7029.360000000001,1,52.0
13703.0,318,2,425.56,2,2,2,222,Others,425.56,212.78,1618.0145833333336,96,7.604166666666668
13704.0,5,9,2308.06,4,4,4,444,Champions,2308.06,256.4511111111111,10149.902409638555,83,39.57831325301205
13705.0,8,7,1717.19,4,3,3,433,Loyal Customers,1717.19,245.31285714285715,1017.4908279220779,616,4.1477272727272725
13706.0,303,2,631.17,2,2,2,222,Others,631.17,315.585,711.0402777777776,324,2.253086419753086
13707.0,267,5,3365.86,2,3,4,234,Others,3365.86,673.172,4567.059107806692,269,6.784386617100372
13708.0,271,1,285.33,2,1,1,211,Others,285.33,285.33,14837.16,1,52.0
13709.0,4,18,7571.35,4,4,4,444,Champions,7571.35,420.6305555555556,3987.796176046176,693,9.48051948051948
13710.0,32,3,509.52,3,2,2,322,Potential Loyalist,509.52,169.84,320.64620689655175,580,1.8879310344827587
13711.0,219,9,1792.26,2,4,3,243,Others,1792.26,199.14,1295.3958415841585,505,6.504950495049505
13712.0,247,2,766.42,2,2,2,222,Others,766.42,383.21,768.5255494505494,364,2.0054945054945055
13713.0,408,3,740.76,1,2,2,122,Others,740.76,246.92,1553.8931034482757,174,6.293103448275862
13714.0,465,1,161.35,1,1,1,111,Lost Customers,161.35,161.35,8390.199999999999,1,52.0
13715.0,281,17,8153.04,2,4,4,244,Others,8153.04,479.5905882352941,8335.741176470587,357,17.38095238095238
13716.0,269,1,138.28,2,1,1,211,Others,138.28,138.28,7190.56,1,52.0
13717.0,32,8,1763.3,3,4,3,343,Others,1763.3,220.4125,1420.7604856512144,453,6.445916114790288
13718.0,246,2,306.55,2,2,1,221,Others,306.55,153.275,2283.4846938775513,49,14.89795918367347
13719.0,15,11,2783.08,4,4,4,444,Champions,2783.08,253.00727272727272,1827.021942446043,556,7.221223021582734
13720.0,117,4,799.9,2,3,2,232,Others,799.9,199.975,2115.677536231884,138,10.579710144927537
13721.0,36,2,741.54,3,2,2,322,Potential Loyalist,741.54,370.77,756.0393854748603,358,2.0391061452513966
13722.0,132,10,5635.41,2,4,4,244,Others,5635.41,563.5409999999999,4001.798929961089,514,7.101167315175097
13723.0,217,6,1194.08,2,3,3,233,Others,1194.08,199.01333333333332,1106.1908629441623,394,5.558375634517766
13724.0,637,1,213.01,1,1,1,111,Lost Customers,213.01,213.01,11076.52,1,52.0
13725.0,50,8,1980.56,3,4,3,343,Others,1980.56,247.57,2801.95503875969,258,11.317829457364342
13726.0,39,2,1079.6599999999999,3,2,3,323,Potential Loyalist,1079.6599999999999,539.8299999999999,6460.260655737703,61,11.967213114754097
13727.0,29,8,1074.15,3,4,3,343,Others,1074.15,134.26875,559.293509272468,701,4.165477888730385
13728.0,37,16,2855.17,3,4,4,344,Champions,2855.17,178.448125,1503.805266955267,693,8.427128427128427
13729.0,436,3,724.73,1,2,2,122,Others,724.73,241.57666666666668,1066.6389112903225,248,4.415322580645161
13730.0,136,2,752.6,2,2,2,222,Others,752.6,376.3,10987.960000000001,25,29.200000000000003
13731.0,219,2,610.59,2,2,2,222,Others,610.59,305.295,8254.272222222224,27,27.037037037037038
13732.0,28,1,491.86,3,1,2,312,Potential Loyalist,491.86,491.86,25576.72,1,52.0
13733.0,411,2,487.03000000000003,1,2,2,122,Others,487.03000000000003,243.51500000000001,548.6603395061728,324,2.253086419753086
13734.0,509,4,6695.6900000000005,1,3,4,134,At Risk,6695.6900000000005,1673.9225000000001,25999.22180851064,94,15.53191489361702
13735.0,25,13,9762.77,4,4,4,444,Champions,9762.77,750.9823076923077,5083.325320970042,701,6.768901569186876
13736.0,5,7,2752.47,4,3,4,434,Champions,2752.47,393.21,1380.0158653846154,728,3.5096153846153846
13737.0,200,1,339.59999999999997,2,1,1,211,Others,339.59999999999997,339.59999999999997,17659.199999999997,1,52.0
13738.0,396,1,434.78000000000003,1,1,2,112,Lost Customers,434.78000000000003,434.78000000000003,22608.56,1,52.0
13739.0,18,2,292.2,4,2,1,421,Potential Loyalist,292.2,146.1,209.5343811394892,509,1.4341846758349706
13740.0,241,5,1582.77,2,3,3,233,Others,1582.77,316.554,1164.7400201612902,496,3.679435483870968
13741.0,72,3,668.4300000000001,3,2,2,322,Potential Loyalist,668.4300000000001,222.81000000000003,1682.599655172414,145,7.551724137931035
13742.0,17,12,3107.87,4,4,4,444,Champions,3107.87,258.9891666666667,3743.803795379538,303,14.455445544554454
13743.0,3,7,1341.6,4,3,3,433,Loyal Customers,1341.6,191.65714285714284,1912.8281249999998,256,9.98046875
13744.0,95,2,1080.52,3,2,3,323,Potential Loyalist,1080.52,540.26,2001.9786802030455,197,3.7055837563451774
13745.0,162,2,777.36,2,2,2,222,Others,777.36,388.68,740.8261096605744,383,1.9060052219321149
13746.0,414,1,176.69,1,1,1,111,Lost Customers,176.69,176.69,9187.88,1,52.0
13747.0,374,2,169.79999999999998,2,2,1,221,Others,169.79999999999998,84.89999999999999,1215.2352941176468,51,14.313725490196077
13748.0,96,9,2064.35,3,4,3,343,Others,2064.35,229.3722222222222,1173.6569314641742,642,5.1168224299065415
13750.0,54,11,3602.1800000000003,3,4,4,344,Champions,3602.1800000000003,327.4709090909091,2335.3387211367676,563,7.131438721136767
13751.0,288,1,296.25,2,1,1,211,Others,296.25,296.25,15405.0,1,52.0
13752.0,124,7,1579.8300000000002,2,3,3,233,Others,1579.8300000000002,225.69000000000003,1430.8633995037221,403,6.3399503722084365
13753.0,288,4,2094.57,2,3,3,233,Others,2094.57,523.6425,1702.7128062360803,449,3.2516703786191536
13754.0,152,3,447.05,2,2,2,222,Others,447.05,149.01666666666668,572.5377192982456,285,3.8421052631578947
13755.0,4,9,2108.06,4,4,3,443,Champions,2108.06,234.2288888888889,12179.902222222223,59,52.0
13756.0,2,23,8655.95,4,4,4,444,Champions,8655.95,376.3456521739131,4375.93040166205,722,11.62742382271468
13757.0,675,1,195.55,1,1,1,111,Lost Customers,195.55,195.55,10168.6,1,52.0
13758.0,12,15,8698.13,4,4,4,444,Champions,8698.13,579.8753333333333,4367.011623108666,727,7.5309491059147184
13759.0,33,2,659.4100000000001,3,2,2,322,Potential Loyalist,659.4100000000001,329.70500000000004,6504.990540540542,37,19.72972972972973
13760.0,54,5,1363.6399999999999,3,3,3,333,Others,1363.6399999999999,272.72799999999995,923.4296846011131,539,3.385899814471243
13761.0,50,6,1952.17,3,3,3,333,Others,1952.17,325.3616666666667,1175.8119636963695,606,3.6138613861386135
13762.0,219,5,2472.48,2,3,4,234,Others,2472.48,494.496,1884.0400835073067,479,3.810020876826722
13763.0,63,3,5217.4400000000005,3,2,4,324,Potential Loyalist,5217.4400000000005,1739.1466666666668,5133.060916442049,371,2.951482479784367
13764.0,71,6,2919.62,3,3,4,334,Others,2919.62,486.6033333333333,1866.3070052539406,571,3.8353765323993
13765.0,653,1,352.821,1,1,2,112,Lost Customers,352.821,352.821,18346.692000000003,1,52.0
13766.0,495,1,190.35,1,1,1,111,Lost Customers,190.35,190.35,9898.199999999999,1,52.0
13767.0,2,73,33903.57,4,4,4,444,Champions,33903.57,464.43246575342465,16813.591100543475,736,36.20244565217391
13768.0,727,2,875.97,1,2,3,123,Others,875.97,437.985,22775.22,4,52.0
13769.0,2,20,5478.12,4,4,4,444,Champions,5478.12,273.906,2773.250762829404,721,10.124826629681
13770.0,422,4,785.37,1,3,2,132,At Risk,785.37,196.3425,930.7144480519481,308,4.740259740259741
13771.0,64,9,5728.82,3,4,4,344,Champions,5728.82,636.5355555555556,3556.1552721088433,588,5.586734693877551
13772.0,34,8,3100.02,3,4,4,344,Champions,3100.02,387.5025,1825.0117741935485,620,4.709677419354839
13773.0,397,2,301.54,1,2,1,121,Others,301.54,150.77,418.487072243346,263,2.7756653992395437
13774.0,82,1,345.0,3,1,2,312,Potential Loyalist,345.0,345.0,17940.0,1,52.0
13775.0,591,1,1049.66,1,1,3,113,Lost Customers,1049.66,1049.66,54582.32000000001,1,52.0
13776.0,428,2,623.98,1,2,2,122,Others,623.98,311.99,16223.48,1,52.0
13777.0,1,61,49638.26,4,4,4,444,Champions,49638.26,813.7419672131148,24583.39877883311,737,30.21031207598372
13778.0,103,4,1124.49,2,3,3,233,Others,1124.49,281.1225,888.3957792207793,462,3.1601731601731604
13779.0,516,1,161.13,1,1,1,111,Lost Customers,161.13,161.13,8378.76,1,52.0
13780.0,7,3,732.07,4,2,2,422,Potential Loyalist,732.07,244.02333333333334,669.6880952380952,399,2.744360902255639
13781.0,251,3,778.83,2,2,2,222,Others,778.83,259.61,604.8360638297872,470,2.329787234042553
13782.0,13,13,1786.08,4,4,3,443,Champions,1786.08,137.39076923076922,905.4433333333334,720,6.590277777777779
13783.0,488,4,1542.09,1,3,3,133,At Risk,1542.09,385.5225,3042.5018918918913,185,7.891891891891891
13784.0,10,14,2910.23,4,4,4,444,Champions,2910.23,207.87357142857144,2414.1680681818184,440,11.613636363636365
13785.0,429,4,542.49,1,3,2,132,At Risk,542.49,135.6225,6387.3822580645165,31,47.09677419354839
13786.0,367,6,3127.99,2,3,4,234,Others,3127.99,521.3316666666666,3102.4900815217384,368,5.951086956521738
13787.0,76,6,1222.5,3,3,3,333,Others,1222.5,203.75,720.8602584814216,619,3.5379644588045234
13788.0,505,1,3.75,1,1,1,111,Lost Customers,3.75,3.75,195.0,1,52.0
13789.0,388,1,239.45999999999998,1,1,1,111,Lost Customers,239.45999999999998,239.45999999999998,12451.919999999998,1,52.0
13790.0,4,1,348.8,4,1,2,412,Potential Loyalist,348.8,348.8,18137.600000000002,1,52.0
13791.0,128,2,1516.0,2,2,3,223,Others,1516.0,758.0,13833.5,40,18.25
13792.0,66,3,383.95,3,2,2,322,Potential Loyalist,383.95,127.98333333333333,393.6566011235955,356,3.0758426966292136
13793.0,647,1,96.0,1,1,1,111,Lost Customers,96.0,96.0,4992.0,1,52.0
13794.0,547,1,126.03,1,1,1,111,Lost Customers,126.03,126.03,6553.56,1,52.0
13795.0,388,4,836.3,1,3,2,132,At Risk,836.3,209.075,1225.9016064257028,249,5.863453815261044
13796.0,499,1,289.7,1,1,1,111,Lost Customers,289.7,289.7,15064.4,1,52.0
13797.0,437,3,1179.45,1,2,3,123,Others,1179.45,393.15000000000003,2049.9964285714286,210,5.214285714285714
13798.0,1,110,75428.87,4,4,4,444,Champions,75428.87,685.717,35657.284,729,52.0
13799.0,117,9,2803.57,2,4,4,244,Others,2803.57,311.5077777777778,1941.7515180265655,527,6.233396584440228
13800.0,310,3,1679.56,2,2,3,223,Others,1679.56,559.8533333333334,1435.6894613583138,427,2.5644028103044496
13801.0,67,1,324.8,3,1,1,311,Potential Loyalist,324.8,324.8,16889.600000000002,1,52.0
13802.0,139,19,26259.11,2,4,4,244,Others,26259.11,1382.0584210526315,18326.147514340344,523,13.260038240917781
13803.0,255,3,1338.91,2,2,3,223,Others,1338.91,446.30333333333334,1346.286914600551,363,3.0165289256198347
13804.0,31,9,3161.12,3,4,4,344,Champions,3161.12,351.23555555555555,2841.8935960591134,406,8.091133004926109
13805.0,52,2,924.6,3,2,3,323,Potential Loyalist,924.6,462.3,4440.513157894737,76,9.605263157894736
13806.0,64,1,256.38,3,1,1,311,Potential Loyalist,256.38,256.38,13331.76,1,52.0
13807.0,367,3,422.2,2,2,2,222,Others,422.2,140.73333333333332,418.75815217391295,368,2.975543478260869
13808.0,6,5,1747.66,4,3,3,433,Loyal Customers,1747.66,349.53200000000004,7009.845054945055,91,20.054945054945055
13809.0,305,3,679.7,2,2,2,222,Others,679.7,226.5666666666667,1600.5838709677423,155,7.064516129032259
13810.0,29,3,1499.01,3,2,3,323,Potential Loyalist,1499.01,499.67,20264.394444444446,27,40.55555555555556
13811.0,184,3,814.5,2,2,2,222,Others,814.5,271.5,5405.318181818182,55,19.90909090909091
13812.0,42,3,539.0,3,2,2,322,Potential Loyalist,539.0,179.66666666666666,3122.7777777777774,63,17.38095238095238
13813.0,40,8,2765.47,3,4,4,344,Champions,2765.47,345.68375,1454.461887608069,694,4.207492795389049
13814.0,92,3,2257.32,3,2,4,324,Potential Loyalist,2257.32,752.44,1898.4373271889401,434,2.5230414746543777
13815.0,22,8,7475.74,4,4,4,444,Champions,7475.74,934.4675,4243.616018662519,643,4.541213063763609
13816.0,24,2,571.6700000000001,4,2,2,422,Potential Loyalist,571.6700000000001,285.83500000000004,5216.48875,40,18.25
13817.0,29,2,382.98,3,2,2,322,Potential Loyalist,382.98,191.49,434.1232919254658,322,2.2670807453416146
13818.0,430,1,61.28,1,1,1,111,Lost Customers,61.28,61.28,3186.56,1,52.0
13819.0,302,6,2642.35,2,3,4,234,Others,2642.35,440.39166666666665,2212.0590596330276,436,5.022935779816514
13820.0,418,3,652.75,1,2,2,122,Others,652.75,217.58333333333334,909.3654580152671,262,4.179389312977099
13821.0,145,6,1379.08,2,3,3,233,Others,1379.08,229.84666666666666,900.4726296958855,559,3.9177101967799643
13822.0,6,2,632.0,4,2,2,422,Potential Loyalist,632.0,316.0,6784.7058823529405,34,21.470588235294116
13823.0,19,7,3403.4500000000003,4,3,4,434,Champions,3403.4500000000003,486.2071428571429,1762.0698581560287,705,3.624113475177305
13824.0,33,12,3314.76,3,4,4,344,Champions,3314.76,276.23,2003.1248344370863,604,7.251655629139073
13825.0,622,2,255.59,1,2,1,121,Others,255.59,127.795,863.7995370370371,108,6.7592592592592595
13826.0,176,1,189.5,2,1,1,211,Others,189.5,189.5,9854.0,1,52.0
13827.0,58,3,409.8,3,2,2,322,Potential Loyalist,409.8,136.6,1759.729411764706,85,12.882352941176471
13828.0,22,1,209.49,4,1,1,411,Potential Loyalist,209.49,209.49,10893.48,1,52.0
13829.0,421,1,102.0,1,1,1,111,Lost Customers,102.0,102.0,5304.0,1,52.0
13830.0,582,1,156.85000000000002,1,1,1,111,Lost Customers,156.85000000000002,156.85000000000002,8156.200000000001,1,52.0
13831.0,16,18,6585.54,4,4,4,444,Champions,6585.54,365.86333333333334,3371.2792426367464,713,9.214586255259468
13832.0,19,2,609.89,4,2,2,422,Potential Loyalist,609.89,304.945,552.3817617866005,403,1.8114143920595533
13833.0,159,2,700.41,2,2,2,222,Others,700.41,350.205,1047.7444672131146,244,2.9918032786885242
13834.0,577,2,324.19,1,2,1,121,Others,324.19,162.095,1286.1885869565217,92,7.934782608695651
13835.0,25,7,1095.27,4,3,3,433,Loyal Customers,1095.27,156.46714285714285,644.7960483870968,620,4.120967741935484
13836.0,399,2,620.37,1,2,2,122,Others,620.37,310.185,15095.670000000002,15,48.66666666666667
13837.0,212,2,266.59000000000003,2,2,1,221,Others,266.59000000000003,133.29500000000002,926.7176190476192,105,6.9523809523809526
13838.0,6,10,1690.07,4,4,3,443,Champions,1690.07,169.007,1076.5716404886562,573,6.369982547993019
13839.0,486,1,139.95000000000002,1,1,1,111,Lost Customers,139.95000000000002,139.95000000000002,7277.400000000001,1,52.0
13840.0,416,1,651.4,1,1,2,112,Lost Customers,651.4,651.4,33872.799999999996,1,52.0
13841.0,253,1,85.0,2,1,1,211,Others,85.0,85.0,4420.0,1,52.0
13842.0,59,18,5319.34,3,4,4,344,Champions,5319.34,295.5188888888889,3225.1812292358804,602,10.913621262458472
13843.0,381,1,319.75,1,1,1,111,Lost Customers,319.75,319.75,16627.0,1,52.0
13844.0,11,1,361.62,4,1,2,412,Potential Loyalist,361.62,361.62,18804.24,1,52.0
13845.0,65,1,312.98,3,1,1,311,Potential Loyalist,312.98,312.98,16274.960000000001,1,52.0
13846.0,25,4,1307.79,4,3,3,433,Loyal Customers,1307.79,326.9475,1272.9155999999998,375,3.893333333333333
13847.0,720,1,310.72,1,1,1,111,Lost Customers,310.72,310.72,16157.440000000002,1,52.0
13848.0,92,8,3015.0,3,4,4,344,Champions,3015.0,376.875,1727.5902668759811,637,4.583987441130298
13849.0,52,5,3469.3,3,3,4,334,Others,3469.3,693.86,2213.801573426573,572,3.1905594405594404
13850.0,129,1,1595.48,2,1,3,213,Others,1595.48,1595.48,82964.96,1,52.0
13851.0,96,8,4606.46,3,4,4,344,Champions,4606.46,575.8075,2879.0375,584,5.0
13852.0,611,1,187.35000000000002,1,1,1,111,Lost Customers,187.35000000000002,187.35000000000002,9742.2,1,52.0
13853.0,57,1,1090.14,3,1,3,313,Potential Loyalist,1090.14,1090.14,56687.280000000006,1,52.0
13854.0,9,39,11944.56,4,4,4,444,Champions,11944.56,306.2707692307692,6309.35513748191,691,20.600578871201158
13855.0,501,4,1310.3400000000001,1,3,3,133,At Risk,1310.3400000000001,327.58500000000004,2079.4526086956525,230,6.347826086956522
13856.0,169,11,1142.03,2,4,3,243,Others,1142.03,103.82090909090908,926.3132222222222,450,8.922222222222222
13857.0,393,6,1001.01,1,3,3,133,At Risk,1001.01,166.835,2064.229661016949,177,12.372881355932202
13858.0,57,1,216.17,3,1,1,311,Potential Loyalist,216.17,216.17,11240.84,1,52.0
13859.0,326,2,515.86,2,2,2,222,Others,515.86,257.93,927.5315270935961,203,3.5960591133004924
13860.0,1,5,1245.9,4,3,3,433,Loyal Customers,1245.9,249.18,5350.041176470589,85,21.47058823529412
13861.0,429,2,273.26,1,2,1,121,Others,273.26,136.63,987.5237623762378,101,7.227722772277229
13862.0,18,9,2556.09,4,4,4,444,Champions,2556.09,284.01,2514.751617250674,371,8.8544474393531
13863.0,248,4,1239.55,2,3,3,233,Others,1239.55,309.8875,1311.4079710144927,345,4.231884057971015
13864.0,387,1,662.4000000000001,1,1,2,112,Lost Customers,662.4000000000001,662.4000000000001,34444.8,1,52.0
13865.0,58,4,501.56,3,3,2,332,Others,501.56,125.39,792.5082251082251,231,6.320346320346321
13866.0,74,1,145.67000000000002,3,1,1,311,Potential Loyalist,145.67000000000002,145.67000000000002,7574.840000000001,1,52.0
13867.0,31,3,1005.09,3,2,3,323,Potential Loyalist,1005.09,335.03000000000003,1972.3540322580645,186,5.887096774193548
13868.0,7,2,3192.54,4,2,4,424,Potential Loyalist,3192.54,1596.27,37589.58387096775,31,23.548387096774196
13869.0,123,10,7996.87,2,4,4,244,Others,7996.87,799.687,5147.896913580247,567,6.4373897707231045
13870.0,2,15,5712.08,4,4,4,444,Champions,5712.08,380.80533333333335,3125.800899550225,667,8.20839580209895
13871.0,23,17,7885.85,4,4,4,444,Champions,7885.85,463.8735294117647,4135.53915229885,696,8.915229885057471
13872.0,527,3,919.57,1,2,3,123,Others,919.57,306.52333333333337,1695.1669191919193,198,5.53030303030303
13873.0,120,8,1038.92,2,4,3,243,Others,1038.92,129.865,720.9235741444867,526,5.551330798479087
13874.0,358,7,2049.15,2,3,3,233,Others,2049.15,292.7357142857143,2381.9737261146497,314,8.136942675159235
13875.0,54,14,4814.37,3,4,4,344,Champions,4814.37,343.88357142857143,2630.606362275449,668,7.649700598802395
13876.0,64,1,122.7,3,1,1,311,Potential Loyalist,122.7,122.7,6380.400000000001,1,52.0
13877.0,86,3,449.68,3,2,2,322,Potential Loyalist,449.68,149.89333333333335,272.19436152570484,603,1.8159203980099503
13878.0,55,4,2416.9,3,3,4,334,Others,2416.9,604.225,1606.8642987249546,549,2.6593806921675776
13879.0,646,1,395.5,1,1,2,112,Lost Customers,395.5,395.5,20566.0,1,52.0
13880.0,21,17,4293.86,4,4,4,444,Champions,4293.86,252.57999999999998,2902.3312962962964,540,11.490740740740742
13881.0,4,43,45179.1,4,4,4,444,Champions,45179.1,1050.6767441860466,25726.008580343216,641,24.485179407176286
13882.0,3,5,1191.13,4,3,3,433,Loyal Customers,1191.13,238.22600000000003,7127.253278688525,61,29.918032786885245
13883.0,11,15,6560.02,4,4,4,444,Champions,6560.02,437.3346666666667,3325.565694444445,720,7.604166666666667
13884.0,7,10,1825.03,4,4,3,443,Champions,1825.03,182.503,1441.8527056277055,462,7.900432900432901
13885.0,189,2,506.8,2,2,2,222,Others,506.8,253.4,13176.800000000001,11,52.0
13886.0,71,1,243.56,3,1,1,311,Potential Loyalist,243.56,243.56,12665.12,1,52.0
13887.0,204,1,349.55,2,1,2,212,Others,349.55,349.55,18176.600000000002,1,52.0
13888.0,120,7,2001.59,2,4,3,243,Others,2001.59,285.94142857142856,1605.6710989010987,455,5.615384615384615
13889.0,93,6,1991.23,3,3,3,333,Others,1991.23,331.87166666666667,1225.6306070826306,593,3.693086003372681
13890.0,1,14,2927.38,4,4,4,444,Champions,2927.38,209.09857142857143,1459.6908469945354,732,6.98087431693989
13891.0,378,3,859.21,2,2,2,222,Others,859.21,286.40333333333336,1544.884975369458,203,5.394088669950738
13892.0,27,6,1267.6499999999999,3,3,3,333,Others,1267.6499999999999,211.27499999999998,842.7909836065572,549,3.989071038251366
13893.0,298,1,821.1,2,1,2,212,Others,821.1,821.1,42697.200000000004,1,52.0
13894.0,24,3,564.62,4,2,2,422,Potential Loyalist,564.62,188.20666666666668,720.5814685314685,286,3.8286713286713288
13895.0,28,6,4008.52,3,3,4,334,Others,4008.52,668.0866666666667,2066.539265536723,708,3.0932203389830506
13896.0,626,1,388.55,1,1,2,112,Lost Customers,388.55,388.55,20204.600000000002,1,52.0
13897.0,50,3,1160.72,3,2,3,323,Potential Loyalist,1160.72,386.9066666666667,675.6982456140352,627,1.7464114832535886
13898.0,326,2,686.4,2,2,2,222,Others,686.4,343.2,2947.4823529411765,85,8.588235294117647
13899.0,16,2,388.52,4,2,2,422,Potential Loyalist,388.52,194.26,549.6503875968992,258,2.8294573643410854
13900.0,183,6,1610.59,2,3,3,233,Others,1610.59,268.4316666666667,1333.0280045351474,441,4.965986394557823
13901.0,72,15,5676.34,3,4,4,344,Champions,5676.34,378.42266666666666,3283.4613312202855,631,8.676703645007924
13902.0,632,5,34095.26,1,3,4,134,At Risk,34095.26,6819.052000000001,135269.23804347825,92,19.83695652173913
13903.0,400,1,165.45000000000002,1,1,1,111,Lost Customers,165.45000000000002,165.45000000000002,8603.400000000001,1,52.0
13904.0,37,2,332.64,3,2,1,321,Potential Loyalist,332.64,166.32,472.4264591439689,257,2.840466926070039
13905.0,733,1,312.65,1,1,1,111,Lost Customers,312.65,312.65,16257.8,1,52.0
13906.0,409,1,42.0,1,1,1,111,Lost Customers,42.0,42.0,2184.0,1,52.0
13907.0,692,1,136.8,1,1,1,111,Lost Customers,136.8,136.8,7113.6,1,52.0
13908.0,80,4,2369.55,3,3,4,334,Others,2369.55,592.3875,4412.682397959184,196,7.448979591836735
13909.0,423,2,282.85,1,2,1,121,Others,282.85,141.425,1053.4719387755104,98,7.448979591836735
13911.0,57,20,4234.99,3,4,4,344,Champions,4234.99,211.74949999999998,2619.951440677966,590,12.372881355932202
13912.0,424,1,124.95,1,1,1,111,Lost Customers,124.95,124.95,6497.400000000001,1,52.0
13913.0,507,1,42.22,1,1,1,111,Lost Customers,42.22,42.22,2195.44,1,52.0
13914.0,12,2,626.45,4,2,2,422,Potential Loyalist,626.45,313.225,9527.26041666667,24,30.41666666666667
13915.0,394,1,70.80000000000001,1,1,1,111,Lost Customers,70.80000000000001,70.80000000000001,3681.6000000000004,1,52.0
13916.0,464,4,1275.81,1,3,3,133,At Risk,1275.81,318.9525,2206.9699052132705,211,6.919431279620854
13917.0,50,2,272.04,3,2,1,321,Potential Loyalist,272.04,136.02,704.2170212765957,141,5.177304964539006
13918.0,50,2,1212.8400000000001,3,2,3,323,Potential Loyalist,1212.8400000000001,606.4200000000001,2180.722167487685,203,3.5960591133004924
13919.0,59,4,1360.68,3,3,3,333,Others,1360.68,340.17,1032.5326403326403,481,3.0353430353430353
13920.0,432,4,1774.68,1,3,3,133,At Risk,1774.68,443.67,4982.755384615385,130,11.230769230769232
13921.0,402,4,730.7,1,3,2,132,At Risk,730.7,182.675,836.0673981191223,319,4.576802507836991
13922.0,352,3,865.2,2,2,2,222,Others,865.2,288.40000000000003,2746.0695652173918,115,9.521739130434783
13923.0,54,1,351.13,3,1,2,312,Potential Loyalist,351.13,351.13,18258.76,1,52.0
13924.0,2,6,1838.8500000000001,4,3,3,433,Loyal Customers,1838.8500000000001,306.475,9588.289285714287,70,31.28571428571429
13925.0,93,4,678.25,3,3,2,332,Others,678.25,169.5625,5894.315476190476,42,34.76190476190476
13926.0,23,1,223.85000000000002,4,1,1,411,Potential Loyalist,223.85000000000002,223.85000000000002,11640.2,1,52.0
13927.0,75,2,708.26,3,2,2,322,Potential Loyalist,708.26,354.13,714.1295580110498,362,2.016574585635359
13928.0,11,4,464.57,4,3,2,432,Loyal Customers,464.57,116.1425,1389.9020491803276,122,11.967213114754097
13929.0,169,11,3494.1,2,4,4,244,Others,3494.1,317.6454545454545,2429.2314285714288,525,7.647619047619048
13930.0,58,2,337.34,3,2,1,321,Potential Loyalist,337.34,168.67,1578.578205128205,78,9.358974358974358
13931.0,96,11,5257.38,3,4,4,344,Champions,5257.38,477.94363636363636,2998.34953125,640,6.2734375
13932.0,295,1,307.4,2,1,1,211,Others,307.4,307.4,15984.8,1,52.0
13933.0,109,2,608.7900000000001,2,2,2,222,Others,608.7900000000001,304.39500000000004,5697.65,39,18.717948717948715
13934.0,264,1,922.1,2,1,3,213,Others,922.1,922.1,47949.200000000004,1,52.0
13935.0,597,3,6116.92,1,2,4,124,Others,6116.92,2038.9733333333334,40594.10545454545,55,19.90909090909091
13936.0,180,3,939.66,2,2,3,223,Others,939.66,313.21999999999997,1465.708974358974,234,4.679487179487179
13937.0,169,2,880.13,2,2,3,223,Others,880.13,440.065,1378.7444206008583,233,3.133047210300429
13938.0,35,1,71.66,3,1,1,311,Potential Loyalist,71.66,71.66,3726.3199999999997,1,52.0
13939.0,23,7,1560.96,4,4,3,443,Champions,1560.96,222.99428571428572,967.3181663837014,589,4.3378607809847205
13940.0,17,4,839.14,4,3,2,432,Loyal Customers,839.14,209.785,2430.8420634920635,126,11.587301587301587
13941.0,22,15,10027.18,4,4,4,444,Champions,10027.18,668.4786666666666,5220.999572039943,701,7.8102710413694725
13942.0,535,1,320.0,1,1,1,111,Lost Customers,320.0,320.0,16640.0,1,52.0
13943.0,578,1,246.54,1,1,1,111,Lost Customers,246.54,246.54,12820.08,1,52.0
13944.0,653,1,200.43,1,1,1,111,Lost Customers,200.43,200.43,10422.36,1,52.0
13945.0,395,2,854.15,1,2,2,122,Others,854.15,427.075,3667.820588235294,85,8.588235294117647
13946.0,79,6,1876.23,3,3,3,333,Others,1876.23,312.705,1043.9389481707317,656,3.3384146341463414
13947.0,65,1,90.6,3,1,1,311,Potential Loyalist,90.6,90.6,4711.2,1,52.0
13948.0,361,4,548.76,2,3,2,232,Others,548.76,137.19,535.5545454545454,374,3.9037433155080214
13949.0,3,6,2427.32,4,3,4,434,Champions,2427.32,404.55333333333334,9735.953846153847,91,24.065934065934066
13950.0,11,4,745.06,4,3,2,432,Loyal Customers,745.06,186.265,1157.2208510638297,235,6.212765957446808
13951.0,176,3,674.45,2,2,2,222,Others,674.45,224.8166666666667,2086.2224576271187,118,9.279661016949152
13952.0,218,14,12823.521,2,4,4,244,Others,12823.521,915.9657857142857,9268.485475247526,505,10.118811881188119
13953.0,7,12,6640.68,4,4,4,444,Champions,6640.68,553.39,3361.7866851595004,721,6.074895977808599
13954.0,2,2,439.92,4,2,2,422,Potential Loyalist,439.92,219.96,2327.1130434782613,69,10.579710144927537
13955.0,154,3,544.0699999999999,2,2,2,222,Others,544.0699999999999,181.35666666666665,902.6615909090909,220,4.9772727272727275
13956.0,5,5,1019.27,4,3,3,433,Loyal Customers,1019.27,203.85399999999998,1398.6223684210524,266,6.860902255639098
13957.0,418,3,458.25,1,2,2,122,Others,458.25,152.75,696.921875,240,4.5625
13958.0,380,8,4709.2300000000005,2,4,4,244,Others,4709.2300000000005,588.6537500000001,4855.562005649718,354,8.248587570621469
13959.0,79,6,1064.77,3,3,3,333,Others,1064.77,177.46166666666667,901.7193735498842,431,5.081206496519722
13960.0,21,2,230.22,4,2,1,421,Potential Loyalist,230.22,115.11,1680.6060000000002,50,14.600000000000001
13961.0,392,1,538.4,1,1,2,112,Lost Customers,538.4,538.4,27996.8,1,52.0
13962.0,22,3,362.8,4,2,2,422,Potential Loyalist,362.8,120.93333333333334,320.634382566586,413,2.6513317191283297
13963.0,308,17,2860.57,2,4,4,244,Others,2860.57,168.26882352941178,3625.375173611111,288,21.54513888888889
13964.0,387,2,438.9,1,2,2,122,Others,438.9,219.45,3725.5465116279065,43,16.97674418604651
13965.0,477,3,996.61,1,2,3,123,Others,996.61,332.2033333333333,1609.5692477876107,226,4.845132743362832
13966.0,435,1,384.26,1,1,2,112,Lost Customers,384.26,384.26,19981.52,1,52.0
13967.0,146,2,166.3,2,2,1,221,Others,166.3,83.15,242.79800000000006,250,2.9200000000000004
13968.0,423,1,123.66,1,1,1,111,Lost Customers,123.66,123.66,6430.32,1,52.0
13969.0,7,35,12973.460000000001,4,4,4,444,Champions,12973.460000000001,370.67028571428574,7674.737277147488,617,20.705024311183145
13970.0,386,2,846.55,1,2,2,122,Others,846.55,423.275,6058.642156862745,51,14.313725490196077
13971.0,19,14,4667.57,4,4,4,444,Champions,4667.57,333.3978571428571,2565.757605421686,664,7.69578313253012
13972.0,71,2,190.25,3,2,1,321,Potential Loyalist,190.25,95.125,530.0858778625953,131,5.572519083969465
13973.0,287,1,264.7,2,1,1,211,Others,264.7,264.7,13764.4,1,52.0
13974.0,49,2,677.72,3,2,2,322,Potential Loyalist,677.72,338.86,464.9770676691729,532,1.3721804511278195
13975.0,31,12,5256.4,3,4,4,344,Champions,5256.4,438.0333333333333,2979.170807453416,644,6.801242236024844
13976.0,207,4,1192.36,2,3,3,233,Others,1192.36,298.09,944.0594360086767,461,3.1670281995661607
13977.0,411,1,519.8100000000001,1,1,2,112,Lost Customers,519.8100000000001,519.8100000000001,27030.120000000003,1,52.0
13978.0,15,2,196.79000000000002,4,2,1,421,Potential Loyalist,196.79000000000002,98.39500000000001,2394.2783333333336,30,24.333333333333336
13979.0,73,7,3379.93,3,4,4,344,Champions,3379.93,482.84714285714284,1860.7457767722474,663,3.8536953242835597
13980.0,60,5,768.82,3,3,2,332,Others,768.82,153.764,471.6290756302521,595,3.0672268907563023
13981.0,416,1,331.14,1,1,1,111,Lost Customers,331.14,331.14,17219.28,1,52.0
13982.0,39,9,3954.29,3,4,4,344,Champions,3954.29,439.36555555555555,2223.9073189522346,649,5.061633281972266
13983.0,30,21,6753.89,3,4,4,344,Champions,6753.89,321.61380952380955,3521.671214285715,700,10.950000000000001
13984.0,27,12,1893.8,3,4,3,343,Others,1893.8,157.81666666666666,979.0892351274788,706,6.203966005665722
13985.0,4,22,10020.86,4,4,4,444,Champions,10020.86,455.49363636363637,5508.454668674699,664,12.093373493975903
13986.0,17,1,320.46,4,1,1,411,Potential Loyalist,320.46,320.46,16663.92,1,52.0
13987.0,380,2,682.54,2,2,2,222,Others,682.54,341.27,11863.195238095237,21,34.76190476190476
13988.0,20,8,4757.8,4,4,4,444,Champions,4757.8,594.725,2870.40826446281,605,4.8264462809917354
13989.0,66,5,2026.06,3,3,3,333,Others,2026.06,405.212,1487.9515090543257,497,3.6720321931589535
13990.0,213,1,311.3,2,1,1,211,Others,311.3,311.3,16187.6,1,52.0
13991.0,12,6,852.88,4,3,2,432,Loyal Customers,852.88,142.14666666666668,2376.345038167939,131,16.717557251908396
13992.0,30,3,219.5,3,2,1,321,Potential Loyalist,219.5,73.16666666666667,185.45717592592595,432,2.5347222222222223
13993.0,43,19,6775.71,3,4,4,344,Champions,6775.71,356.6163157894737,3568.736147186147,693,10.007215007215006
13994.0,4,6,2274.14,4,3,4,434,Champions,2274.14,379.0233333333333,5764.313194444444,144,15.208333333333334
13995.0,15,14,3902.01,4,4,4,444,Champions,3902.01,278.71500000000003,2017.3281161473092,706,7.237960339943343
13996.0,386,2,895.76,1,2,3,123,Others,895.76,447.88,23289.76,13,52.0
13997.0,519,3,376.46,1,2,2,122,Others,376.46,125.48666666666666,4432.512903225806,31,35.32258064516129
13998.0,447,3,566.7,1,2,2,122,Others,566.7,188.9,1603.4534883720933,129,8.488372093023257
13999.0,10,29,9502.26,4,4,4,444,Champions,9502.26,327.6641379310345,4790.504005524862,724,14.620165745856353
14000.0,211,5,2046.3400000000001,2,3,3,233,Others,2046.3400000000001,409.26800000000003,1419.988783269962,526,3.4695817490494294
14001.0,46,9,4228.85,3,4,4,344,Champions,4228.85,469.87222222222226,3453.087807606264,447,7.348993288590604
14002.0,134,2,529.73,2,2,2,222,Others,529.73,264.865,8788.702272727272,22,33.18181818181818
14003.0,733,1,209.41,1,1,1,111,Lost Customers,209.41,209.41,10889.32,1,52.0
14004.0,43,11,6258.45,3,4,4,344,Champions,6258.45,568.9499999999999,5827.383290816326,392,10.24234693877551
14005.0,10,5,2874.72,4,3,4,434,Champions,2874.72,574.944,5093.557281553397,206,8.859223300970873
14006.0,116,7,2196.67,2,4,3,243,Others,2196.67,313.81,1495.866697761194,536,4.766791044776119
14007.0,513,1,79.48,1,1,1,111,Lost Customers,79.48,79.48,4132.96,1,52.0
14008.0,432,1,509.04,1,1,2,112,Lost Customers,509.04,509.04,26470.08,1,52.0
14009.0,198,3,1099.91,2,2,3,223,Others,1099.91,366.6366666666667,1520.7089015151516,264,4.1477272727272725
14010.0,565,2,445.15,1,2,2,122,Others,445.15,222.575,11573.9,1,52.0
14011.0,480,2,457.82,1,2,2,122,Others,457.82,228.91,1315.7818897637794,127,5.748031496062992
14012.0,278,1,328.8,2,1,1,211,Others,328.8,328.8,17097.600000000002,1,52.0
14013.0,110,5,1084.57,2,3,3,233,Others,1084.57,216.914,771.6726120857699,513,3.557504873294347
14014.0,77,3,1948.21,3,2,3,323,Potential Loyalist,1948.21,649.4033333333333,1425.043386773547,499,2.19438877755511
14015.0,53,1,917.34,3,1,3,313,Potential Loyalist,917.34,917.34,47701.68,1,52.0
14016.0,162,11,11403.41,2,4,4,244,Others,11403.41,1036.6736363636364,7736.514219330856,538,7.462825278810409
14017.0,571,1,229.75,1,1,1,111,Lost Customers,229.75,229.75,11947.0,1,52.0
14018.0,645,1,367.15000000000003,1,1,2,112,Lost Customers,367.15000000000003,367.15000000000003,19091.800000000003,1,52.0
14019.0,47,3,1421.61,3,2,3,323,Potential Loyalist,1421.61,473.86999999999995,5702.062087912087,91,12.032967032967033
14020.0,17,4,1249.01,4,3,3,433,Loyal Customers,1249.01,312.2525,890.40751953125,512,2.8515625
14021.0,155,7,1716.58,2,4,3,243,Others,1716.58,245.22571428571428,1433.7567505720822,437,5.846681922196796
14022.0,225,2,792.15,2,2,2,222,Others,792.15,396.075,1107.7959770114942,261,2.796934865900383
14023.0,7,2,584.07,4,2,2,422,Potential Loyalist,584.07,292.035,880.9320247933885,242,3.0165289256198347
14024.0,122,3,645.74,2,2,2,222,Others,645.74,215.24666666666667,876.1899628252788,269,4.070631970260223
14025.0,465,8,4057.9,1,4,4,144,At Risk,4057.9,507.2375,12446.500000000002,119,24.537815126050422
14026.0,471,2,713.11,1,2,2,122,Others,713.11,356.555,1690.1633116883118,154,4.740259740259741
14027.0,61,1,104.82,3,1,1,311,Potential Loyalist,104.82,104.82,5450.639999999999,1,52.0
14028.0,550,3,10396.5,1,2,4,124,Others,10396.5,3465.5,180206.0,1,52.0
14029.0,63,2,467.66,3,2,2,322,Potential Loyalist,467.66,233.83,2133.69875,80,9.125
14030.0,18,20,7521.8,4,4,4,444,Champions,7521.8,376.09000000000003,3866.840845070423,710,10.28169014084507
14031.0,7,44,39019.51,4,4,4,444,Champions,39019.51,886.8070454545455,19536.51735253772,729,22.030178326474623
14032.0,2,16,4546.41,4,4,4,444,Champions,4546.41,284.150625,2295.2139004149376,723,8.077455048409405
14033.0,555,1,109.44,1,1,1,111,Lost Customers,109.44,109.44,5690.88,1,52.0
14034.0,22,3,648.89,4,2,2,422,Potential Loyalist,648.89,216.29666666666665,1754.4062962962962,135,8.11111111111111
14035.0,29,9,2794.75,3,4,4,344,Champions,2794.75,310.52777777777777,1749.7148370497425,583,5.634648370497427
14036.0,285,1,626.65,2,1,2,212,Others,626.65,626.65,32585.8,1,52.0
14037.0,176,6,836.95,2,3,2,232,Others,836.95,139.49166666666667,549.4366007194245,556,3.9388489208633093
14038.0,78,5,3069.88,3,3,4,334,Others,3069.88,613.976,1883.2036974789914,595,3.0672268907563023
14039.0,33,2,267.28000000000003,3,2,1,321,Potential Loyalist,267.28000000000003,133.64000000000001,179.99483394833953,542,1.3468634686346865
14040.0,41,35,12523.81,3,4,4,344,Champions,12523.81,357.82314285714284,6548.983739255014,698,18.302292263610315
14041.0,266,1,141.41,2,1,1,211,Others,141.41,141.41,7353.32,1,52.0
14042.0,725,1,431.98,1,1,2,112,Lost Customers,431.98,431.98,22462.96,1,52.0
14043.0,491,2,302.6,1,2,1,121,Others,302.6,151.3,464.0714285714286,238,3.0672268907563027
14044.0,27,10,3077.7,3,4,4,344,Champions,3077.7,307.77,1709.8333333333333,657,5.555555555555555
14045.0,109,16,10986.63,2,4,4,244,Others,10986.63,686.664375,6785.312944162436,591,9.88155668358714
14046.0,284,1,154.99,2,1,1,211,Others,154.99,154.99,8059.4800000000005,1,52.0
14047.0,9,14,3968.11,4,4,4,444,Champions,3968.11,283.43642857142856,2168.2038173652695,668,7.649700598802395
14048.0,305,3,748.69,2,2,2,222,Others,748.69,249.56333333333336,3548.9850649350656,77,14.220779220779221
14049.0,17,13,13023.4,4,4,4,444,Champions,13023.4,1001.8,7922.568333333334,600,7.908333333333334
14050.0,32,2,746.36,3,2,2,322,Potential Loyalist,746.36,373.18,3681.3702702702703,74,9.864864864864865
14051.0,1,37,21770.98,4,4,4,444,Champions,21770.98,588.4048648648649,10811.439047619047,735,18.374149659863946
14052.0,20,2,466.66,4,2,2,422,Potential Loyalist,466.66,233.33,459.1129380053909,371,1.9676549865229112
14053.0,124,4,572.3,2,3,2,232,Others,572.3,143.075,577.042817679558,362,4.033149171270718
14054.0,65,1,92.46,3,1,1,311,Potential Loyalist,92.46,92.46,4807.92,1,52.0
14055.0,106,3,1520.96,2,2,3,223,Others,1520.96,506.9866666666667,901.2181818181818,616,1.7775974025974026
14056.0,1,23,8152.71,4,4,4,444,Champions,8152.71,354.46565217391304,10552.266489361702,282,29.76950354609929
14057.0,24,22,8346.66,4,4,4,444,Champions,8346.66,379.39363636363635,4278.835533707865,712,11.27808988764045
14058.0,463,2,469.19,1,2,2,122,Others,469.19,234.595,2556.0350746268655,67,10.895522388059701
14059.0,267,1,183.6,2,1,1,211,Others,183.6,183.6,9547.199999999999,1,52.0
14060.0,5,30,8898.24,4,4,4,444,Champions,8898.24,296.608,5122.803785488959,634,17.271293375394322
14061.0,507,3,917.4300000000001,1,2,3,123,Others,917.4300000000001,305.81,1455.9215217391306,230,4.760869565217392
14062.0,10,24,25585.65,4,4,4,444,Champions,25585.65,1066.0687500000001,12988.542767732964,719,12.183588317107093
14063.0,438,9,22710.2,1,4,4,144,At Risk,22710.2,2523.355555555556,28290.86348122867,293,11.211604095563139
14064.0,29,15,3260.24,3,4,4,344,Champions,3260.24,217.3493333333333,1811.2444444444443,657,8.333333333333334
14065.0,389,3,891.02,1,2,3,123,Others,891.02,297.00666666666666,7743.388095238096,42,26.071428571428573
14066.0,267,1,152.55,2,1,1,211,Others,152.55,152.55,7932.6,1,52.0
14067.0,64,2,374.7,3,2,2,322,Potential Loyalist,374.7,187.35,4273.921875,32,22.8125
14068.0,320,4,1516.72,2,3,3,233,Others,1516.72,379.18,1550.7081232492997,357,4.089635854341736
14069.0,515,2,225.81,1,2,1,121,Others,225.81,112.905,1791.753260869565,46,15.869565217391303
14070.0,685,1,321.6,1,1,1,111,Lost Customers,321.6,321.6,16723.2,1,52.0
14071.0,4,8,1437.57,4,4,3,443,Champions,1437.57,179.69625,2010.394827586207,261,11.187739463601533
14072.0,667,1,390.85,1,1,2,112,Lost Customers,390.85,390.85,20324.2,1,52.0
14073.0,32,1,151.04,3,1,1,311,Potential Loyalist,151.04,151.04,7854.08,1,52.0
14074.0,623,1,219.39999999999998,1,1,1,111,Lost Customers,219.39999999999998,219.39999999999998,11408.8,1,52.0
14075.0,5,6,1734.87,4,3,3,433,Loyal Customers,1734.87,289.145,1181.3946828358207,536,4.085820895522388
14076.0,129,1,118.67,2,1,1,211,Others,118.67,118.67,6170.84,1,52.0
14077.0,41,6,615.0799999999999,3,3,2,332,Others,615.0799999999999,102.51333333333332,634.1926553672315,354,6.186440677966101
14078.0,102,9,1553.47,2,4,3,243,Others,1553.47,172.60777777777778,1092.5174373795762,519,6.329479768786127
14079.0,125,2,618.73,2,2,2,222,Others,618.73,309.365,405.45143626570916,557,1.310592459605027
14080.0,33,5,1115.68,3,3,3,333,Others,1115.68,223.13600000000002,578.4420454545456,704,2.5923295454545454
14081.0,302,10,4867.57,2,4,4,244,Others,4867.57,486.75699999999995,4170.570539906103,426,8.568075117370892
14082.0,365,2,413.36,2,2,2,222,Others,413.36,206.68,5588.0148148148155,27,27.037037037037038
14083.0,4,11,1082.19,4,4,3,443,Champions,1082.19,98.3809090909091,550.9056485355649,717,5.599721059972106
14084.0,512,1,150.5,1,1,1,111,Lost Customers,150.5,150.5,7826.0,1,52.0
14085.0,2,33,9720.67,4,4,4,444,Champions,9720.67,294.5657575757576,4867.002126200274,729,16.522633744855966
14086.0,463,1,39.95,1,1,1,111,Lost Customers,39.95,39.95,2077.4,1,52.0
14087.0,3,3,829.47,4,2,2,422,Potential Loyalist,829.47,276.49,413.60184426229506,732,1.4959016393442621
14088.0,10,16,64036.8,4,4,4,444,Champions,64036.8,4002.3,57008.37073170732,410,14.24390243902439
14089.0,57,1,158.75,3,1,1,311,Potential Loyalist,158.75,158.75,8255.0,1,52.0
14090.0,325,1,76.32000000000001,2,1,1,211,Others,76.32000000000001,76.32000000000001,3968.6400000000003,1,52.0
14091.0,654,2,9530.08,1,2,4,124,Others,9530.08,4765.04,79056.34545454544,44,16.59090909090909
14092.0,8,24,7229.45,4,4,4,444,Champions,7229.45,301.2270833333333,3690.5583916083915,715,12.251748251748252
14093.0,12,1,433.86,4,1,2,412,Potential Loyalist,433.86,433.86,22560.72,1,52.0
14094.0,440,1,311.77,1,1,1,111,Lost Customers,311.77,311.77,16212.039999999999,1,52.0
14095.0,723,1,2.95,1,1,1,111,Lost Customers,2.95,2.95,153.4,1,52.0
14096.0,4,17,65164.79,4,4,4,444,Champions,65164.79,3833.2229411764706,199327.59294117647,97,52.0
14097.0,481,2,422.85999999999996,1,2,2,122,Others,422.85999999999996,211.42999999999998,941.1213414634145,164,4.451219512195122
14098.0,37,1,147.35,3,1,1,311,Potential Loyalist,147.35,147.35,7662.2,1,52.0
14099.0,16,20,5750.91,4,4,4,444,Champions,5750.91,287.5455,2944.014235624123,713,10.238429172510518
14100.0,138,1,191.95000000000002,2,1,1,211,Others,191.95000000000002,191.95000000000002,9981.400000000001,1,52.0
14101.0,74,13,9961.93,3,4,4,344,Champions,9961.93,766.3023076923077,6647.35731261426,547,8.674588665447898
14102.0,5,5,1105.8799999999999,4,3,3,433,Loyal Customers,1105.8799999999999,221.176,10349.902564102564,39,46.794871794871796
14104.0,155,5,743.53,2,3,2,232,Others,743.53,148.706,670.0949382716049,405,4.506172839506172
14105.0,239,5,5988.83,2,3,4,234,Others,5988.83,1197.766,4535.109854771785,482,3.786307053941909
14106.0,737,1,214.79999999999998,1,1,1,111,Lost Customers,214.79999999999998,214.79999999999998,11169.599999999999,1,52.0
14107.0,52,11,4877.3,3,4,4,344,Champions,4877.3,443.39090909090913,2625.685103244838,678,5.921828908554573
14108.0,31,4,1044.96,3,3,3,333,Others,1044.96,261.24,539.4772277227723,707,2.0650636492220653
14109.0,73,1,144.2,3,1,1,311,Potential Loyalist,144.2,144.2,7498.4,1,52.0
14110.0,4,33,12987.95,4,4,4,444,Champions,12987.95,393.57424242424247,6449.798299319729,735,16.387755102040817
14111.0,14,4,692.85,4,3,2,432,Loyal Customers,692.85,173.2125,1114.0539647577093,227,6.431718061674009
14112.0,23,13,5834.59,4,4,4,444,Champions,5834.59,448.8146153846154,3375.0005546751195,631,7.519809825673534
14113.0,4,16,7092.610000000001,4,4,4,444,Champions,7092.610000000001,443.28812500000004,3556.0475961538464,728,8.021978021978022
14114.0,274,7,1364.09,2,4,3,243,Others,1364.09,194.86999999999998,1499.6772590361443,332,7.69578313253012
14115.0,502,2,622.6700000000001,1,2,2,122,Others,622.6700000000001,311.33500000000004,1377.4215151515155,165,4.424242424242425
14116.0,20,5,1382.74,4,3,3,433,Loyal Customers,1382.74,276.548,4997.030693069307,101,18.06930693069307
14117.0,144,1,90.0,2,1,1,211,Others,90.0,90.0,4680.0,1,52.0
14118.0,429,1,458.45,1,1,2,112,Lost Customers,458.45,458.45,23839.399999999998,1,52.0
14119.0,376,2,183.37,2,2,1,221,Others,183.37,91.685,195.7019005847953,342,2.134502923976608
14121.0,4,4,2780.15,4,3,4,434,Champions,2780.15,695.0375,18120.620535714286,56,26.07142857142857
14122.0,406,3,362.42,1,2,2,122,Others,362.42,120.80666666666667,399.6474320241692,331,3.308157099697885
14123.0,733,1,436.18,1,1,2,112,Lost Customers,436.18,436.18,22681.36,1,52.0
14124.0,84,1,419.58000000000004,3,1,2,312,Potential Loyalist,419.58000000000004,419.58000000000004,21818.160000000003,1,52.0
14125.0,11,3,2720.63,4,2,4,424,Potential Loyalist,2720.63,906.8766666666667,14821.342537313432,67,16.34328358208955
14126.0,8,4,1172.46,4,3,3,433,Loyal Customers,1172.46,293.115,981.5318807339451,436,3.3486238532110093
14127.0,123,6,1900.0800000000002,2,3,3,233,Others,1900.0800000000002,316.68,2296.4543046357617,302,7.251655629139073
14128.0,61,3,924.21,3,2,3,323,Potential Loyalist,924.21,308.07,688.4421428571428,490,2.2346938775510203
14129.0,2,9,2591.34,4,4,4,444,Champions,2591.34,287.9266666666667,1639.2358752166376,577,5.693240901213171
14130.0,319,4,1858.77,2,3,3,233,Others,1858.77,464.6925,1662.870220588235,408,3.5784313725490193
14131.0,649,1,168.22,1,1,1,111,Lost Customers,168.22,168.22,8747.44,1,52.0
14132.0,2,11,3586.0299999999997,4,4,4,444,Champions,3586.0299999999997,326.00272727272727,7231.496961325966,181,22.18232044198895
14133.0,130,4,911.14,2,3,3,233,Others,911.14,227.785,551.5192371475954,603,2.4212271973466004
14134.0,383,15,11123.35,1,4,4,144,At Risk,11123.35,741.5566666666667,11700.353746397695,347,15.778097982708934
14135.0,2,24,8839.67,4,4,4,444,Champions,8839.67,368.31958333333336,4383.803736413043,736,11.902173913043477
14136.0,401,5,1570.81,1,3,3,133,At Risk,1570.81,314.162,1732.1620845921448,331,5.5135951661631415
14137.0,696,1,332.7,1,1,1,111,Lost Customers,332.7,332.7,17300.399999999998,1,52.0
14138.0,2,2,965.8800000000001,4,2,3,423,Potential Loyalist,965.8800000000001,482.94000000000005,5686.229032258066,62,11.774193548387098
14139.0,46,4,1086.8,3,3,3,333,Others,1086.8,271.7,799.7620967741935,496,2.9435483870967745
14140.0,4,2,935.05,4,2,3,423,Potential Loyalist,935.05,467.525,12640.49074074074,27,27.037037037037038
14141.0,3,4,915.13,4,3,3,433,Loyal Customers,915.13,228.7825,3274.729901960784,102,14.313725490196077
14142.0,373,2,671.34,2,2,2,222,Others,671.34,335.67,897.5791208791209,273,2.673992673992674
14143.0,134,1,115.8,2,1,1,211,Others,115.8,115.8,6021.599999999999,1,52.0
14144.0,486,1,30.599999999999998,1,1,1,111,Lost Customers,30.599999999999998,30.599999999999998,1591.1999999999998,1,52.0
14145.0,47,7,7600.05,3,4,4,344,Champions,7600.05,1085.7214285714285,4918.472074468084,564,4.530141843971631
14146.0,9,12,9450.3,4,4,4,444,Champions,9450.3,787.525,5028.220845481049,686,6.384839650145772
14147.0,78,9,2590.2,3,4,4,344,Champions,2590.2,287.79999999999995,1682.247330960854,562,5.845195729537367
14148.0,234,2,466.29,2,2,2,222,Others,466.29,233.145,945.5325,180,4.055555555555555
14149.0,221,1,446.62,2,1,2,212,Others,446.62,446.62,23224.24,1,52.0
14150.0,36,2,658.64,3,2,2,322,Potential Loyalist,658.64,329.32,741.9864197530864,324,2.253086419753086
14151.0,673,2,679.45,1,2,2,122,Others,679.45,339.725,5767.424418604651,43,16.97674418604651
14152.0,75,7,1997.3400000000001,3,4,3,343,Others,1997.3400000000001,285.3342857142857,1250.478730703259,583,4.382504288164665
14153.0,483,1,233.4,1,1,1,111,Lost Customers,233.4,233.4,12136.800000000001,1,52.0
14154.0,239,8,6460.7,2,4,4,244,Others,6460.7,807.5875,5171.393640350877,456,6.4035087719298245
14155.0,266,1,118.75,2,1,1,211,Others,118.75,118.75,6175.0,1,52.0
14156.0,10,156,313437.62,4,4,4,444,Champions,313437.62,2009.2155128205127,104479.20666666667,728,52.0
14157.0,20,5,978.69,4,3,3,433,Loyal Customers,978.69,195.738,570.6419329073482,626,2.915335463258786
14158.0,40,1,507.66,3,1,2,312,Potential Loyalist,507.66,507.66,26398.32,1,52.0
14159.0,20,20,7860.8,4,4,4,444,Champions,7860.8,393.04,4001.662482566248,717,10.181311018131101
14160.0,610,7,8421.47,1,4,4,144,At Risk,8421.47,1203.0671428571427,34929.960795454535,88,29.034090909090907
14161.0,216,7,2996.93,2,4,4,244,Others,2996.93,428.1328571428571,2144.8616666666667,510,5.009803921568627
14162.0,174,2,289.36,2,2,1,221,Others,289.36,144.68,895.0542372881356,118,6.186440677966101
14163.0,87,5,2594.62,3,3,4,334,Others,2594.62,518.924,2532.1826203208557,374,4.879679144385027
14164.0,71,2,1631.77,3,2,3,323,Potential Loyalist,1631.77,815.885,42426.02,10,52.0
14165.0,276,1,120.44,2,1,1,211,Others,120.44,120.44,6262.88,1,52.0
14166.0,505,2,251.15,1,2,1,121,Others,251.15,125.575,757.6012396694215,121,6.033057851239669
14167.0,39,8,1274.29,3,4,3,343,Others,1274.29,159.28625,725.6097503900156,641,4.555382215288612
14168.0,421,2,370.45,1,2,2,122,Others,370.45,185.225,945.5541958041958,143,5.104895104895105
14169.0,431,2,621.51,1,2,2,122,Others,621.51,310.755,16159.26,13,52.0
14170.0,375,3,570.18,2,2,2,222,Others,570.18,190.05999999999997,9883.119999999999,19,52.0
14171.0,98,2,498.79,2,2,2,222,Others,498.79,249.395,288.06700949367087,632,1.1550632911392404
14172.0,605,3,369.02,1,2,2,122,Others,369.02,123.00666666666666,3640.332432432432,37,29.594594594594593
14173.0,11,6,586.0,4,3,2,432,Loyal Customers,586.0,97.66666666666667,297.4826147426982,719,3.0458970792767732
14174.0,33,1,134.46,3,1,1,311,Potential Loyalist,134.46,134.46,6991.92,1,52.0
14175.0,60,8,7678.88,3,4,4,344,Champions,7678.88,959.86,4934.491549295774,568,5.140845070422535
14176.0,297,5,756.46,2,3,2,232,Others,756.46,151.292,3326.601204819277,83,21.987951807228914
14177.0,86,13,2209.69,3,4,3,343,Others,2209.69,169.97615384615386,1427.4988495575224,565,8.398230088495575
14178.0,9,7,1600.26,4,4,3,443,Champions,1600.26,228.60857142857142,3376.271098265896,173,14.76878612716763
14179.0,41,2,701.57,3,2,2,322,Potential Loyalist,701.57,350.785,18240.82,11,52.0
14180.0,11,33,6117.5,4,4,4,444,Champions,6117.5,185.37878787878788,4158.077281191806,537,22.43016759776536
14181.0,411,2,308.35,1,2,1,121,Others,308.35,154.175,745.3493377483443,151,4.834437086092715
14182.0,444,4,678.77,1,3,2,132,At Risk,678.77,169.6925,1629.9411184210526,152,9.605263157894736
14183.0,411,2,278.34000000000003,1,2,1,121,Others,278.34000000000003,139.17000000000002,1472.3782608695656,69,10.579710144927537
14184.0,67,1,452.89,3,1,2,312,Potential Loyalist,452.89,452.89,23550.28,1,52.0
14185.0,331,1,197.65,2,1,1,211,Others,197.65,197.65,10277.800000000001,1,52.0
14186.0,427,5,1550.63,1,3,3,133,At Risk,1550.63,310.12600000000003,2608.2025345622123,217,8.410138248847927
14187.0,474,1,123.5,1,1,1,111,Lost Customers,123.5,123.5,6422.0,1,52.0
14188.0,31,6,2054.36,3,3,3,333,Others,2054.36,342.3933333333334,2687.603584229391,279,7.849462365591398
14189.0,2,16,5503.15,4,4,4,444,Champions,5503.15,343.946875,5203.755829015543,386,15.129533678756475
14190.0,666,1,79.9,1,1,1,111,Lost Customers,79.9,79.9,4154.8,1,52.0
14191.0,2,15,4817.66,4,4,4,444,Champions,4817.66,321.1773333333333,2422.1017906336083,726,7.541322314049586
14192.0,388,1,293.74,1,1,1,111,Lost Customers,293.74,293.74,15274.48,1,52.0
14193.0,68,3,1210.19,3,2,3,323,Potential Loyalist,1210.19,403.3966666666667,1346.7053353658537,328,3.3384146341463414
14194.0,5,36,18670.59,4,4,4,444,Champions,18670.59,518.6275,9777.281707317074,697,18.85222381635581
14195.0,202,6,2615.6,2,3,4,234,Others,2615.6,435.93333333333334,2209.939814814815,432,5.069444444444445
14196.0,107,1,335.52,2,1,1,211,Others,335.52,335.52,17447.04,1,52.0
14197.0,411,1,390.05,1,1,2,112,Lost Customers,390.05,390.05,20282.600000000002,1,52.0
14198.0,18,9,1569.73,4,4,3,443,Champions,1569.73,174.41444444444446,836.4254744525548,685,4.795620437956204
14199.0,218,4,1091.7,2,3,3,233,Others,1091.7,272.925,1277.1490384615383,312,4.679487179487179
14200.0,617,1,379.2,1,1,2,112,Lost Customers,379.2,379.2,19718.399999999998,1,52.0
14201.0,60,10,1193.54,3,4,3,343,Others,1193.54,119.354,825.0797348484849,528,6.912878787878788
14202.0,381,3,847.76,1,2,2,122,Others,847.76,282.58666666666664,1273.3843621399176,243,4.506172839506172
14203.0,397,1,339.34,1,1,1,111,Lost Customers,339.34,339.34,17645.68,1,52.0
14204.0,2,4,1024.83,4,3,3,433,Loyal Customers,1024.83,256.2075,508.92918367346937,735,1.9863945578231292
14205.0,17,9,2414.2,4,4,4,444,Champions,2414.2,268.2444444444444,1409.8927999999999,625,5.256
14206.0,239,3,1185.01,2,2,3,223,Others,1185.01,395.00333333333333,2653.5499999999997,163,6.717791411042945
14207.0,688,1,157.8,1,1,1,111,Lost Customers,157.8,157.8,8205.6,1,52.0
14208.0,95,2,567.05,3,2,2,322,Potential Loyalist,567.05,283.525,453.88870614035085,456,1.6008771929824561
14209.0,11,15,4993.27,4,4,4,444,Champions,4993.27,332.8846666666667,2700.0645185185185,675,8.11111111111111
14210.0,106,16,5556.570000000001,2,4,4,244,Others,5556.570000000001,347.28562500000004,3397.2329145728645,597,9.782244556113902
14211.0,53,18,4402.29,3,4,4,344,Champions,4402.29,244.57166666666666,2373.465066469719,677,9.704579025110784
14212.0,90,2,2190.14,3,2,3,323,Potential Loyalist,2190.14,1095.07,2245.5087078651686,356,2.0505617977528092
14213.0,405,1,1192.2,1,1,3,113,Lost Customers,1192.2,1192.2,61994.4,1,52.0
14214.0,31,5,1004.38,3,3,3,333,Others,1004.38,200.876,1490.2386178861789,246,7.41869918699187
14215.0,12,9,3250.33,4,4,4,444,Champions,3250.33,361.1477777777778,1647.7367361111112,720,4.5625
14216.0,3,5,2150.04,4,3,3,433,Loyal Customers,2150.04,430.008,1914.06,410,4.451219512195122
14217.0,2,23,3298.59,4,4,4,444,Champions,3298.59,143.41695652173914,2293.305428571429,525,15.99047619047619
14218.0,43,1,169.48000000000002,3,1,1,311,Potential Loyalist,169.48000000000002,169.48000000000002,8812.960000000001,1,52.0
14219.0,4,3,633.83,4,2,2,422,Potential Loyalist,633.83,211.27666666666667,473.10419222903886,489,2.2392638036809815
14220.0,247,4,1515.0,2,3,3,233,Others,1515.0,378.75,1722.6635514018692,321,4.548286604361371
14221.0,42,17,6517.49,3,4,4,344,Champions,6517.49,383.38176470588235,4180.815202108963,569,10.905096660808436
14222.0,177,1,683.17,2,1,2,212,Others,683.17,683.17,35524.84,1,52.0
14223.0,92,3,991.13,3,2,3,323,Potential Loyalist,991.13,330.37666666666667,2115.5698830409356,171,6.4035087719298245
14224.0,110,9,1841.71,2,4,3,243,Others,1841.71,204.63444444444445,1552.4807159353352,433,7.58660508083141
14225.0,435,4,2031.07,1,3,3,133,At Risk,2031.07,507.7675,2840.3852490421455,261,5.593869731800766
14226.0,29,6,2985.13,3,3,4,334,Others,2985.13,497.5216666666667,2644.5933252427185,412,5.315533980582524
14227.0,26,15,6368.71,4,4,4,444,Champions,6368.71,424.5806666666667,3615.2086314152407,643,8.514774494556764
14228.0,438,3,745.5,1,2,2,122,Others,745.5,248.5,2519.513888888889,108,10.13888888888889
14229.0,52,7,2594.04,3,4,4,344,Champions,2594.04,370.57714285714286,2259.724582338902,419,6.097852028639617
14230.0,436,3,979.8000000000001,1,2,3,123,Others,979.8000000000001,326.6,3193.098214285714,112,9.776785714285714
14231.0,184,4,1235.6200000000001,2,3,3,233,Others,1235.6200000000001,308.90500000000003,1689.1434456928841,267,5.468164794007491
14232.0,43,5,2048.07,3,3,3,333,Others,2048.07,409.61400000000003,3382.559049773756,221,8.2579185520362
14233.0,49,7,2904.27,3,4,4,344,Champions,2904.27,414.8957142857143,1784.6103535353534,594,4.301346801346801
14234.0,22,4,754.12,4,3,2,432,Loyal Customers,754.12,188.53,7864.394285714286,35,41.714285714285715
14235.0,75,9,4717.99,3,4,4,344,Champions,4717.99,524.2211111111111,3165.563143382353,544,6.03860294117647
14236.0,81,5,1555.34,3,3,3,333,Others,1555.34,311.068,1338.9129716981133,424,4.304245283018869
14237.0,373,2,471.14,2,2,2,222,Others,471.14,235.57,792.4705069124424,217,3.3640552995391704
14238.0,326,3,434.23,2,2,2,222,Others,434.23,144.74333333333334,388.4655637254902,408,2.6838235294117645
14239.0,43,21,4263.17,3,4,4,344,Champions,4263.17,203.00809523809525,2251.8915340086833,691,11.092619392185238
14240.0,30,3,1247.49,3,2,3,323,Potential Loyalist,1247.49,415.83,1158.6103053435115,393,2.786259541984733
14241.0,184,2,333.70000000000005,2,2,1,221,Others,333.70000000000005,166.85000000000002,237.89160156250003,512,1.42578125
14242.0,235,2,280.55,2,2,1,221,Others,280.55,140.275,1125.282967032967,91,8.021978021978022
14243.0,9,17,7217.75,4,4,4,444,Champions,7217.75,424.5735294117647,5641.282119914347,467,13.28693790149893
14244.0,661,1,366.41999999999996,1,1,2,112,Lost Customers,366.41999999999996,366.41999999999996,19053.839999999997,1,52.0
14245.0,220,2,1693.45,2,2,3,223,Others,1693.45,846.725,14374.633720930231,43,16.97674418604651
14246.0,111,3,1474.06,2,2,3,223,Others,1474.06,491.3533333333333,3985.421481481481,135,8.11111111111111
14247.0,278,5,753.56,2,3,2,232,Others,753.56,150.712,1007.5069597069595,273,6.684981684981684
14248.0,318,3,1032.95,2,2,3,223,Others,1032.95,344.31666666666666,1913.8413705583755,197,5.558375634517766
14249.0,411,12,5400.461,1,4,4,144,At Risk,5400.461,450.0384166666667,7355.105466417911,268,16.34328358208955
14250.0,7,3,1904.05,4,2,3,423,Potential Loyalist,1904.05,634.6833333333333,8475.34451219512,82,13.353658536585366
14251.0,2,5,2879.7000000000003,4,3,4,434,Champions,2879.7000000000003,575.94,19110.73636363637,55,33.18181818181819
14252.0,381,1,350.99,1,1,2,112,Lost Customers,350.99,350.99,18251.48,1,52.0
14253.0,493,2,363.40000000000003,1,2,2,122,Others,363.40000000000003,181.70000000000002,1028.2248062015506,129,5.658914728682171
14254.0,433,1,601.03,1,1,2,112,Lost Customers,601.03,601.03,31253.559999999998,1,52.0
14255.0,546,1,1000.63,1,1,3,113,Lost Customers,1000.63,1000.63,52032.76,1,52.0
14256.0,260,5,2460.79,2,3,4,234,Others,2460.79,492.158,2069.558410138249,434,4.2050691244239635
14257.0,64,9,5954.45,3,4,4,344,Champions,5954.45,661.6055555555555,3721.5312499999995,584,5.625
14258.0,9,25,32051.34,4,4,4,444,Champions,32051.34,1282.0536,16113.965702479338,726,12.568870523415978
14259.0,142,1,120.0,2,1,1,211,Others,120.0,120.0,6240.0,1,52.0
14260.0,471,3,824.28,1,2,2,122,Others,824.28,274.76,3907.3012987012985,77,14.220779220779221
14261.0,51,2,1163.45,3,2,3,323,Potential Loyalist,1163.45,581.725,15728.120370370372,27,27.037037037037038
14262.0,8,8,2618.23,4,4,4,444,Champions,2618.23,327.27875,4119.198060344827,232,12.586206896551722
14263.0,423,1,322.93,1,1,1,111,Lost Customers,322.93,322.93,16792.36,1,52.0
14264.0,155,6,1517.3600000000001,2,3,3,233,Others,1517.3600000000001,252.89333333333335,1214.5535087719297,456,4.802631578947368
14265.0,109,4,1373.35,2,3,3,233,Others,1373.35,343.3375,998.5512948207171,502,2.908366533864542
14266.0,428,1,40.56,1,1,1,111,Lost Customers,40.56,40.56,2109.12,1,52.0
14267.0,163,3,1516.24,2,2,3,223,Others,1516.24,505.41333333333336,5705.439175257732,97,11.288659793814432
14268.0,471,1,354.85,1,1,2,112,Lost Customers,354.85,354.85,18452.2,1,52.0
14269.0,439,1,295.73,1,1,1,111,Lost Customers,295.73,295.73,15377.960000000001,1,52.0
14270.0,332,1,492.65000000000003,2,1,2,212,Others,492.65000000000003,492.65000000000003,25617.800000000003,1,52.0
14271.0,226,2,214.18,2,2,1,221,Others,214.18,107.09,427.18961748633876,183,3.9890710382513657
14272.0,74,4,920.81,3,3,3,333,Others,920.81,230.2025,661.6056102362204,508,2.874015748031496
14273.0,51,4,559.97,3,3,2,332,Others,559.97,139.9925,1075.7318421052632,190,7.68421052631579
14274.0,686,1,256.6,1,1,1,111,Lost Customers,256.6,256.6,13343.2,1,52.0
14275.0,396,6,1189.3799999999999,1,3,3,133,At Risk,1189.3799999999999,198.23,2057.4582938388626,211,10.37914691943128
14276.0,99,7,2102.68,2,4,3,243,Others,2102.68,300.3828571428571,1368.0538324420677,561,4.554367201426025
14277.0,15,9,17197.61,4,4,4,444,Champions,17197.61,1910.8455555555556,8841.02485915493,710,4.626760563380282
14278.0,410,1,205.83,1,1,1,111,Lost Customers,205.83,205.83,10703.16,1,52.0
14279.0,521,2,191.86,1,2,1,121,Others,191.86,95.93,437.680625,160,4.5625
14280.0,197,1,134.04,2,1,1,211,Others,134.04,134.04,6970.08,1,52.0
14281.0,408,1,245.15,1,1,1,111,Lost Customers,245.15,245.15,12747.800000000001,1,52.0
14282.0,3,25,7250.76,4,4,4,444,Champions,7250.76,290.0304,4015.9748103186644,659,13.846737481031866
14283.0,463,4,628.4399999999999,1,3,2,132,At Risk,628.4399999999999,157.10999999999999,2163.967924528302,106,13.773584905660378
14284.0,31,3,1299.65,3,2,3,323,Potential Loyalist,1299.65,433.2166666666667,762.6563504823151,622,1.760450160771704
14285.0,21,8,3284.42,4,4,4,444,Champions,3284.42,410.5525,1688.4694366197182,710,4.112676056338028
14286.0,24,7,8479.76,4,4,4,444,Champions,8479.76,1211.3942857142858,4347.0679775280905,712,3.5884831460674156
14287.0,8,3,176.63,4,2,1,421,Potential Loyalist,176.63,58.876666666666665,339.3155263157895,190,5.7631578947368425
14288.0,213,1,426.6,2,1,2,212,Others,426.6,426.6,22183.2,1,52.0
14289.0,9,6,911.26,4,3,3,433,Loyal Customers,911.26,151.87666666666667,1187.8925000000002,280,7.821428571428572
14290.0,11,8,4516.56,4,4,4,444,Champions,4516.56,564.57,2289.645,720,4.055555555555555
14291.0,2,23,7904.1,4,4,4,444,Champions,7904.1,343.6565217391304,3962.90728021978,728,11.531593406593407
14292.0,8,16,9226.25,4,4,4,444,Champions,9226.25,576.640625,5405.427367576243,623,9.373996789727126
14293.0,3,9,2903.01,4,4,4,444,Champions,2903.01,322.5566666666667,1459.5022727272728,726,4.524793388429752
14294.0,407,1,375.34,1,1,2,112,Lost Customers,375.34,375.34,19517.68,1,52.0
14295.0,40,5,2362.91,3,3,4,334,Others,2362.91,472.582,1248.1362518089722,691,2.6410998552821994
14296.0,421,2,456.40000000000003,1,2,2,122,Others,456.40000000000003,228.20000000000002,1095.9605263157896,152,4.802631578947368
14297.0,18,4,1305.33,4,3,3,433,Loyal Customers,1305.33,326.3325,1853.8733463035019,257,5.680933852140078
14298.0,8,82,91194.49,4,4,4,444,Champions,91194.49,1112.1279268292683,46294.83845618915,719,41.62726008344924
14299.0,8,27,14070.25,4,4,4,444,Champions,14070.25,521.1203703703703,7044.775377229081,729,13.518518518518519
14300.0,19,1,43.2,4,1,1,411,Potential Loyalist,43.2,43.2,2246.4,1,52.0
14301.0,117,4,1992.18,2,3,3,233,Others,1992.18,498.045,1324.4912568306013,549,2.6593806921675776
14302.0,431,3,742.9000000000001,1,2,2,122,Others,742.9000000000001,247.63333333333335,886.138888888889,306,3.5784313725490198
14303.0,407,2,277.94,1,2,1,121,Others,277.94,138.97,3757.337037037037,27,27.037037037037038
14304.0,223,3,1725.01,2,2,3,223,Others,1725.01,575.0033333333333,1809.2777298850574,348,3.146551724137931
14305.0,71,3,1858.96,3,2,3,323,Potential Loyalist,1858.96,619.6533333333333,10601.88125,64,17.109375
14306.0,51,6,3151.4,3,3,4,334,Others,3151.4,525.2333333333333,1840.4176,625,3.504
14307.0,89,10,4287.92,3,4,4,344,Champions,4287.92,428.79200000000003,2434.0447900466565,643,5.67651632970451
14308.0,549,2,1147.02,1,2,3,123,Others,1147.02,573.51,29822.52,1,52.0
14309.0,8,11,3780.81,4,4,4,444,Champions,3780.81,343.71,2546.1174354243544,542,7.4077490774907755
14310.0,433,1,492.1,1,1,2,112,Lost Customers,492.1,492.1,25589.2,1,52.0
14311.0,243,2,516.45,2,2,2,222,Others,516.45,258.225,581.8032407407408,324,2.253086419753086
14312.0,47,11,3090.29,3,4,4,344,Champions,3090.29,280.93545454545455,2468.174726477024,457,8.785557986870897
14314.0,107,2,229.8,2,2,1,221,Others,229.8,114.9,258.8796296296296,324,2.253086419753086
14315.0,45,8,3197.82,3,4,4,344,Champions,3197.82,399.7275,1981.6711375212228,589,4.957555178268252
14316.0,422,5,1370.34,1,3,3,133,At Risk,1370.34,274.068,2404.683173076923,208,8.774038461538462
14317.0,65,1,508.58000000000004,3,1,2,312,Potential Loyalist,508.58000000000004,508.58000000000004,26446.160000000003,1,52.0
14318.0,460,1,158.02,1,1,1,111,Lost Customers,158.02,158.02,8217.04,1,52.0
14319.0,424,1,494.85,1,1,2,112,Lost Customers,494.85,494.85,25732.2,1,52.0
14320.0,207,5,1346.75,2,3,3,233,Others,1346.75,269.35,1024.0911458333335,480,3.8020833333333335
14321.0,11,7,2218.06,4,4,3,443,Champions,2218.06,316.86571428571426,1752.3634199134199,462,5.53030303030303
14322.0,429,4,474.1,1,3,2,132,At Risk,474.1,118.525,752.3760869565218,230,6.347826086956522
14323.0,115,2,605.0600000000001,2,2,2,222,Others,605.0600000000001,302.53000000000003,1795.5032520325203,123,5.934959349593496
14324.0,410,2,701.61,1,2,2,122,Others,701.61,350.805,904.9033568904592,283,2.5795053003533566
14325.0,570,1,245.48000000000002,1,1,1,111,Lost Customers,245.48000000000002,245.48000000000002,12764.960000000001,1,52.0
14326.0,242,3,940.98,2,2,3,223,Others,940.98,313.66,1184.3368965517243,290,3.7758620689655173
14327.0,163,6,1894.93,2,3,3,233,Others,1894.93,315.82166666666666,1290.390764925373,536,4.085820895522388
14328.0,438,1,445.05,1,1,2,112,Lost Customers,445.05,445.05,23142.600000000002,1,52.0
14329.0,17,15,9887.62,4,4,4,444,Champions,9887.62,659.1746666666667,5111.871529745042,706,7.754957507082152
14330.0,624,1,200.63,1,1,1,111,Lost Customers,200.63,200.63,10432.76,1,52.0
14331.0,124,2,462.65999999999997,2,2,2,222,Others,462.65999999999997,231.32999999999998,12029.16,10,52.0
14332.0,23,5,1917.41,4,3,3,433,Loyal Customers,1917.41,383.482,1780.8006361323157,393,4.643765903307888
14333.0,68,1,415.2,3,1,2,312,Potential Loyalist,415.2,415.2,21590.399999999998,1,52.0
14334.0,17,12,4318.48,4,4,4,444,Champions,4318.48,359.8733333333333,2860.6990925589835,551,7.9491833030853
14335.0,16,2,454.86,4,2,2,422,Potential Loyalist,454.86,227.43,2075.29875,80,9.125
14336.0,17,4,1614.91,4,3,3,433,Loyal Customers,1614.91,403.7275,2275.838416988417,259,5.637065637065637
14338.0,161,3,928.1,2,2,3,223,Others,928.1,309.3666666666667,903.3506666666665,375,2.9199999999999995
14339.0,243,2,620.27,2,2,2,222,Others,620.27,310.135,1217.196505376344,186,3.924731182795699
14340.0,219,1,134.7,2,1,1,211,Others,134.7,134.7,7004.4,1,52.0
14341.0,45,18,4452.02,3,4,4,344,Champions,4452.02,247.33444444444447,2344.859018759019,693,9.48051948051948
14342.0,21,6,918.44,4,3,3,433,Loyal Customers,918.44,153.07333333333335,743.3050997782707,451,4.855875831485588
14343.0,421,4,1079.66,1,3,3,133,At Risk,1079.66,269.915,1470.4324626865673,268,5.447761194029851
14344.0,127,20,2993.05,2,4,4,244,Others,2993.05,149.6525,2193.7013052208836,498,14.658634538152612
14345.0,39,1,108.97999999999999,3,1,1,311,Potential Loyalist,108.97999999999999,108.97999999999999,5666.959999999999,1,52.0
14346.0,121,5,2315.75,2,3,4,234,Others,2315.75,463.15,2248.001994680851,376,4.8537234042553195
14347.0,737,1,82.6,1,1,1,111,Lost Customers,82.6,82.6,4295.2,1,52.0
14348.0,260,1,409.57,2,1,2,212,Others,409.57,409.57,21297.64,1,52.0
14349.0,10,1,133.5,4,1,1,411,Potential Loyalist,133.5,133.5,6942.0,1,52.0
14350.0,274,3,972.03,2,2,3,223,Others,972.03,324.01,2288.973870967742,155,7.064516129032259
14351.0,165,1,51.0,2,1,1,211,Others,51.0,51.0,2652.0,1,52.0
14352.0,157,4,1078.96,2,3,3,233,Others,1078.96,269.74,3395.0034482758615,116,12.586206896551722
14353.0,215,3,376.5,2,2,2,222,Others,376.5,125.5,636.2152777777778,216,5.069444444444445
14354.0,6,2,163.62,4,2,1,421,Potential Loyalist,163.62,81.81,2488.3875000000003,24,30.41666666666667
14355.0,366,3,840.0500000000001,2,2,2,222,Others,840.0500000000001,280.0166666666667,1174.7825670498087,261,4.195402298850575
14356.0,80,2,701.23,3,2,2,322,Potential Loyalist,701.23,350.615,18231.98,1,52.0
14357.0,43,1,225.12,3,1,1,311,Potential Loyalist,225.12,225.12,11706.24,1,52.0
14358.0,389,2,400.06,1,2,2,122,Others,400.06,200.03,3842.681578947368,38,19.210526315789473
14359.0,19,3,912.18,4,2,3,423,Potential Loyalist,912.18,304.06,4896.2602941176465,68,16.102941176470587
14360.0,32,4,2118.03,3,3,3,333,Others,2118.03,529.5075,12469.047580645163,62,23.548387096774196
14361.0,579,1,214.70999999999998,1,1,1,111,Lost Customers,214.70999999999998,214.70999999999998,11164.919999999998,1,52.0
14362.0,22,1,151.5,4,1,1,411,Potential Loyalist,151.5,151.5,7878.0,1,52.0
14363.0,402,2,227.47000000000003,1,2,1,121,Others,227.47000000000003,113.73500000000001,1694.4193877551022,49,14.89795918367347
14364.0,109,8,3717.35,2,4,4,244,Others,3717.35,464.66875,13302.281862745096,102,28.627450980392155
14365.0,395,2,634.68,1,2,2,122,Others,634.68,317.34,807.1714285714285,287,2.543554006968641
14366.0,525,1,136.0,1,1,1,111,Lost Customers,136.0,136.0,7072.0,1,52.0
14367.0,8,16,9227.82,4,4,4,444,Champions,9227.82,576.73875,12614.81011235955,267,21.872659176029963
14368.0,320,1,155.0,2,1,1,211,Others,155.0,155.0,8060.0,1,52.0
14369.0,642,2,469.13,1,2,2,122,Others,469.13,234.565,9012.234210526316,19,38.421052631578945
14370.0,451,6,1175.78,1,3,3,133,At Risk,1175.78,195.96333333333334,1898.936725663717,226,9.690265486725664
14371.0,295,1,100.5,2,1,1,211,Others,100.5,100.5,5226.0,1,52.0
14372.0,443,2,860.08,1,2,2,122,Others,860.08,430.04,2012.3666666666666,156,4.679487179487179
14373.0,358,1,76.55,2,1,1,211,Others,76.55,76.55,3980.6,1,52.0
14374.0,541,1,108.0,1,1,1,111,Lost Customers,108.0,108.0,5616.0,1,52.0
14375.0,185,3,1106.82,2,2,3,223,Others,1106.82,368.94,1137.998028169014,355,3.084507042253521
14376.0,683,1,215.46,1,1,1,111,Lost Customers,215.46,215.46,11203.92,1,52.0
14377.0,191,2,617.05,2,2,2,222,Others,617.05,308.525,3217.475,70,10.428571428571429
14378.0,622,1,131.25,1,1,1,111,Lost Customers,131.25,131.25,6825.0,1,52.0
14379.0,44,4,1265.16,3,3,3,333,Others,1265.16,316.29,1059.1362385321102,436,3.3486238532110093
14380.0,682,1,48.96,1,1,1,111,Lost Customers,48.96,48.96,2545.92,1,52.0
14381.0,52,2,625.9399999999999,3,2,2,322,Potential Loyalist,625.9399999999999,312.96999999999997,572.6017543859648,399,1.8295739348370925
14382.0,26,2,1193.6299999999999,4,2,3,423,Potential Loyalist,1193.6299999999999,596.8149999999999,1200.206473829201,363,2.0110192837465566
14383.0,38,3,1247.69,3,2,3,323,Potential Loyalist,1247.69,415.8966666666667,3643.2548,125,8.76
14384.0,501,1,58.5,1,1,1,111,Lost Customers,58.5,58.5,3042.0,1,52.0
14385.0,9,3,202.11,4,2,1,421,Potential Loyalist,202.11,67.37,3503.2400000000002,14,52.0
14386.0,297,1,142.4,2,1,1,211,Others,142.4,142.4,7404.8,1,52.0
14387.0,33,3,1727.6,3,2,3,323,Potential Loyalist,1727.6,575.8666666666667,8297.026315789473,76,14.407894736842104
14388.0,10,16,6388.2,4,4,4,444,Champions,6388.2,399.2625,3439.075221238938,678,8.613569321533923
14389.0,65,5,1898.01,3,3,3,333,Others,1898.01,379.602,1319.568857142857,525,3.4761904761904763
14390.0,10,13,6150.03,4,4,4,444,Champions,6150.03,473.0792307692308,5422.127898550724,414,11.46135265700483
14391.0,577,1,135.6,1,1,1,111,Lost Customers,135.6,135.6,7051.2,1,52.0
14392.0,432,1,266.4,1,1,1,111,Lost Customers,266.4,266.4,13852.8,1,52.0
14393.0,218,1,67.95,2,1,1,211,Others,67.95,67.95,3533.4,1,52.0
14394.0,565,1,93.8,1,1,1,111,Lost Customers,93.8,93.8,4877.599999999999,1,52.0
14395.0,2,20,7801.93,4,4,4,444,Champions,7801.93,390.0965,4762.047575250836,598,12.207357859531774
14396.0,65,7,1969.38,3,4,3,343,Others,1969.38,281.34000000000003,1069.6781250000001,672,3.8020833333333335
14397.0,3,19,2612.96,4,4,4,444,Champions,2612.96,137.52421052631578,4541.573333333334,210,33.023809523809526
14398.0,401,2,707.79,1,2,2,122,Others,707.79,353.895,2050.3440476190476,126,5.7936507936507935
14399.0,394,8,2108.21,1,4,3,143,At Risk,2108.21,263.52625,2748.2023214285714,280,10.428571428571429
14400.0,149,3,1732.47,2,2,3,223,Others,1732.47,577.49,1311.932676348548,482,2.2717842323651456
14401.0,4,22,6795.9,4,4,4,444,Champions,6795.9,308.9045454545454,3440.3654646324544,721,11.137309292649098
14402.0,652,1,285.6,1,1,1,111,Lost Customers,285.6,285.6,14851.2,1,52.0
14403.0,130,6,1880.51,2,3,3,233,Others,1880.51,313.41833333333335,1351.153838582677,508,4.3110236220472435
14404.0,34,13,2724.13,3,4,4,344,Champions,2724.13,209.54846153846154,1451.5437226277372,685,6.927007299270073
14405.0,387,1,195.0,1,1,1,111,Lost Customers,195.0,195.0,10140.0,1,52.0
14406.0,119,1,156.75,2,1,1,211,Others,156.75,156.75,8151.0,1,52.0
14407.0,107,6,2157.73,2,3,3,233,Others,2157.73,359.62166666666667,4660.186094674556,169,12.958579881656805
14408.0,11,11,4102.27,4,4,4,444,Champions,4102.27,372.9336363636364,2076.738626907074,721,5.568654646324549
14409.0,71,9,3427.29,3,4,4,344,Champions,3427.29,380.81,2522.0984879032258,496,6.622983870967742
14410.0,92,11,2631.9,3,4,4,344,Champions,2631.9,239.26363636363638,2792.5683139534885,344,11.671511627906977
14411.0,311,1,1063.0,2,1,3,213,Others,1063.0,1063.0,55276.0,1,52.0
14412.0,43,3,1426.19,3,2,3,323,Potential Loyalist,1426.19,475.3966666666667,1366.2975065616797,381,2.874015748031496
14413.0,362,4,764.52,2,3,2,232,Others,764.52,191.13,855.980981595092,326,4.478527607361963
14414.0,92,8,2399.33,3,4,4,344,Champions,2399.33,299.91625,3094.5422261484096,283,10.318021201413426
14415.0,1,23,11980.09,4,4,4,444,Champions,11980.09,520.8734782608695,6056.416689750692,722,11.62742382271468
14416.0,22,2,490.22,4,2,2,422,Potential Loyalist,490.22,245.11,8946.515000000001,20,36.5
14417.0,388,1,524.65,1,1,2,112,Lost Customers,524.65,524.65,27281.8,1,52.0
14418.0,4,3,1937.25,4,2,3,423,Potential Loyalist,1937.25,645.75,6799.002403846153,104,10.528846153846153
14419.0,11,7,1254.64,4,4,3,443,Champions,1254.64,179.23428571428573,1231.0311827956991,372,6.868279569892473
14420.0,99,4,1639.17,2,3,3,233,Others,1639.17,409.7925,1010.6369087837838,592,2.4662162162162162
14421.0,57,6,2469.37,3,3,4,334,Others,2469.37,411.56166666666667,1421.6404574132491,634,3.454258675078864
14422.0,1,19,10271.52,4,4,4,444,Champions,10271.52,540.6063157894737,5199.867961165049,721,9.61858529819695
14423.0,218,3,916.6099999999999,2,2,3,223,Others,916.6099999999999,305.53666666666663,702.8627100840337,476,2.300420168067227
14424.0,18,1,322.08,4,1,1,411,Potential Loyalist,322.08,322.08,16748.16,1,52.0
14425.0,435,3,661.39,1,2,2,122,Others,661.39,220.46333333333334,799.3620860927152,302,3.6258278145695364
14426.0,24,17,11727.94,4,4,4,444,Champions,11727.94,689.8788235294118,6893.233655394525,621,9.99194847020934
14427.0,50,4,1263.52,3,3,3,333,Others,1263.52,315.88,793.7776247848536,581,2.512908777969019
14428.0,7,5,1224.06,4,3,3,433,Loyal Customers,1224.06,244.81199999999998,1409.406624605678,317,5.757097791798107
14429.0,404,1,516.28,1,1,2,112,Lost Customers,516.28,516.28,26846.559999999998,1,52.0
14430.0,512,3,1220.9,1,2,3,123,Others,1220.9,406.9666666666667,4690.826315789474,95,11.526315789473685
14431.0,303,4,2614.2,2,3,4,234,Others,2614.2,653.55,2484.8515625,384,3.802083333333334
14432.0,10,6,2248.5,4,3,4,434,Champions,2248.5,374.75,10388.639240506329,79,27.72151898734177
14433.0,466,1,280.7,1,1,1,111,Lost Customers,280.7,280.7,14596.4,1,52.0
14434.0,22,6,1372.8,4,3,3,433,Loyal Customers,1372.8,228.79999999999998,10021.44,50,43.800000000000004
14435.0,502,1,90.42,1,1,1,111,Lost Customers,90.42,90.42,4701.84,1,52.0
14436.0,99,2,271.70000000000005,2,2,1,221,Others,271.70000000000005,135.85000000000002,218.43722466960358,454,1.6079295154185023
14437.0,366,5,873.34,2,3,3,233,Others,873.34,174.668,1468.9820276497699,217,8.410138248847927
14438.0,306,1,131.9,2,1,1,211,Others,131.9,131.9,6858.8,1,52.0
14439.0,320,5,9443.04,2,3,4,234,Others,9443.04,1888.6080000000002,9391.579291553135,367,4.9727520435967305
14440.0,8,13,5982.03,4,4,4,444,Champions,5982.03,460.1561538461538,2995.117901234568,729,6.508916323731139
14441.0,1,11,4611.6900000000005,4,4,4,444,Champions,4611.6900000000005,419.2445454545455,2443.0578374455736,689,5.827285921625545
14442.0,205,7,5367.0199999999995,2,4,4,244,Others,5367.0199999999995,766.7171428571428,4039.0975257731957,485,5.268041237113402
14443.0,54,5,2082.97,3,3,3,333,Others,2082.97,416.59399999999994,2339.335538461538,325,5.615384615384615
14444.0,456,1,120.44,1,1,1,111,Lost Customers,120.44,120.44,6262.88,1,52.0
14445.0,456,1,221.65,1,1,1,111,Lost Customers,221.65,221.65,11525.800000000001,1,52.0
14446.0,1,5,1200.28,4,3,3,433,Loyal Customers,1200.28,240.05599999999998,1137.9277922077922,385,4.740259740259741
14447.0,19,6,1711.73,4,3,3,433,Loyal Customers,1711.73,285.28833333333336,1639.8463254593175,381,5.748031496062992
14448.0,9,2,375.35,4,2,2,422,Potential Loyalist,375.35,187.675,387.0134180790961,354,2.062146892655367
14449.0,19,8,2230.96,4,4,3,443,Champions,2230.96,278.87,1952.7587529976017,417,7.002398081534771
14450.0,181,7,1128.44,2,4,3,243,Others,1128.44,161.2057142857143,960.0946386946387,429,5.9557109557109555
14451.0,60,12,3258.68,3,4,4,344,Champions,3258.68,271.5566666666667,1884.973375594295,631,6.94136291600634
14452.0,11,4,658.95,4,3,2,432,Loyal Customers,658.95,164.7375,471.6014705882353,510,2.8627450980392157
14453.0,190,1,119.93,2,1,1,211,Others,119.93,119.93,6236.360000000001,1,52.0
14454.0,376,5,977.3,2,3,3,233,Others,977.3,195.45999999999998,999.2002801120448,357,5.112044817927171
14455.0,432,4,617.72,1,3,2,132,At Risk,617.72,154.43,3578.853968253968,63,23.174603174603174
14456.0,5,9,3017.28,4,4,4,444,Champions,3017.28,335.25333333333333,8038.738686131387,137,23.978102189781023
14457.0,311,1,113.64,2,1,1,211,Others,113.64,113.64,5909.28,1,52.0
14458.0,381,1,228.07,1,1,1,111,Lost Customers,228.07,228.07,11859.64,1,52.0
14459.0,155,2,5375.741,2,2,4,224,Others,5375.741,2687.8705,3955.9384375000004,496,1.4717741935483872
14460.0,110,9,1093.5,2,4,3,243,Others,1093.5,121.5,651.105220228385,613,5.358890701468189
14461.0,148,13,6676.91,2,4,4,244,Others,6676.91,513.6084615384615,4496.4430811808115,542,8.754612546125461
14462.0,66,12,2242.81,3,4,3,343,Others,2242.81,186.90083333333334,2236.6821038251364,366,11.967213114754097
14463.0,98,4,786.5699999999999,2,3,2,232,Others,786.5699999999999,196.64249999999998,715.9552369077305,401,3.6408977556109723
14464.0,568,2,111.0,1,2,1,121,Others,111.0,55.5,686.6949152542372,59,12.372881355932202
14465.0,247,11,3925.85,2,4,4,244,Others,3925.85,356.8954545454545,3156.2450440528632,454,8.843612334801762
14466.0,29,13,4267.15,3,4,4,344,Champions,4267.15,328.2423076923077,2237.801364942529,696,6.817528735632184
14467.0,18,12,2203.2400000000002,4,4,3,443,Champions,2203.2400000000002,183.60333333333335,1116.920277777778,720,6.083333333333334
14468.0,734,1,204.24,1,1,1,111,Lost Customers,204.24,204.24,10620.48,1,52.0
14469.0,416,4,2093.46,1,3,3,133,At Risk,2093.46,523.365,2905.3722433460075,263,5.551330798479087
14470.0,12,3,712.04,4,2,2,422,Potential Loyalist,712.04,237.34666666666666,621.7574162679426,418,2.619617224880383
14471.0,591,2,400.95,1,2,2,122,Others,400.95,200.475,1037.9202127659573,141,5.177304964539006
14472.0,104,9,2118.72,2,4,3,243,Others,2118.72,235.4133333333333,1321.9364102564102,585,5.615384615384616
14473.0,74,2,234.34000000000003,3,2,1,321,Potential Loyalist,234.34000000000003,117.17000000000002,411.2216346153847,208,3.5096153846153846
14474.0,46,2,1258.8899999999999,3,2,3,323,Potential Loyalist,1258.8899999999999,629.4449999999999,862.0916510318948,533,1.3696060037523452
14475.0,72,4,1151.15,3,3,3,333,Others,1151.15,287.7875,1246.7945103857567,337,4.332344213649852
14476.0,257,1,193.0,2,1,1,211,Others,193.0,193.0,10036.0,1,52.0
14477.0,20,7,1969.6,4,4,3,443,Champions,1969.6,281.37142857142857,1051.029239766082,684,3.7353801169590644
14478.0,382,4,1276.66,1,3,3,133,At Risk,1276.66,319.165,1308.9351123595509,356,4.1011235955056184
14479.0,254,4,1124.71,2,3,3,233,Others,1124.71,281.1775,857.0337160751566,479,3.048016701461378
14480.0,11,4,1299.52,4,3,3,433,Loyal Customers,1299.52,324.88,670.8978783592646,707,2.0650636492220653
14481.0,165,5,2284.69,2,3,4,234,Others,2284.69,456.938,1628.73408203125,512,3.564453125
14482.0,18,12,4306.72,4,4,4,444,Champions,4306.72,358.8933333333334,3485.482926829269,451,9.711751662971176
14483.0,282,2,257.1,2,2,1,221,Others,257.1,128.55,206.24505494505493,455,1.6043956043956042
14484.0,50,4,1070.98,3,3,3,333,Others,1070.98,267.745,581.7078869047618,672,2.1726190476190474
14485.0,39,1,162.8,3,1,1,311,Potential Loyalist,162.8,162.8,8465.6,1,52.0
14486.0,512,2,175.5,1,2,1,121,Others,175.5,87.75,1562.3780487804877,41,17.804878048780488
14487.0,27,7,1266.27,3,4,3,343,Others,1266.27,180.8957142857143,1313.0356534090909,352,7.258522727272727
14488.0,68,1,1064.28,3,1,3,313,Potential Loyalist,1064.28,1064.28,55342.56,1,52.0
14489.0,207,4,1574.93,2,3,3,233,Others,1574.93,393.7325,1419.3813580246915,405,3.6049382716049383
14490.0,406,2,1273.47,1,2,3,123,Others,1273.47,636.735,21128.024999999998,22,33.18181818181818
14491.0,175,2,340.93,2,2,1,221,Others,340.93,170.465,631.6723350253807,197,3.7055837563451774
14492.0,430,7,1921.91,1,4,3,143,At Risk,1921.91,274.55857142857144,3731.3678191489366,188,13.590425531914894
14493.0,7,10,5087.86,4,4,4,444,Champions,5087.86,508.78599999999994,2929.1307570977915,634,5.757097791798107
14494.0,26,3,401.46,4,2,2,422,Potential Loyalist,401.46,133.82,207.848085106383,705,1.5531914893617023
14495.0,51,3,174.8,3,2,1,321,Potential Loyalist,174.8,58.26666666666667,104.76518883415437,609,1.7980295566502464
14496.0,312,7,2363.89,2,4,4,244,Others,2363.89,337.6985714285714,2687.91230529595,321,7.959501557632398
14497.0,309,2,697.0600000000001,2,2,2,222,Others,697.0600000000001,348.53000000000003,698.975,364,2.0054945054945055
14498.0,43,10,3900.83,3,4,4,344,Champions,3900.83,390.08299999999997,2808.2898422090725,507,7.199211045364891
14499.0,26,7,2101.79,4,4,3,443,Champions,2101.79,300.2557142857143,1731.7231376975171,443,5.767494356659142
14500.0,88,3,356.85,3,2,2,322,Potential Loyalist,356.85,118.95,1289.6064356435645,101,10.841584158415843
14501.0,184,2,251.21,2,2,1,221,Others,251.21,125.605,674.2033088235294,136,5.367647058823529
14502.0,20,11,2429.83,4,4,4,444,Champions,2429.83,220.89363636363635,3026.9213310580203,293,13.703071672354948
14503.0,3,6,3543.26,4,3,4,434,Champions,3543.26,590.5433333333334,7390.228000000001,175,12.514285714285714
14504.0,47,4,673.26,3,3,2,332,Others,673.26,168.315,1063.809090909091,231,6.320346320346321
14505.0,17,19,11879.08,4,4,4,444,Champions,11879.08,625.2147368421053,6081.155960729312,713,9.726507713884992
14506.0,17,7,2960.25,4,4,4,444,Champions,2960.25,422.89285714285717,1856.5141752577322,582,4.390034364261169
14507.0,24,11,3216.7400000000002,4,4,4,444,Champions,3216.7400000000002,292.4309090909091,1665.4043971631206,705,5.695035460992908
14508.0,22,5,822.92,4,3,2,432,Loyal Customers,822.92,164.584,579.8567567567568,518,3.523166023166023
14509.0,534,1,110.95,1,1,1,111,Lost Customers,110.95,110.95,5769.400000000001,1,52.0
14510.0,376,3,979.85,2,2,3,223,Others,979.85,326.6166666666667,5960.754166666667,60,18.25
14511.0,11,5,1314.81,4,3,3,433,Loyal Customers,1314.81,262.962,3933.6528688524586,122,14.959016393442623
14512.0,188,7,1215.97,2,4,3,243,Others,1215.97,173.71,815.8622242647059,544,4.696691176470588
14513.0,101,6,788.01,2,3,2,232,Others,788.01,131.335,615.8964668094219,467,4.689507494646681
14514.0,61,9,4380.04,3,4,4,344,Champions,4380.04,486.6711111111111,2404.082105263158,665,4.939849624060151
14515.0,18,12,3724.06,4,4,4,444,Champions,3724.06,310.3383333333333,2555.0411654135332,532,8.233082706766917
14516.0,516,1,151.17,1,1,1,111,Lost Customers,151.17,151.17,7860.839999999999,1,52.0
14517.0,33,2,330.45,3,2,1,321,Potential Loyalist,330.45,165.225,1116.798611111111,108,6.7592592592592595
14518.0,64,1,174.37,3,1,1,311,Potential Loyalist,174.37,174.37,9067.24,1,52.0
14519.0,684,2,203.14,1,2,1,121,Others,203.14,101.57,1647.691111111111,45,16.22222222222222
14520.0,2,2,270.6,4,2,1,421,Potential Loyalist,270.6,135.3,341.7612456747405,289,2.5259515570934257
14521.0,491,1,199.45000000000002,1,1,1,111,Lost Customers,199.45000000000002,199.45000000000002,10371.400000000001,1,52.0
14522.0,24,8,1748.42,4,4,3,443,Champions,1748.42,218.5525,968.3965098634294,659,4.430955993930197
14523.0,108,1,241.09,2,1,1,211,Others,241.09,241.09,12536.68,1,52.0
14524.0,32,13,2909.86,3,4,4,344,Champions,2909.86,223.8353846153846,2758.6984415584416,385,12.324675324675324
14525.0,20,17,8026.54,4,4,4,444,Champions,8026.54,472.14941176470586,4149.698441926345,706,8.788951841359774
14526.0,389,1,258.65,1,1,1,111,Lost Customers,258.65,258.65,13449.8,1,52.0
14527.0,3,122,27246.88,4,4,4,444,Champions,27246.88,223.3350819672131,11613.424262295082,735,52.0
14528.0,37,1,364.21999999999997,3,1,2,312,Potential Loyalist,364.21999999999997,364.21999999999997,18939.44,1,52.0
14529.0,60,3,578.61,3,2,2,322,Potential Loyalist,578.61,192.87,4223.853,50,21.900000000000002
14530.0,26,16,6088.87,4,4,4,444,Champions,6088.87,380.554375,3362.23532526475,661,8.835098335854765
14531.0,480,1,376.34,1,1,2,112,Lost Customers,376.34,376.34,19569.68,1,52.0
14532.0,236,11,3845.78,2,4,4,244,Others,3845.78,349.61636363636364,3038.3326839826846,462,8.690476190476192
14533.0,25,11,3466.37,4,4,4,444,Champions,3466.37,315.12454545454545,2162.7778632478635,585,6.863247863247864
14534.0,3,26,6187.66,4,4,4,444,Champions,6187.66,237.98692307692306,3579.2328050713154,631,15.039619651347069
14535.0,60,9,5973.2300000000005,3,4,4,344,Champions,5973.2300000000005,663.6922222222223,3676.6086846543003,593,5.539629005059021
14536.0,260,1,170.95,2,1,1,211,Others,170.95,170.95,8889.4,1,52.0
14537.0,58,2,641.4,3,2,2,322,Potential Loyalist,641.4,320.7,414.35575221238935,565,1.2920353982300885
14538.0,65,5,1370.8400000000001,3,3,3,333,Others,1370.8400000000001,274.168,809.6385113268608,618,2.953074433656958
14539.0,16,2,537.48,4,2,2,422,Potential Loyalist,537.48,268.74,7006.435714285714,28,26.07142857142857
14540.0,10,11,3709.64,4,4,4,444,Champions,3709.64,337.24,1875.3720221606648,722,5.5609418282548475
14541.0,59,14,2491.38,3,4,4,344,Champions,2491.38,177.9557142857143,1416.438785046729,642,7.959501557632398
14542.0,186,1,103.25,2,1,1,211,Others,103.25,103.25,5369.0,1,52.0
14543.0,29,39,14587.87,3,4,4,344,Champions,14587.87,374.0479487179487,7509.97538787024,709,20.07757404795487
14544.0,24,3,2938.53,4,2,4,424,Potential Loyalist,2938.53,979.5100000000001,2410.254943820225,445,2.460674157303371
14545.0,674,1,349.25,1,1,2,112,Lost Customers,349.25,349.25,18161.0,1,52.0
14546.0,5,11,5184.84,4,4,4,444,Champions,5184.84,471.34909090909093,2603.1177441540576,727,5.522696011004126
14547.0,4,8,3974.75,4,4,4,444,Champions,3974.75,496.84375,25835.875,50,52.0
14548.0,151,9,2541.29,2,4,4,244,Others,2541.29,282.36555555555555,1593.7643470790379,582,5.644329896907217
14549.0,311,4,913.6,2,3,3,233,Others,913.6,228.4,784.6211764705884,425,3.435294117647059
14550.0,11,4,1345.06,4,3,3,433,Loyal Customers,1345.06,336.265,1037.9427061310782,473,3.086680761099366
14551.0,18,7,878.09,4,4,3,443,Champions,878.09,125.44142857142857,483.4130467571644,663,3.8536953242835597
14552.0,152,3,507.93,2,2,2,222,Others,507.93,169.31,421.3510227272728,440,2.4886363636363638
14553.0,19,9,1818.6,4,4,3,443,Champions,1818.6,202.06666666666666,1354.6714285714286,490,6.704081632653061
14554.0,10,4,2279.4900000000002,4,3,4,434,Champions,2279.4900000000002,569.8725000000001,19809.85357142857,42,34.76190476190476
14555.0,57,6,2304.03,3,3,4,334,Others,2304.03,384.00500000000005,1266.522515060241,664,3.298192771084337
14556.0,596,3,815.69,1,2,2,122,Others,815.69,271.8966666666667,3236.161413043478,92,11.902173913043477
14557.0,85,1,788.38,3,1,2,312,Potential Loyalist,788.38,788.38,40995.76,1,52.0
14558.0,654,3,655.5,1,2,2,122,Others,655.5,218.5,3107.2402597402597,77,14.220779220779221
14559.0,390,1,75.6,1,1,1,111,Lost Customers,75.6,75.6,3931.2,1,52.0
14560.0,7,44,6114.03,4,4,4,444,Champions,6114.03,138.95522727272726,3057.0149999999994,730,22.0
14561.0,76,3,1080.76,3,2,3,323,Potential Loyalist,1080.76,360.25333333333333,3652.5685185185184,108,10.13888888888889
14562.0,4,26,6638.150000000001,4,4,4,444,Champions,6638.150000000001,255.31346153846155,3638.0251501501502,666,14.24924924924925
14563.0,510,2,640.54,1,2,2,122,Others,640.54,320.27,2851.184146341463,82,8.902439024390244
14564.0,435,2,2605.62,1,2,4,124,Others,2605.62,1302.81,3170.1710000000003,300,2.4333333333333336
14565.0,96,5,3859.2200000000003,3,3,4,334,Others,3859.2200000000003,771.844,3736.3801061007953,377,4.840848806366047
14566.0,111,4,4092.0,2,3,4,234,Others,4092.0,1023.0,3530.921985815603,423,3.451536643026005
14567.0,57,2,1530.3600000000001,3,2,3,323,Potential Loyalist,1530.3600000000001,765.1800000000001,7651.800000000001,73,10.0
14568.0,435,1,919.7,1,1,3,113,Lost Customers,919.7,919.7,47824.4,1,52.0
14569.0,1,4,597.3299999999999,4,3,2,432,Loyal Customers,597.3299999999999,149.33249999999998,362.1685215946843,602,2.4252491694352156
14570.0,281,3,613.75,2,2,2,222,Others,613.75,204.58333333333334,1382.8317901234568,162,6.7592592592592595
14571.0,425,1,160.0,1,1,1,111,Lost Customers,160.0,160.0,8320.0,1,52.0
14572.0,3,11,5526.88,4,4,4,444,Champions,5526.88,502.44363636363636,3264.2576051779934,618,6.496763754045308
14573.0,180,13,2163.12,2,4,3,243,Others,2163.12,166.39384615384614,1518.343846153846,520,9.125
14574.0,733,1,143.70000000000002,1,1,1,111,Lost Customers,143.70000000000002,143.70000000000002,7472.400000000001,1,52.0
14575.0,488,1,420.22,1,1,2,112,Lost Customers,420.22,420.22,21851.440000000002,1,52.0
14576.0,372,1,35.400000000000006,2,1,1,211,Others,35.400000000000006,35.400000000000006,1840.8000000000002,1,52.0
14577.0,13,7,1364.15,4,4,3,443,Champions,1364.15,194.87857142857143,695.4116620111732,716,3.5684357541899443
14578.0,3,1,168.63,4,1,1,411,Potential Loyalist,168.63,168.63,8768.76,1,52.0
14579.0,432,1,105.56,1,1,1,111,Lost Customers,105.56,105.56,5489.12,1,52.0
14580.0,518,1,14.850000000000001,1,1,1,111,Lost Customers,14.850000000000001,14.850000000000001,772.2,1,52.0
14581.0,17,2,409.65,4,2,2,422,Potential Loyalist,409.65,204.825,283.72343453510433,527,1.3851992409867173
14582.0,41,1,114.11,3,1,1,311,Potential Loyalist,114.11,114.11,5933.72,1,52.0
14583.0,6,8,1660.29,4,4,3,443,Champions,1660.29,207.53625,985.3753658536585,615,4.747967479674797
14584.0,169,8,1738.16,2,4,3,243,Others,1738.16,217.27,1292.114867617108,491,5.94704684317719
14585.0,50,5,1143.27,3,3,3,333,Others,1143.27,228.654,1140.14631147541,366,4.9863387978142075
14586.0,277,1,237.36,2,1,1,211,Others,237.36,237.36,12342.720000000001,1,52.0
14587.0,19,9,1580.29,4,4,3,443,Champions,1580.29,175.58777777777777,1848.7366987179487,312,10.528846153846153
14588.0,578,1,135.39,1,1,1,111,Lost Customers,135.39,135.39,7040.279999999999,1,52.0
14589.0,372,1,39.75,2,1,1,211,Others,39.75,39.75,2067.0,1,52.0
14590.0,425,20,2993.37,1,4,4,144,At Risk,2993.37,149.6685,3558.892671009772,307,23.778501628664497
14591.0,15,4,1320.21,4,3,3,433,Loyal Customers,1320.21,330.0525,2446.0743654822336,197,7.411167512690355
14592.0,35,3,557.94,3,2,2,322,Potential Loyalist,557.94,185.98000000000002,7273.146428571429,28,39.107142857142854
14593.0,22,12,3665.5299999999997,4,4,4,444,Champions,3665.5299999999997,305.4608333333333,1889.7153248587567,708,6.186440677966101
14594.0,7,2,363.33,4,2,2,422,Potential Loyalist,363.33,181.665,363.33,365,2.0
14595.0,20,8,2164.45,4,4,3,443,Champions,2164.45,270.55625,1182.6710329341315,668,4.37125748502994
14596.0,627,1,222.22000000000003,1,1,1,111,Lost Customers,222.22000000000003,222.22000000000003,11555.440000000002,1,52.0
14597.0,11,6,2184.63,4,3,3,433,Loyal Customers,2184.63,364.105,1876.2116470588237,425,5.152941176470589
14598.0,44,2,384.04,3,2,2,322,Potential Loyalist,384.04,192.02,266.9992380952381,525,1.3904761904761904
14599.0,390,2,457.89,1,2,2,122,Others,457.89,228.945,1416.354661016949,118,6.186440677966101
14600.0,306,2,865.1700000000001,2,2,2,222,Others,865.1700000000001,432.58500000000004,3629.736206896552,87,8.39080459770115
14601.0,11,1,213.96,4,1,1,411,Potential Loyalist,213.96,213.96,11125.92,1,52.0
14602.0,656,1,205.35999999999999,1,1,1,111,Lost Customers,205.35999999999999,205.35999999999999,10678.72,1,52.0
14603.0,275,1,660.0,2,1,2,212,Others,660.0,660.0,34320.0,1,52.0
14604.0,633,1,143.85999999999999,1,1,1,111,Lost Customers,143.85999999999999,143.85999999999999,7480.719999999999,1,52.0
14605.0,374,4,921.5600000000001,2,3,3,233,Others,921.5600000000001,230.39000000000001,942.2112044817927,357,4.089635854341736
14606.0,1,192,29951.37,4,4,4,444,Champions,29951.37,155.99671874999999,8111.829374999999,735,52.0
14607.0,16,22,23763.13,4,4,4,444,Champions,23763.13,1080.1422727272727,12250.766172316384,708,11.341807909604519
14608.0,4,11,3352.94,4,4,4,444,Champions,3352.94,304.8127272727273,1678.769684499314,729,5.507544581618656
14609.0,72,10,1486.2,3,4,3,343,Others,1486.2,148.62,910.1728187919464,596,6.124161073825504
14610.0,396,2,24.35,1,2,1,121,Others,24.35,12.175,75.31991525423729,118,6.186440677966101
14611.0,444,2,604.3299999999999,1,2,2,122,Others,604.3299999999999,302.16499999999996,1432.3405844155843,154,4.740259740259741
14612.0,415,1,877.7,1,1,3,113,Lost Customers,877.7,877.7,45640.4,1,52.0
14613.0,680,1,76.32000000000001,1,1,1,111,Lost Customers,76.32000000000001,76.32000000000001,3968.6400000000003,1,52.0
14614.0,386,1,295.13,1,1,1,111,Lost Customers,295.13,295.13,15346.76,1,52.0
14615.0,394,5,951.76,1,3,3,133,At Risk,951.76,190.352,2270.5385620915035,153,11.928104575163399
14616.0,243,5,527.78,2,3,2,232,Others,527.78,105.556,629.5415032679739,306,5.9640522875816995
14617.0,403,2,190.47000000000003,1,2,1,121,Others,190.47000000000003,95.23500000000001,4952.220000000001,13,52.0
14618.0,9,7,1342.32,4,4,3,443,Champions,1342.32,191.76,912.3776536312848,537,4.757914338919925
14619.0,246,2,1291.24,2,2,3,223,Others,1291.24,645.62,1597.63593220339,295,2.4745762711864407
14620.0,206,2,412.78000000000003,2,2,2,222,Others,412.78000000000003,206.39000000000001,1931.5987179487179,78,9.358974358974358
14621.0,1,9,3000.57,4,4,4,444,Champions,3000.57,333.3966666666667,1605.8769061583578,682,4.816715542521994
14622.0,185,1,320.58000000000004,2,1,1,211,Others,320.58000000000004,320.58000000000004,16670.160000000003,1,52.0
14623.0,32,10,2016.98,3,4,3,343,Others,2016.98,201.698,1293.8448154657294,569,6.414762741652021
14624.0,57,6,814.07,3,3,2,332,Others,814.07,135.67833333333334,543.2094149908593,547,4.003656307129799
14625.0,196,11,4497.88,2,4,4,244,Others,4497.88,408.89818181818185,3115.2299810246686,527,7.6185958254269455
14626.0,24,11,5410.92,4,4,4,444,Champions,5410.92,491.9018181818182,2801.3982978723407,705,5.695035460992908
14627.0,379,1,462.75,2,1,2,212,Others,462.75,462.75,24063.0,1,52.0
14628.0,91,5,1998.0,3,3,3,333,Others,1998.0,399.6,1231.875,592,3.08277027027027
14629.0,4,2,955.26,4,2,3,423,Potential Loyalist,955.26,477.63,8108.602325581394,43,16.97674418604651
14630.0,484,1,338.65,1,1,1,111,Lost Customers,338.65,338.65,17609.8,1,52.0
14631.0,51,6,2025.69,3,3,3,333,Others,2025.69,337.615,1695.8184633027524,436,5.022935779816514
14632.0,263,1,114.56,2,1,1,211,Others,114.56,114.56,5957.12,1,52.0
14633.0,266,1,344.90000000000003,2,1,2,212,Others,344.90000000000003,344.90000000000003,17934.800000000003,1,52.0
14634.0,438,4,2124.46,1,3,3,133,At Risk,2124.46,531.115,7456.0375,104,14.038461538461538
14635.0,454,1,215.22,1,1,1,111,Lost Customers,215.22,215.22,11191.44,1,52.0
14636.0,36,2,609.85,3,2,2,322,Potential Loyalist,609.85,304.925,959.4622844827585,232,3.1465517241379306
14637.0,677,1,106.67999999999999,1,1,1,111,Lost Customers,106.67999999999999,106.67999999999999,5547.36,1,52.0
14638.0,51,1,443.6,3,1,2,312,Potential Loyalist,443.6,443.6,23067.2,1,52.0
14639.0,52,9,4978.96,3,4,4,344,Champions,4978.96,553.2177777777778,2984.105747126437,609,5.394088669950739
14640.0,24,10,3649.36,4,4,4,444,Champions,3649.36,364.93600000000004,2015.1534039334342,661,5.521936459909228
14641.0,22,1,110.46,4,1,1,411,Potential Loyalist,110.46,110.46,5743.92,1,52.0
14642.0,59,1,96.12,3,1,1,311,Potential Loyalist,96.12,96.12,4998.24,1,52.0
14643.0,170,5,1679.89,2,3,3,233,Others,1679.89,335.978,1098.8527777777779,558,3.270609318996416
14644.0,68,7,2247.72,3,4,3,343,Others,2247.72,321.1028571428571,1228.170359281437,668,3.8248502994011977
14645.0,157,3,876.89,2,2,3,223,Others,876.89,292.2966666666667,670.9954926624738,477,2.2955974842767293
14646.0,2,151,528602.52,4,4,4,444,Champions,528602.52,3500.678940397351,182035.30490066228,735,52.0
14647.0,201,2,506.04,2,2,2,222,Others,506.04,253.02,573.6167701863353,322,2.2670807453416146
14648.0,416,15,4466.65,1,4,4,144,At Risk,4466.65,297.77666666666664,5225.4078525641025,312,17.548076923076923
14649.0,5,9,3651.19,4,4,4,444,Champions,3651.19,405.6877777777778,1951.2215959004393,683,4.809663250366032
14650.0,589,1,62.5,1,1,1,111,Lost Customers,62.5,62.5,3250.0,1,52.0
14651.0,67,9,2025.52,3,4,3,343,Others,2025.52,225.05777777777777,1310.841843971631,564,5.824468085106383
14652.0,77,1,114.18,3,1,1,311,Potential Loyalist,114.18,114.18,5937.360000000001,1,52.0
14653.0,1,12,3593.06,4,4,4,444,Champions,3593.06,299.4216666666667,1781.8843749999999,736,5.951086956521738
14654.0,738,1,246.86,1,1,1,111,Lost Customers,246.86,246.86,12836.720000000001,1,52.0
14655.0,8,7,3878.51,4,4,4,444,Champions,3878.51,554.0728571428572,2407.578486394558,588,4.345238095238095
14656.0,169,5,790.0,2,3,2,232,Others,790.0,158.0,664.4009216589862,434,4.2050691244239635
14657.0,18,6,1450.19,4,3,3,433,Loyal Customers,1450.19,241.69833333333335,1269.3509592326138,417,5.2517985611510785
14658.0,5,2,247.15,4,2,1,421,Potential Loyalist,247.15,123.575,812.7004504504504,111,6.576576576576576
14659.0,9,9,2529.93,4,4,4,444,Champions,2529.93,281.1033333333333,3017.726960784313,306,10.735294117647058
14660.0,87,2,285.74,3,2,1,321,Potential Loyalist,285.74,142.87,7429.24,14,52.0
14661.0,27,1,107.95,3,1,1,311,Potential Loyalist,107.95,107.95,5613.400000000001,1,52.0
14662.0,29,7,1376.43,3,4,3,343,Others,1376.43,196.63285714285715,710.6038896746818,707,3.613861386138614
14663.0,430,2,490.6,1,2,2,122,Others,490.6,245.3,12755.6,1,52.0
14664.0,20,2,636.24,4,2,2,422,Potential Loyalist,636.24,318.12,16542.24,13,52.0
14665.0,61,7,2749.65,3,4,4,344,Champions,2749.65,392.8071428571429,1890.0607344632772,531,4.811676082862524
14666.0,24,1,195.25,4,1,1,411,Potential Loyalist,195.25,195.25,10153.0,1,52.0
14667.0,11,54,20395.34,4,4,4,444,Champions,20395.34,377.6914814814815,10253.855509641873,726,27.14876033057851
14668.0,445,1,111.63,1,1,1,111,Lost Customers,111.63,111.63,5804.76,1,52.0
14669.0,242,7,3216.78,2,4,4,244,Others,3216.78,459.54,2371.9690909090905,495,5.161616161616161
14670.0,280,3,583.33,2,2,2,222,Others,583.33,194.44333333333336,471.05188053097356,452,2.422566371681416
14671.0,549,2,1127.45,1,2,3,123,Others,1127.45,563.725,22862.18055555556,18,40.55555555555556
14672.0,235,4,1113.14,2,3,3,233,Others,1113.14,278.285,913.0249438202248,445,3.2808988764044944
14673.0,3,7,3037.32,4,4,4,444,Champions,3037.32,433.90285714285716,2730.5955665024626,406,6.293103448275861
14674.0,509,1,173.66,1,1,1,111,Lost Customers,173.66,173.66,9030.32,1,52.0
14675.0,16,2,1015.58,4,2,3,423,Potential Loyalist,1015.58,507.79,996.469623655914,372,1.9623655913978495
14676.0,31,12,8356.79,3,4,4,344,Champions,8356.79,696.3991666666667,5016.822944078947,608,7.203947368421052
14677.0,593,1,184.91,1,1,1,111,Lost Customers,184.91,184.91,9615.32,1,52.0
14678.0,579,1,403.39,1,1,2,112,Lost Customers,403.39,403.39,20976.28,1,52.0
14679.0,382,3,1289.44,1,2,3,123,Others,1289.44,429.81333333333333,1348.5547277936964,349,3.1375358166189113
14680.0,25,58,55688.5,4,4,4,444,Champions,55688.5,960.1465517241379,28628.595070422536,710,29.816901408450704
14681.0,71,6,875.1500000000001,3,3,3,333,Others,875.1500000000001,145.85833333333335,548.8483676975947,582,3.7628865979381447
14682.0,188,6,1514.81,2,3,3,233,Others,1514.81,252.46833333333333,1142.3670454545452,484,4.524793388429751
14683.0,588,1,146.56,1,1,1,111,Lost Customers,146.56,146.56,7621.12,1,52.0
14684.0,26,6,1430.03,4,3,3,433,Loyal Customers,1430.03,238.33833333333334,1433.9586538461538,364,6.016483516483516
14685.0,576,8,4536.64,1,4,4,144,At Risk,4536.64,567.08,11039.157333333334,150,19.46666666666667
14686.0,414,5,852.53,1,3,2,132,At Risk,852.53,170.506,1270.0957142857144,245,7.448979591836735
14687.0,107,3,1402.06,2,2,3,223,Others,1402.06,467.3533333333333,1150.0042696629212,445,2.460674157303371
14688.0,8,28,7190.42,4,4,4,444,Champions,7190.42,256.80071428571426,5858.266294642856,448,22.8125
14689.0,209,1,112.8,2,1,1,211,Others,112.8,112.8,5865.599999999999,1,52.0
14690.0,44,4,777.68,3,3,2,332,Others,777.68,194.42,775.5551912568304,366,3.9890710382513657
14691.0,31,5,2114.33,3,3,3,333,Others,2114.33,422.866,4240.277197802197,182,10.027472527472527
14692.0,137,12,1715.1399999999999,2,4,3,243,Others,1715.1399999999999,142.9283333333333,1304.2210416666665,480,9.125
14693.0,265,7,1165.36,2,4,3,243,Others,1165.36,166.48,1629.7180076628351,261,9.789272030651341
14694.0,617,1,244.31,1,1,1,111,Lost Customers,244.31,244.31,12704.12,1,52.0
14695.0,519,3,1534.22,1,2,3,123,Others,1534.22,511.4066666666667,2629.0624413145542,213,5.140845070422535
14696.0,4,8,2473.28,4,4,4,444,Champions,2473.28,309.16,2164.86139088729,417,7.002398081534771
14697.0,218,2,188.60999999999999,2,2,1,221,Others,188.60999999999999,94.30499999999999,4903.86,1,52.0
14698.0,2,5,1217.27,4,3,3,433,Loyal Customers,1217.27,243.454,9067.419387755102,49,37.244897959183675
14699.0,214,4,702.6,2,3,2,232,Others,702.6,175.65,824.5948553054661,311,4.694533762057877
14700.0,32,5,3076.06,3,3,4,334,Others,3076.06,615.212,2478.5030905077265,453,4.02869757174393
14701.0,11,15,4487.11,4,4,4,444,Champions,4487.11,299.1406666666666,2429.963130563798,674,8.123145400593472
14702.0,1,29,6368.78,4,4,4,444,Champions,6368.78,219.61310344827587,3197.530536451169,727,14.559834938101789
14703.0,15,1,318.17,4,1,1,411,Potential Loyalist,318.17,318.17,16544.84,1,52.0
14704.0,11,11,1752.92,4,4,3,443,Champions,1752.92,159.35636363636365,1045.4506535947712,612,6.560457516339869
14705.0,199,1,179.0,2,1,1,211,Others,179.0,179.0,9308.0,1,52.0
14706.0,619,1,367.54,1,1,2,112,Lost Customers,367.54,367.54,19112.08,1,52.0
14707.0,436,2,139.2,1,2,1,121,Others,139.2,69.6,360.34042553191483,141,5.177304964539006
14708.0,3,5,1793.22,4,3,3,433,Loyal Customers,1793.22,358.644,1448.0648230088495,452,4.037610619469026
14709.0,15,25,8886.33,4,4,4,444,Champions,8886.33,355.4532,4511.141098748261,719,12.691237830319889
14710.0,14,13,1899.79,4,4,3,443,Champions,1899.79,146.1376923076923,961.7522191400832,721,6.581137309292649
14711.0,10,11,2839.62,4,4,4,444,Champions,2839.62,258.1472727272727,4112.941666666667,252,15.932539682539682
14712.0,29,4,1328.0700000000002,3,3,3,333,Others,1328.0700000000002,332.01750000000004,1249.344201030928,388,3.7628865979381443
14713.0,9,21,5115.76,4,4,4,444,Champions,5115.76,243.60761904761907,2571.973002754821,726,10.557851239669422
14714.0,24,4,906.24,4,3,3,433,Loyal Customers,906.24,226.56,498.91040723981905,663,2.20211161387632
14715.0,25,8,1825.45,4,4,3,443,Champions,1825.45,228.18125,1003.4476656626506,664,4.397590361445783
14716.0,43,3,543.28,3,2,2,322,Potential Loyalist,543.28,181.09333333333333,494.5067331670823,401,2.7306733167082293
14717.0,733,1,81.3,1,1,1,111,Lost Customers,81.3,81.3,4227.599999999999,1,52.0
14718.0,410,1,226.42,1,1,1,111,Lost Customers,226.42,226.42,11773.84,1,52.0
14719.0,2,5,1581.84,4,3,3,433,Loyal Customers,1581.84,316.368,2337.536842105263,247,7.388663967611336
14720.0,6,3,663.81,4,2,2,422,Potential Loyalist,663.81,221.26999999999998,2019.08875,120,9.125
14721.0,379,1,109.07,2,1,1,211,Others,109.07,109.07,5671.639999999999,1,52.0
14722.0,147,3,489.52,2,2,2,222,Others,489.52,163.17333333333332,527.0643067846607,339,3.2300884955752216
14723.0,10,11,1803.06,4,4,3,443,Champions,1803.06,163.91454545454545,907.747448275862,725,5.537931034482758
14724.0,590,1,341.9,1,1,1,111,Lost Customers,341.9,341.9,17778.8,1,52.0
14725.0,25,4,1252.74,4,3,3,433,Loyal Customers,1252.74,313.185,896.5688235294118,510,2.8627450980392157
14726.0,655,1,116.5,1,1,1,111,Lost Customers,116.5,116.5,6058.0,1,52.0
14727.0,274,3,463.72999999999996,2,2,2,222,Others,463.72999999999996,154.57666666666665,622.2847426470587,272,4.025735294117647
14728.0,413,1,190.58,1,1,1,111,Lost Customers,190.58,190.58,9910.16,1,52.0
14729.0,374,3,586.24,2,2,2,222,Others,586.24,195.41333333333333,852.5003984063745,251,4.362549800796813
14730.0,1,8,1897.57,4,4,3,443,Champions,1897.57,237.19625,2518.592909090909,275,10.618181818181817
14731.0,47,3,380.02,3,2,2,322,Potential Loyalist,380.02,126.67333333333333,840.650303030303,165,6.636363636363637
14732.0,8,19,5517.07,4,4,4,444,Champions,5517.07,290.3721052631579,2789.1004847645427,722,9.605263157894736
14733.0,16,15,14335.15,4,4,4,444,Champions,14335.15,955.6766666666666,13590.466883116882,385,14.220779220779221
14734.0,426,4,1056.42,1,3,3,133,At Risk,1056.42,264.105,3084.7464000000004,125,11.680000000000001
14735.0,4,56,12240.16,4,4,4,444,Champions,12240.16,218.5742857142857,6103.358469945355,732,27.92349726775956
14736.0,485,2,374.05,1,2,2,122,Others,374.05,187.025,9725.300000000001,1,52.0
14737.0,4,4,3554.17,4,3,4,434,Champions,3554.17,888.5425,3275.93952020202,396,3.686868686868687
14738.0,43,9,1821.9,3,4,3,343,Others,1821.9,202.43333333333334,965.1574746008708,689,4.7677793904209
14739.0,4,25,11573.62,4,4,4,444,Champions,11573.62,462.94480000000004,5763.125920873124,733,12.448840381991815
14740.0,197,11,4161.06,2,4,4,244,Others,4161.06,378.27818181818185,3337.9931868131866,455,8.824175824175823
14741.0,12,7,1713.09,4,4,3,443,Champions,1713.09,244.72714285714284,1543.8959259259257,405,6.308641975308642
14742.0,435,1,579.85,1,1,2,112,Lost Customers,579.85,579.85,30152.2,1,52.0
14743.0,593,1,50.48,1,1,1,111,Lost Customers,50.48,50.48,2624.96,1,52.0
14744.0,16,14,3660.08,4,4,4,444,Champions,3660.08,261.4342857142857,2415.785171790235,553,9.240506329113924
14745.0,113,12,2551.41,2,4,4,244,Others,2551.41,212.61749999999998,1777.2226145038164,524,8.358778625954198
14746.0,406,4,593.5,1,3,2,132,At Risk,593.5,148.375,7715.5,17,52.0
14747.0,249,1,328.2,2,1,1,211,Others,328.2,328.2,17066.399999999998,1,52.0
14748.0,29,10,2681.9,3,4,4,344,Champions,2681.9,268.19,1589.1128246753246,616,5.925324675324675
14749.0,480,1,310.15,1,1,1,111,Lost Customers,310.15,310.15,16127.8,1,52.0
14750.0,736,1,112.03,1,1,1,111,Lost Customers,112.03,112.03,5825.56,1,52.0
14751.0,684,2,126.45,1,2,1,121,Others,126.45,63.225,1125.7134146341464,41,17.804878048780488
14752.0,44,1,389.64,3,1,2,312,Potential Loyalist,389.64,389.64,20261.28,1,52.0
14753.0,87,2,869.51,3,2,3,323,Potential Loyalist,869.51,434.755,850.8609919571046,373,1.9571045576407509
14754.0,45,6,1547.93,3,3,3,333,Others,1547.93,257.98833333333334,874.6044117647059,646,3.390092879256966
14755.0,10,25,9972.550000000001,4,4,4,444,Champions,9972.550000000001,398.90200000000004,5013.747589531681,726,12.568870523415978
14756.0,15,3,2653.76,4,2,4,424,Potential Loyalist,2653.76,884.5866666666667,2368.269926650367,409,2.6772616136919316
14757.0,75,1,420.5,3,1,2,312,Potential Loyalist,420.5,420.5,21866.0,1,52.0
14758.0,145,7,2864.97,2,4,4,244,Others,2864.97,409.28142857142853,2248.8474193548386,465,5.494623655913979
14759.0,5,3,1625.97,4,2,3,423,Potential Loyalist,1625.97,541.99,2602.978289473684,228,4.802631578947368
14760.0,297,1,89.2,2,1,1,211,Others,89.2,89.2,4638.400000000001,1,52.0
14761.0,59,3,447.92,3,2,2,322,Potential Loyalist,447.92,149.30666666666667,424.6514285714286,385,2.844155844155844
14762.0,264,2,417.57,2,2,2,222,Others,417.57,208.785,421.03052486187846,362,2.016574585635359
14764.0,47,1,278.3,3,1,1,311,Potential Loyalist,278.3,278.3,14471.6,1,52.0
14765.0,29,3,254.11,3,2,1,321,Potential Loyalist,254.11,84.70333333333333,630.9534013605443,147,7.448979591836735
14766.0,8,11,6375.7300000000005,4,4,4,444,Champions,6375.7300000000005,579.6118181818182,4285.711694290976,543,7.394106813996316
14767.0,474,1,382.81,1,1,2,112,Lost Customers,382.81,382.81,19906.12,1,52.0
14768.0,17,2,192.60000000000002,4,2,1,421,Potential Loyalist,192.60000000000002,96.30000000000001,644.9449541284405,109,6.697247706422019
14769.0,3,17,15514.11,4,4,4,444,Champions,15514.11,912.594705882353,7853.883703190014,721,8.606102635228849
14770.0,232,8,3637.64,2,4,4,244,Others,3637.64,454.705,3168.8272076372314,419,6.968973747016706
14771.0,621,2,594.62,1,2,2,122,Others,594.62,297.31,1887.2721739130436,115,6.347826086956522
14772.0,112,1,139.26,2,1,1,211,Others,139.26,139.26,7241.5199999999995,1,52.0
14773.0,593,1,140.55,1,1,1,111,Lost Customers,140.55,140.55,7308.6,1,52.0
14774.0,529,1,241.45,1,1,1,111,Lost Customers,241.45,241.45,12555.4,1,52.0
14775.0,58,3,1011.9,3,2,3,323,Potential Loyalist,1011.9,337.3,1180.0111821086261,313,3.498402555910543
14776.0,51,15,3708.3,3,4,4,344,Champions,3708.3,247.22,3426.6569620253163,395,13.860759493670885
14777.0,404,1,307.56,1,1,1,111,Lost Customers,307.56,307.56,15993.12,1,52.0
14778.0,127,2,730.86,2,2,2,222,Others,730.86,365.43,1473.8337016574587,181,4.033149171270718
14779.0,281,3,386.15,2,2,2,222,Others,386.15,128.71666666666667,3277.7848837209303,43,25.46511627906977
14780.0,55,2,447.68,3,2,2,322,Potential Loyalist,447.68,223.84,6808.466666666668,24,30.41666666666667
14782.0,320,1,200.10000000000002,2,1,1,211,Others,200.10000000000002,200.10000000000002,10405.2,1,52.0
14783.0,659,1,307.3,1,1,1,111,Lost Customers,307.3,307.3,15979.6,1,52.0
14784.0,26,3,449.93,4,2,2,422,Potential Loyalist,449.93,149.97666666666666,452.40895316804404,363,3.0165289256198347
14785.0,10,2,77.4,4,2,1,421,Potential Loyalist,77.4,38.7,2012.4,4,52.0
14786.0,550,1,90.96,1,1,1,111,Lost Customers,90.96,90.96,4729.92,1,52.0
14787.0,471,1,110.65,1,1,1,111,Lost Customers,110.65,110.65,5753.8,1,52.0
14788.0,7,3,1156.32,4,2,3,423,Potential Loyalist,1156.32,385.44,717.7836734693877,588,1.8622448979591837
14789.0,29,1,197.64,3,1,1,311,Potential Loyalist,197.64,197.64,10277.279999999999,1,52.0
14790.0,17,10,2526.62,4,4,4,444,Champions,2526.62,252.66199999999998,1297.0693389592122,711,5.133614627285513
14791.0,607,1,303.63,1,1,1,111,Lost Customers,303.63,303.63,15788.76,1,52.0
14792.0,64,1,6.2,3,1,1,311,Potential Loyalist,6.2,6.2,322.40000000000003,1,52.0
14793.0,21,2,625.9,4,2,2,422,Potential Loyalist,625.9,312.95,445.3284600389863,513,1.4230019493177386
14794.0,3,10,1953.9,4,4,3,443,Champions,1953.9,195.39000000000001,1473.4989669421489,484,7.541322314049586
14795.0,166,1,131.45000000000002,2,1,1,211,Others,131.45000000000002,131.45000000000002,6835.400000000001,1,52.0
14796.0,1,27,10169.33,4,4,4,444,Champions,10169.33,376.64185185185187,5126.803107734807,724,13.611878453038674
14797.0,507,1,300.31,1,1,1,111,Lost Customers,300.31,300.31,15616.12,1,52.0
14798.0,53,8,724.31,3,4,2,342,Others,724.31,90.53875,443.579110738255,596,4.899328859060403
14799.0,51,2,338.15,3,2,1,321,Potential Loyalist,338.15,169.075,179.91946064139938,686,1.064139941690962
14800.0,48,17,7191.33,3,4,4,344,Champions,7191.33,423.01941176470586,6782.520542635659,387,16.03359173126615
14801.0,61,1,189.34,3,1,1,311,Potential Loyalist,189.34,189.34,9845.68,1,52.0
14802.0,438,2,1502.98,1,2,3,123,Others,1502.98,751.49,39077.48,1,52.0
14803.0,162,3,845.55,2,2,2,222,Others,845.55,281.84999999999997,2374.0442307692306,130,8.423076923076923
14804.0,9,1,353.27,4,1,2,412,Potential Loyalist,353.27,353.27,18370.04,1,52.0
14805.0,15,7,1082.55,4,4,3,443,Champions,1082.55,154.65,652.0309405940593,606,4.216171617161716
14806.0,75,2,303.43,3,2,1,321,Potential Loyalist,303.43,151.715,305.10179063360886,363,2.0110192837465566
14807.0,391,2,504.14,1,2,2,122,Others,504.14,252.07,710.4675675675676,259,2.8185328185328187
14808.0,40,8,2718.6,3,4,4,344,Champions,2718.6,339.825,7517.340909090909,132,22.12121212121212
14809.0,621,2,686.76,1,2,2,122,Others,686.76,343.38,17855.76,1,52.0
14810.0,41,13,2354.03,3,4,4,344,Champions,2354.03,181.07923076923078,2214.486984536082,388,12.229381443298967
14811.0,387,1,170.5,1,1,1,111,Lost Customers,170.5,170.5,8866.0,1,52.0
14812.0,599,1,178.85,1,1,1,111,Lost Customers,178.85,178.85,9300.199999999999,1,52.0
14813.0,370,4,888.91,2,3,3,233,Others,888.91,222.2275,1346.274481327801,241,6.058091286307055
14814.0,581,1,154.21,1,1,1,111,Lost Customers,154.21,154.21,8018.92,1,52.0
14815.0,37,2,778.5,3,2,2,322,Potential Loyalist,778.5,389.25,9166.209677419356,31,23.548387096774196
14816.0,197,1,271.85,2,1,1,211,Others,271.85,271.85,14136.2,1,52.0
14817.0,200,7,3959.86,2,4,4,244,Others,3959.86,565.6942857142857,3384.892037470726,427,5.983606557377049
14818.0,74,6,1153.56,3,3,3,333,Others,1153.56,192.26,734.8157068062827,573,3.8219895287958114
14819.0,64,4,456.41,3,3,2,332,Others,456.41,114.1025,255.1143185298622,653,2.23583460949464
14820.0,21,9,1274.76,4,4,3,443,Champions,1274.76,141.64,709.2795731707316,656,5.007621951219512
14821.0,367,7,1230.15,2,4,3,243,Others,1230.15,175.7357142857143,1453.0898058252428,309,8.268608414239482
14822.0,485,1,157.70000000000002,1,1,1,111,Lost Customers,157.70000000000002,157.70000000000002,8200.400000000001,1,52.0
14823.0,180,3,321.43,2,2,1,221,Others,321.43,107.14333333333333,5571.453333333333,14,52.0
14824.0,10,10,4022.9100000000003,4,4,4,444,Champions,4022.9100000000003,402.29100000000005,2341.885406698565,627,5.821371610845295
14825.0,4,24,4735.08,4,4,4,444,Champions,4735.08,197.295,2842.605592105263,608,14.407894736842104
14826.0,582,2,385.2,1,2,2,122,Others,385.2,192.6,1244.230088495575,113,6.460176991150442
14828.0,197,13,9839.460000000001,2,4,4,244,Others,9839.460000000001,756.8815384615385,6712.90261682243,535,8.869158878504672
14829.0,29,7,1455.8700000000001,3,4,3,343,Others,1455.8700000000001,207.98142857142858,1305.6328009828012,407,6.277641277641278
14830.0,53,1,188.88,3,1,1,311,Potential Loyalist,188.88,188.88,9821.76,1,52.0
14831.0,680,3,1676.57,1,2,3,123,Others,1676.57,558.8566666666667,10735.930701754385,57,19.210526315789473
14832.0,630,1,322.69,1,1,1,111,Lost Customers,322.69,322.69,16779.88,1,52.0
14833.0,499,1,94.8,1,1,1,111,Lost Customers,94.8,94.8,4929.599999999999,1,52.0
14834.0,18,7,2206.16,4,4,3,443,Champions,2206.16,315.1657142857143,2070.047300771208,389,6.5681233933161955
14835.0,529,2,297.0,1,2,1,121,Others,297.0,148.5,1231.875,88,8.295454545454545
14836.0,10,3,102.44999999999999,4,2,1,421,Potential Loyalist,102.44999999999999,34.15,1775.8,20,52.0
14837.0,90,9,3460.32,3,4,4,344,Champions,3460.32,384.48,2122.71731092437,595,5.5210084033613445
14838.0,423,2,769.9200000000001,1,2,2,122,Others,769.9200000000001,384.96000000000004,897.8300319488818,313,2.3322683706070286
14839.0,418,3,915.28,1,2,3,123,Others,915.28,305.0933333333333,1172.2007017543858,285,3.8421052631578947
14840.0,268,2,362.71,2,2,2,222,Others,362.71,181.355,488.5208487084871,271,2.693726937269373
14841.0,53,14,7163.0,3,4,4,344,Champions,7163.0,511.64285714285717,3827.9575402635433,683,7.4816983894582725
14842.0,44,4,2824.69,3,3,4,334,Others,2824.69,706.1725,3905.3479166666666,264,5.53030303030303
14843.0,437,1,211.79999999999998,1,1,1,111,Lost Customers,211.79999999999998,211.79999999999998,11013.599999999999,1,52.0
14844.0,64,10,6702.43,3,4,4,344,Champions,6702.43,670.243,4513.629059040591,542,6.734317343173432
14845.0,600,1,150.0,1,1,1,111,Lost Customers,150.0,150.0,7800.0,1,52.0
14846.0,427,1,437.4,1,1,2,112,Lost Customers,437.4,437.4,22744.8,1,52.0
14847.0,149,3,1348.95,2,2,3,223,Others,1348.95,449.65000000000003,1186.4259036144579,415,2.63855421686747
14848.0,405,1,310.56,1,1,1,111,Lost Customers,310.56,310.56,16149.12,1,52.0
14849.0,22,43,15407.61,4,4,4,444,Champions,15407.61,358.316511627907,8319.197707100593,676,23.217455621301777
14850.0,312,7,1770.96,2,4,3,243,Others,1770.96,252.99428571428572,2525.0015625,256,9.98046875
14851.0,23,3,829.4100000000001,4,2,2,422,Potential Loyalist,829.4100000000001,276.47,498.73912685337734,607,1.8039538714991763
14852.0,58,18,6132.43,3,4,4,344,Champions,6132.43,340.6905555555556,3826.2170085470093,585,11.230769230769232
14853.0,24,5,1376.87,4,3,3,433,Loyal Customers,1376.87,275.37399999999997,864.9871772805507,581,3.1411359724612735
14854.0,78,11,4303.06,3,4,4,344,Champions,4303.06,391.1872727272728,2583.2514802631586,608,6.603618421052632
14855.0,119,7,6520.3,2,4,4,244,Others,6520.3,931.4714285714286,4847.066191446029,491,5.203665987780041
14856.0,36,3,1290.53,3,2,3,323,Potential Loyalist,1290.53,430.1766666666667,22369.18666666667,20,52.0
14857.0,60,7,3651.851,3,4,4,344,Champions,3651.851,521.693,2322.17006097561,574,4.451219512195122
14858.0,506,1,180.75,1,1,1,111,Lost Customers,180.75,180.75,9399.0,1,52.0
14859.0,13,5,1705.64,4,3,3,433,Loyal Customers,1705.64,341.12800000000004,1148.6321033210334,542,3.367158671586716
14860.0,19,1,170.32,4,1,1,411,Potential Loyalist,170.32,170.32,8856.64,1,52.0
14861.0,52,10,1380.73,3,4,3,343,Others,1380.73,138.073,742.2186303387334,679,5.375552282768777
14862.0,26,2,841.1999999999999,4,2,2,422,Potential Loyalist,841.1999999999999,420.59999999999997,2516.7049180327863,122,5.9836065573770485
14863.0,29,1,266.76,3,1,1,311,Potential Loyalist,266.76,266.76,13871.52,1,52.0
14865.0,7,4,92.52000000000001,4,3,1,431,Loyal Customers,92.52000000000001,23.130000000000003,46.196716826265394,731,1.9972640218878248
14866.0,11,19,20746.54,4,4,4,444,Champions,20746.54,1091.923157894737,16497.793246187364,459,15.108932461873637
14867.0,186,16,2952.06,2,4,4,244,Others,2952.06,184.50375,1966.244343065693,548,10.656934306569342
14868.0,3,12,4184.01,4,4,4,444,Champions,4184.01,348.6675,3671.066466346154,416,10.528846153846153
14869.0,9,6,2778.14,4,3,4,434,Champions,2778.14,463.0233333333333,1418.2113286713286,715,3.062937062937063
14870.0,262,6,1838.95,2,3,3,233,Others,1838.95,306.4916666666667,1590.561018957346,422,5.18957345971564
14871.0,3,9,1228.17,4,4,3,443,Champions,1228.17,136.46333333333334,609.9075510204082,735,4.469387755102041
14872.0,484,3,816.6,1,2,2,122,Others,816.6,272.2,2000.3959731543623,149,7.348993288590604
14873.0,210,2,854.13,2,2,2,222,Others,854.13,427.065,737.0152482269503,423,1.7257683215130024
14874.0,535,1,116.18,1,1,1,111,Lost Customers,116.18,116.18,6041.360000000001,1,52.0
14875.0,108,3,2862.4,2,2,4,224,Others,2862.4,954.1333333333333,3128.0718562874254,334,3.2784431137724552
14876.0,521,2,256.7,1,2,1,121,Others,256.7,128.35,2342.3875,40,18.25
14877.0,418,2,425.85,1,2,2,122,Others,425.85,212.925,693.9073660714286,224,3.258928571428571
14878.0,13,25,4076.5,4,4,4,444,Champions,4076.5,163.06,2310.438664596273,644,14.169254658385093
14879.0,685,1,185.06,1,1,1,111,Lost Customers,185.06,185.06,9623.12,1,52.0
14880.0,77,3,690.59,3,2,2,322,Potential Loyalist,690.59,230.1966666666667,1194.6225118483414,211,5.18957345971564
14881.0,20,1,255.4,4,1,1,411,Potential Loyalist,255.4,255.4,13280.800000000001,1,52.0
14882.0,27,14,3546.65,3,4,4,344,Champions,3546.65,253.33214285714286,2186.701435810811,592,8.631756756756756
14883.0,19,6,761.59,4,3,2,432,Loyal Customers,761.59,126.93166666666667,1440.3126943005182,193,11.347150259067357
14884.0,669,1,120.6,1,1,1,111,Lost Customers,120.6,120.6,6271.2,1,52.0
14885.0,132,3,1598.12,2,2,3,223,Others,1598.12,532.7066666666666,1746.4485029940117,334,3.2784431137724552
14886.0,253,1,364.8,2,1,2,212,Others,364.8,364.8,18969.600000000002,1,52.0
14887.0,79,1,1862.0,3,1,3,313,Potential Loyalist,1862.0,1862.0,96824.0,1,52.0
14888.0,207,1,369.2,2,1,2,212,Others,369.2,369.2,19198.399999999998,1,52.0
14889.0,336,1,135.9,2,1,1,211,Others,135.9,135.9,7066.8,1,52.0
14890.0,254,3,817.25,2,2,2,222,Others,817.25,272.4166666666667,734.7198275862069,406,2.697044334975369
14891.0,148,4,1106.73,2,3,3,233,Others,1106.73,276.6825,1402.6265625,288,5.069444444444445
14892.0,691,1,202.35000000000002,1,1,1,111,Lost Customers,202.35000000000002,202.35000000000002,10522.2,1,52.0
14893.0,10,3,1809.6100000000001,4,2,3,423,Potential Loyalist,1809.6100000000001,603.2033333333334,1086.3612664473685,608,1.800986842105263
14894.0,85,3,1492.81,3,2,3,323,Potential Loyalist,1492.81,497.6033333333333,835.6988496932514,652,1.6794478527607362
14895.0,8,38,25119.54,4,4,4,444,Champions,25119.54,661.0405263157895,12716.549375866853,721,19.2371705963939
14896.0,205,8,1826.0,2,4,3,243,Others,1826.0,228.25,1262.2916666666667,528,5.53030303030303
14897.0,8,8,3140.54,4,4,4,444,Champions,3140.54,392.5675,1600.9736033519553,716,4.078212290502793
14898.0,23,14,3365.95,4,4,4,444,Champions,3365.95,240.42499999999998,1725.5221207865166,712,7.176966292134831
14899.0,395,1,1331.38,1,1,3,113,Lost Customers,1331.38,1331.38,69231.76000000001,1,52.0
14900.0,522,1,13.919999999999998,1,1,1,111,Lost Customers,13.919999999999998,13.919999999999998,723.8399999999999,1,52.0
14901.0,11,12,1919.0,4,4,3,443,Champions,1919.0,159.91666666666666,1438.264887063655,487,8.993839835728952
14902.0,26,3,1035.6200000000001,4,2,3,423,Potential Loyalist,1035.6200000000001,345.2066666666667,717.270018975332,527,2.0777988614800758
14903.0,21,5,2795.33,4,3,4,434,Champions,2795.33,559.066,3970.021206225681,257,7.101167315175097
14904.0,2,4,1630.49,4,3,3,433,Loyal Customers,1630.49,407.6225,1400.3031764705884,425,3.435294117647059
14905.0,158,8,1971.39,2,4,3,243,Others,1971.39,246.42375,1244.908910034602,578,5.051903114186851
14906.0,445,1,68.44,1,1,1,111,Lost Customers,68.44,68.44,3558.88,1,52.0
14907.0,3,16,5547.72,4,4,4,444,Champions,5547.72,346.7325,3380.497161936561,599,9.74958263772955
14908.0,74,2,381.9,3,2,2,322,Potential Loyalist,381.9,190.95,359.2615979381443,388,1.8814432989690721
14909.0,437,3,1404.68,1,2,3,123,Others,1404.68,468.2266666666667,2268.620353982301,226,4.845132743362832
14910.0,3,4,434.35,4,3,2,432,Loyal Customers,434.35,108.5875,3108.583333333333,51,28.627450980392155
14911.0,1,398,291420.81,4,4,4,444,Champions,291420.81,732.2130904522613,38075.08070351759,737,52.0
14912.0,17,6,1889.25,4,3,3,433,Loyal Customers,1889.25,314.875,1036.9567669172932,665,3.293233082706767
14913.0,36,8,4073.13,3,4,4,344,Champions,4073.13,509.14125,3311.1190423162584,449,6.503340757238307
14915.0,91,11,1811.25,3,4,3,343,Others,1811.25,164.6590909090909,1024.9709302325582,645,6.224806201550388
14916.0,71,8,3042.95,3,4,4,344,Champions,3042.95,380.36875,2034.2065018315016,546,5.347985347985348
14917.0,597,2,1123.75,1,2,3,123,Others,1123.75,561.875,29217.5,1,52.0
14918.0,116,9,5955.81,2,4,4,244,Others,5955.81,661.7566666666667,4391.657878787878,495,6.636363636363636
14919.0,539,1,359.35,1,1,2,112,Lost Customers,359.35,359.35,18686.2,1,52.0
14920.0,213,3,1607.17,2,2,3,223,Others,1607.17,535.7233333333334,1666.5257102272728,352,3.1107954545454546
14921.0,30,2,1316.07,3,2,3,323,Potential Loyalist,1316.07,658.035,2809.1552631578943,171,4.269005847953216
14922.0,394,2,843.74,1,2,2,122,Others,843.74,421.87,2701.448245614035,114,6.4035087719298245
14923.0,51,1,749.1,3,1,2,312,Potential Loyalist,749.1,749.1,38953.200000000004,1,52.0
14924.0,246,3,931.01,2,2,3,223,Others,931.01,310.33666666666664,864.6784987277354,393,2.786259541984733
14926.0,382,2,359.4,1,2,2,122,Others,359.4,179.7,607.3194444444445,216,3.3796296296296298
14927.0,397,1,308.2,1,1,1,111,Lost Customers,308.2,308.2,16026.4,1,52.0
14928.0,628,1,223.91000000000003,1,1,1,111,Lost Customers,223.91000000000003,223.91000000000003,11643.320000000002,1,52.0
14929.0,32,2,836.69,3,2,2,322,Potential Loyalist,836.69,418.345,785.0690231362469,389,1.8766066838046274
14930.0,109,6,5236.7300000000005,2,3,4,234,Others,5236.7300000000005,872.7883333333334,3845.888229376258,497,4.406438631790745
14931.0,5,5,1257.68,4,3,3,433,Loyal Customers,1257.68,251.536,1945.1406779661017,236,7.733050847457627
14932.0,366,2,666.13,2,2,2,222,Others,666.13,333.065,12156.8725,20,36.5
14933.0,444,4,1770.0,1,3,3,133,At Risk,1770.0,442.5,23010.0,1,52.0
14934.0,82,5,3503.5,3,3,4,334,Others,3503.5,700.7,3562.054317548747,359,5.083565459610028
14935.0,297,2,2849.83,2,2,4,224,Others,2849.83,1424.915,3230.3973602484466,322,2.2670807453416146
14936.0,34,12,12410.81,3,4,4,344,Champions,12410.81,1034.2341666666666,8251.267122040072,549,7.978142076502732
14937.0,57,3,1621.88,3,2,3,323,Potential Loyalist,1621.88,540.6266666666667,8109.4,73,15.0
14938.0,562,2,2322.43,1,2,4,124,Others,2322.43,1161.215,60383.17999999999,1,52.0
14940.0,418,2,531.49,1,2,2,122,Others,531.49,265.745,615.853492063492,315,2.317460317460317
14941.0,579,1,182.1,1,1,1,111,Lost Customers,182.1,182.1,9469.199999999999,1,52.0
14942.0,402,4,746.56,1,3,2,132,At Risk,746.56,186.64,830.7756097560975,328,4.451219512195122
14943.0,663,1,107.62,1,1,1,111,Lost Customers,107.62,107.62,5596.24,1,52.0
14944.0,30,19,9784.67,3,4,4,344,Champions,9784.67,514.9826315789473,5659.912123613312,631,10.990491283676704
14945.0,414,1,179.4,1,1,1,111,Lost Customers,179.4,179.4,9328.800000000001,1,52.0
14946.0,14,1,100.9,4,1,1,411,Potential Loyalist,100.9,100.9,5246.8,1,52.0
14947.0,72,6,1049.79,3,3,3,333,Others,1049.79,174.965,694.1546195652174,552,3.967391304347826
14948.0,23,6,1101.97,4,3,3,433,Loyal Customers,1101.97,183.66166666666666,2052.1380102040816,196,11.173469387755102
14949.0,469,4,515.0,1,3,2,132,At Risk,515.0,128.75,745.9325396825396,252,5.7936507936507935
14950.0,19,1,371.2,4,1,2,412,Potential Loyalist,371.2,371.2,19302.399999999998,1,52.0
14951.0,79,1,311.69,3,1,1,311,Potential Loyalist,311.69,311.69,16207.88,1,52.0
14952.0,60,32,17629.35,3,4,4,344,Champions,17629.35,550.9171875,9518.805843195267,676,17.27810650887574
14953.0,25,4,971.32,4,3,3,433,Loyal Customers,971.32,242.83,864.7117073170732,410,3.5609756097560976
14954.0,12,2,462.12,4,2,2,422,Potential Loyalist,462.12,231.06,244.45478260869567,690,1.0579710144927537
14955.0,733,1,163.77,1,1,1,111,Lost Customers,163.77,163.77,8516.04,1,52.0
14956.0,421,1,1325.0,1,1,3,113,Lost Customers,1325.0,1325.0,68900.0,1,52.0
14957.0,253,2,261.69,2,2,1,221,Others,261.69,130.845,244.28861892583123,391,1.8670076726342713
14958.0,147,6,941.99,2,3,3,233,Others,941.99,156.99833333333333,584.7386904761905,588,3.7244897959183674
14959.0,64,4,695.42,3,3,2,332,Others,695.42,173.855,1094.0874999999999,232,6.293103448275861
14960.0,8,2,221.27,4,2,1,421,Potential Loyalist,221.27,110.635,498.5404320987654,162,4.506172839506172
14961.0,11,22,16410.15,4,4,4,444,Champions,16410.15,745.9159090909092,8273.072859116022,724,11.091160220994475
14962.0,271,4,366.91,2,3,2,232,Others,366.91,91.7275,427.86629392971247,313,4.664536741214057
14963.0,10,12,3123.57,4,4,4,444,Champions,3123.57,260.2975,2213.7923300970874,515,8.504854368932039
14964.0,247,1,206.21,2,1,1,211,Others,206.21,206.21,10722.92,1,52.0
14965.0,96,2,596.09,3,2,2,322,Potential Loyalist,596.09,298.045,15498.34,1,52.0
14966.0,15,6,1064.26,4,3,3,433,Loyal Customers,1064.26,177.37666666666667,547.8912552891396,709,3.0888575458392102
14967.0,50,6,1982.6100000000001,3,3,3,333,Others,1982.6100000000001,330.435,1054.8872448979591,686,3.192419825072886
14968.0,30,2,501.24,3,2,2,322,Potential Loyalist,501.24,250.62,427.4593457943925,428,1.7056074766355138
14969.0,704,1,906.23,1,1,3,113,Lost Customers,906.23,906.23,47123.96,1,52.0
14970.0,68,12,4919.35,3,4,4,344,Champions,4919.35,409.9458333333334,3017.7525210084036,595,7.361344537815126
14971.0,35,3,1097.98,3,2,3,323,Potential Loyalist,1097.98,365.99333333333334,19031.653333333335,8,52.0
14972.0,128,2,145.07,2,2,1,221,Others,145.07,72.535,210.12123015873016,252,2.8968253968253967
14973.0,107,3,1314.45,2,2,3,223,Others,1314.45,438.15000000000003,4065.8834745762715,118,9.279661016949152
14974.0,37,1,89.94,3,1,1,311,Potential Loyalist,89.94,89.94,4676.88,1,52.0
14975.0,57,2,472.39,3,2,2,322,Potential Loyalist,472.39,236.195,474.99269972451793,363,2.0110192837465566
14976.0,57,7,790.86,3,4,2,342,Others,790.86,112.98,1073.1000000000001,269,9.498141263940521
14977.0,726,1,31.929999999999996,1,1,1,111,Lost Customers,31.929999999999996,31.929999999999996,1660.36,1,52.0
14978.0,72,10,3112.19,3,4,4,344,Champions,3112.19,311.219,2192.952413127413,518,7.046332046332046
14979.0,735,1,429.66,1,1,2,112,Lost Customers,429.66,429.66,22342.32,1,52.0
14980.0,737,1,150.68,1,1,1,111,Lost Customers,150.68,150.68,7835.360000000001,1,52.0
14981.0,246,2,372.92,2,2,2,222,Others,372.92,186.46,769.0158192090396,177,4.124293785310734
14982.0,572,1,237.78,1,1,1,111,Lost Customers,237.78,237.78,12364.56,1,52.0
14983.0,689,1,183.20000000000002,1,1,1,111,Lost Customers,183.20000000000002,183.20000000000002,9526.400000000001,1,52.0
14984.0,19,6,1260.51,4,3,3,433,Loyal Customers,1260.51,210.085,678.5931415929205,678,3.2300884955752216
14985.0,198,2,292.01,2,2,1,221,Others,292.01,146.005,670.3374213836478,159,4.591194968553459
14986.0,376,2,563.1,2,2,2,222,Others,563.1,281.55,669.483713355049,307,2.3778501628664497
14987.0,16,8,1550.6499999999999,4,4,3,443,Champions,1550.6499999999999,193.83124999999998,785.0031206657419,721,4.049930651872399
14988.0,212,7,2038.65,2,4,3,243,Others,2038.65,291.2357142857143,1907.967307692308,390,6.551282051282051
14989.0,662,1,342.4,1,1,2,112,Lost Customers,342.4,342.4,17804.8,1,52.0
14990.0,612,2,304.17,1,2,1,121,Others,304.17,152.085,940.8648305084746,118,6.186440677966101
14991.0,430,1,314.67,1,1,1,111,Lost Customers,314.67,314.67,16362.84,1,52.0
14992.0,442,1,210.5,1,1,1,111,Lost Customers,210.5,210.5,10946.0,1,52.0
14993.0,564,1,36.13,1,1,1,111,Lost Customers,36.13,36.13,1878.7600000000002,1,52.0
14994.0,382,5,946.72,1,3,3,133,At Risk,946.72,189.344,1439.8033333333333,240,7.604166666666667
14995.0,39,2,231.98000000000002,3,2,1,321,Potential Loyalist,231.98000000000002,115.99000000000001,351.3390041493777,241,3.0290456431535273
14996.0,481,2,442.28999999999996,1,2,2,122,Others,442.28999999999996,221.14499999999998,11499.539999999999,1,52.0
14997.0,46,4,776.5999999999999,3,3,2,332,Others,776.5999999999999,194.14999999999998,465.44991789819375,609,2.3973727422003286
14998.0,170,4,753.18,2,3,2,232,Others,753.18,188.295,631.9786206896551,435,3.3563218390804597
14999.0,593,1,129.48000000000002,1,1,1,111,Lost Customers,129.48000000000002,129.48000000000002,6732.960000000001,1,52.0
15000.0,48,1,490.52,3,1,2,312,Potential Loyalist,490.52,490.52,25507.04,1,52.0
15001.0,394,2,199.10999999999999,1,2,1,121,Others,199.10999999999999,99.55499999999999,5176.86,1,52.0
15002.0,116,9,4138.08,2,4,4,244,Others,4138.08,459.78666666666663,2604.136551724138,580,5.663793103448276
15003.0,473,6,1027.03,1,3,3,133,At Risk,1027.03,171.17166666666665,1793.616985645933,209,10.478468899521532
15004.0,147,1,1220.77,2,1,3,213,Others,1220.77,1220.77,63480.04,1,52.0
15005.0,16,56,13754.58,4,4,4,444,Champions,13754.58,245.6175,6953.492659279778,722,28.31024930747922
15006.0,51,2,757.78,3,2,2,322,Potential Loyalist,757.78,378.89,688.03407960199,402,1.8159203980099503
15007.0,159,1,156.91,2,1,1,211,Others,156.91,156.91,8159.32,1,52.0
15008.0,480,2,360.0,1,2,2,122,Others,360.0,180.0,836.9426751592357,157,4.649681528662421
15009.0,12,3,1259.43,4,2,3,423,Potential Loyalist,1259.43,419.81,21830.12,12,52.0
15010.0,36,1,308.94,3,1,1,311,Potential Loyalist,308.94,308.94,16064.88,1,52.0
15011.0,396,2,416.6,1,2,2,122,Others,416.6,208.3,7602.950000000001,20,36.5
15012.0,54,3,646.26,3,2,2,322,Potential Loyalist,646.26,215.42,451.02275334608026,523,2.0936902485659656
15013.0,488,10,1610.82,1,4,3,143,At Risk,1610.82,161.082,3110.842857142857,189,19.312169312169313
15014.0,43,2,257.67,3,2,1,321,Potential Loyalist,257.67,128.835,707.1394736842105,133,5.488721804511278
15015.0,501,13,2354.97,1,4,4,144,At Risk,2354.97,181.15153846153845,3854.5473094170397,223,21.278026905829595
15016.0,173,5,620.89,2,3,2,232,Others,620.89,124.178,612.4995945945946,370,4.9324324324324325
15017.0,34,1,125.58,3,1,1,311,Potential Loyalist,125.58,125.58,6530.16,1,52.0
15018.0,39,3,496.21000000000004,3,2,2,322,Potential Loyalist,496.21000000000004,165.40333333333334,550.5065349544074,329,3.3282674772036476
15019.0,267,1,252.81,2,1,1,211,Others,252.81,252.81,13146.12,1,52.0
15020.0,379,1,198.47,2,1,1,211,Others,198.47,198.47,10320.44,1,52.0
15021.0,9,12,2500.59,4,4,4,444,Champions,2500.59,208.38250000000002,1866.4935582822088,489,8.957055214723926
15022.0,12,5,1133.44,4,3,3,433,Loyal Customers,1133.44,226.68800000000002,622.1136842105263,665,2.744360902255639
15023.0,3,20,11578.65,4,4,4,444,Champions,11578.65,578.9325,6298.371460506706,671,10.879284649776453
15024.0,10,16,3559.39,4,4,4,444,Champions,3559.39,222.461875,3138.109541062802,414,14.106280193236715
15025.0,33,2,979.79,3,2,3,323,Potential Loyalist,979.79,489.895,668.454859813084,535,1.3644859813084111
15026.0,80,5,1048.8899999999999,3,3,3,333,Others,1048.8899999999999,209.77799999999996,1040.3392663043476,368,4.959239130434782
15027.0,31,10,3195.6,3,4,4,344,Champions,3195.6,319.56,1966.93760539629,593,6.155143338954469
15028.0,8,6,962.94,4,3,3,433,Loyal Customers,962.94,160.49,912.917142857143,385,5.688311688311688
15029.0,620,1,365.1,1,1,2,112,Lost Customers,365.1,365.1,18985.2,1,52.0
15030.0,72,8,1979.91,3,4,3,343,Others,1979.91,247.48875,1261.1992146596858,573,5.095986038394415
15031.0,4,14,3102.94,4,4,4,444,Champions,3102.94,221.63857142857142,1557.8722145804677,727,7.02888583218707
15032.0,256,8,11010.05,2,4,4,244,Others,11010.05,1376.25625,8514.127648305084,472,6.186440677966101
15033.0,5,10,2557.18,4,4,4,444,Champions,2557.18,255.718,2880.7737654320986,324,11.265432098765432
15034.0,16,14,8231.2,4,4,4,444,Champions,8231.2,587.9428571428572,5355.4153297682715,561,9.10873440285205
15035.0,90,1,252.73000000000002,3,1,1,311,Potential Loyalist,252.73000000000002,252.73000000000002,13141.960000000001,1,52.0
15036.0,72,3,429.56,3,2,2,322,Potential Loyalist,429.56,143.18666666666667,1465.3214953271026,107,10.233644859813083
15037.0,376,2,397.76,2,2,2,222,Others,397.76,198.88,10341.76,1,52.0
15038.0,59,9,1146.53,3,4,3,343,Others,1146.53,127.39222222222222,1143.3974043715846,366,8.975409836065573
15039.0,10,93,39141.48,4,4,4,444,Champions,39141.48,420.8761290322581,19870.153268428374,719,47.21140472878999
15040.0,542,1,7.49,1,1,1,111,Lost Customers,7.49,7.49,389.48,1,52.0
15041.0,170,2,289.4,2,2,1,221,Others,289.4,144.7,385.5145985401459,274,2.6642335766423355
15042.0,199,2,315.45,2,2,1,221,Others,315.45,157.725,290.7556818181818,396,1.8434343434343434
15043.0,31,6,2870.3199999999997,3,3,4,334,Others,2870.3199999999997,478.3866666666666,2091.1512974051893,501,4.37125748502994
15044.0,19,35,16024.15,4,4,4,444,Champions,16024.15,457.8328571428571,8319.793385490753,703,18.17211948790896
15045.0,152,2,735.66,2,2,2,222,Others,735.66,367.83,2557.2942857142857,105,6.9523809523809526
15046.0,9,25,7623.79,4,4,4,444,Champions,7623.79,304.9516,4062.3114598540146,685,13.321167883211679
15047.0,270,1,343.62,2,1,2,212,Others,343.62,343.62,17868.24,1,52.0
15048.0,65,4,381.0,3,3,2,332,Others,381.0,95.25,458.96039603960395,303,4.818481848184819
15049.0,274,1,121.17000000000002,2,1,1,211,Others,121.17000000000002,121.17000000000002,6300.840000000001,1,52.0
15050.0,25,5,4087.19,4,3,4,434,Champions,4087.19,817.438,3278.734835164835,455,4.010989010989011
15051.0,23,9,3926.91,4,4,4,444,Champions,3926.91,436.3233333333333,2004.6463636363635,715,4.594405594405594
15052.0,319,1,207.73000000000002,2,1,1,211,Others,207.73000000000002,207.73000000000002,10801.960000000001,1,52.0
15053.0,5,3,693.95,4,2,2,422,Potential Loyalist,693.95,231.3166666666667,914.4106498194948,277,3.953068592057762
15054.0,12,2,302.1,4,2,1,421,Potential Loyalist,302.1,151.05,3938.089285714286,28,26.07142857142857
15055.0,475,3,549.12,1,2,2,122,Others,549.12,183.04,808.1806451612903,248,4.415322580645161
15056.0,520,1,113.64999999999999,1,1,1,111,Lost Customers,113.64999999999999,113.64999999999999,5909.799999999999,1,52.0
15057.0,275,5,3255.96,2,3,4,234,Others,3255.96,651.192,2594.815283842795,458,3.9847161572052405
15058.0,25,16,3387.58,4,4,4,444,Champions,3387.58,211.72375,1968.8960191082804,628,9.299363057324841
15059.0,41,19,3491.2,3,4,4,344,Champions,3491.2,183.7473684210526,1841.4566473988436,692,10.021676300578035
15060.0,8,4,294.25,4,3,1,431,Loyal Customers,294.25,73.5625,3825.25,1,52.0
15061.0,4,127,126389.02,4,4,4,444,Champions,126389.02,995.1891338582677,51749.83496062992,734,52.0
15062.0,71,8,2585.62,3,4,4,344,Champions,2585.62,323.2025,1750.930055658627,539,5.417439703153989
15063.0,213,1,370.79999999999995,2,1,2,212,Others,370.79999999999995,370.79999999999995,19281.6,1,52.0
15064.0,410,4,1254.41,1,3,3,133,At Risk,1254.41,313.6025,1496.273366013072,306,4.771241830065359
15065.0,38,5,3326.86,3,3,4,334,Others,3326.86,665.3720000000001,3255.506434316355,373,4.8927613941018775
15066.0,53,1,893.59,3,1,3,313,Potential Loyalist,893.59,893.59,46466.68,1,52.0
15067.0,78,5,3862.88,3,3,4,334,Others,3862.88,772.576,2670.3621212121216,528,3.456439393939394
15068.0,46,4,1174.9,3,3,3,333,Others,1174.9,293.725,745.8060869565218,575,2.5391304347826087
15069.0,179,1,1109.53,2,1,3,213,Others,1109.53,1109.53,57695.56,1,52.0
15070.0,373,3,737.0500000000001,2,2,2,222,Others,737.0500000000001,245.68333333333337,766.4480056980058,351,3.1196581196581197
15071.0,94,4,1455.56,3,3,3,333,Others,1455.56,363.89,1116.133193277311,476,3.0672268907563027
15072.0,479,1,187.51999999999998,1,1,1,111,Lost Customers,187.51999999999998,187.51999999999998,9751.039999999999,1,52.0
15073.0,10,8,2788.02,4,4,4,444,Champions,2788.02,348.5025,1514.326339285714,672,4.345238095238095
15074.0,105,3,1553.1299999999999,2,2,3,223,Others,1553.1299999999999,517.7099999999999,1566.0012430939225,362,3.0248618784530388
15075.0,78,1,773.03,3,1,2,312,Potential Loyalist,773.03,773.03,40197.56,1,52.0
15076.0,173,3,1447.74,2,2,3,223,Others,1447.74,482.58,1514.112034383954,349,3.1375358166189113
15077.0,495,2,2428.08,1,2,4,124,Others,2428.08,1214.04,3771.2731914893616,235,3.106382978723404
15078.0,7,53,17286.73,4,4,4,444,Champions,17286.73,326.1647169811321,8667.110508241758,728,26.572802197802197
15079.0,213,11,3625.4,2,4,4,244,Others,3625.4,329.58181818181816,2549.655105973025,519,7.736030828516378
15080.0,428,2,546.25,1,2,2,122,Others,546.25,273.125,2694.3412162162163,74,9.864864864864865
15081.0,22,12,1854.57,4,4,3,443,Champions,1854.57,154.54749999999999,1319.5283625730992,513,8.538011695906432
15082.0,669,1,93.35000000000001,1,1,1,111,Lost Customers,93.35000000000001,93.35000000000001,4854.200000000001,1,52.0
15083.0,257,1,88.2,2,1,1,211,Others,88.2,88.2,4586.400000000001,1,52.0
15084.0,380,2,965.2,2,2,3,223,Others,965.2,482.6,1324.4285714285713,266,2.744360902255639
15085.0,730,1,347.54,1,1,2,112,Lost Customers,347.54,347.54,18072.08,1,52.0
15086.0,565,2,218.53,1,2,1,121,Others,218.53,109.265,1329.3908333333334,60,12.166666666666668
15087.0,282,1,306.94,2,1,1,211,Others,306.94,306.94,15960.88,1,52.0
15088.0,21,2,1160.07,4,2,3,423,Potential Loyalist,1160.07,580.035,9409.456666666665,45,16.22222222222222
15089.0,10,6,2420.84,4,3,4,434,Champions,2420.84,403.47333333333336,7488.191525423729,118,18.559322033898304
15090.0,308,1,381.32,2,1,2,212,Others,381.32,381.32,19828.64,1,52.0
15091.0,68,3,1046.6100000000001,3,2,3,323,Potential Loyalist,1046.6100000000001,348.87000000000006,629.3453871499178,607,1.8039538714991763
15092.0,215,3,776.46,2,2,2,222,Others,776.46,258.82,1147.4004048582997,247,4.433198380566802
15093.0,18,23,13702.38,4,4,4,444,Champions,13702.38,595.7556521739131,7014.542356241234,713,11.774193548387096
15094.0,463,2,83.0,1,2,1,121,Others,83.0,41.5,167.3756906077348,181,4.033149171270718
15095.0,104,10,3141.64,2,4,4,244,Others,3141.64,314.164,1963.5249999999999,584,6.25
15096.0,43,1,219.39000000000001,3,1,1,311,Potential Loyalist,219.39000000000001,219.39000000000001,11408.28,1,52.0
15097.0,4,3,908.35,4,2,3,423,Potential Loyalist,908.35,302.78333333333336,573.6120242214533,578,1.8944636678200693
15098.0,182,3,39916.5,2,2,4,224,Others,39916.5,13305.5,691886.0,1,52.0
15099.0,84,1,410.48,3,1,2,312,Potential Loyalist,410.48,410.48,21344.96,1,52.0
15100.0,334,7,2193.8999999999996,2,4,3,243,Others,2193.8999999999996,313.41428571428565,2181.944141689373,367,6.961852861035423
15101.0,9,6,1477.94,4,3,3,433,Loyal Customers,1477.94,246.32333333333335,928.4820998278831,581,3.7693631669535286
15102.0,531,2,554.67,1,2,2,122,Others,554.67,277.335,12653.409375,16,45.625
15103.0,31,2,703.36,3,2,2,322,Potential Loyalist,703.36,351.68,4667.7527272727275,55,13.272727272727273
15104.0,197,2,993.54,2,2,3,223,Others,993.54,496.77,4266.377647058824,85,8.588235294117647
15105.0,18,9,3094.91,4,4,4,444,Champions,3094.91,343.87888888888887,1857.9640625,608,5.402960526315789
15106.0,18,5,1422.52,4,3,3,433,Loyal Customers,1422.52,284.504,2068.6047808764943,251,7.270916334661355
15107.0,311,9,824.35,2,4,2,242,Others,824.35,91.59444444444445,2149.1982142857146,140,23.464285714285715
15108.0,142,4,1300.25,2,3,3,233,Others,1300.25,325.0625,5583.426470588235,85,17.176470588235293
15109.0,246,3,983.1,2,2,3,223,Others,983.1,327.7,733.8067484662577,489,2.2392638036809815
15110.0,24,6,1505.8500000000001,4,3,3,433,Loyal Customers,1505.8500000000001,250.97500000000002,1192.2673535791757,461,4.750542299349241
15111.0,29,5,2442.37,3,3,4,334,Others,2442.37,488.474,1583.419271758437,563,3.241563055062167
15112.0,611,1,209.4,1,1,1,111,Lost Customers,209.4,209.4,10888.800000000001,1,52.0
15113.0,10,3,3509.43,4,2,4,424,Potential Loyalist,3509.43,1169.81,29112.317045454543,44,24.886363636363637
15114.0,30,12,3400.12,3,4,4,344,Champions,3400.12,283.3433333333333,3182.163589743589,390,11.23076923076923
15115.0,18,2,531.85,4,2,2,422,Potential Loyalist,531.85,265.925,271.8841036414566,714,1.022408963585434
15116.0,18,4,1352.75,4,3,3,433,Loyal Customers,1352.75,338.1875,2640.394385026738,187,7.807486631016043
15117.0,15,8,2485.9700000000003,4,4,4,444,Champions,2485.9700000000003,310.74625000000003,1465.878917609047,619,4.717285945072698
15118.0,134,1,244.8,2,1,1,211,Others,244.8,244.8,12729.6,1,52.0
15119.0,246,1,266.4,2,1,1,211,Others,266.4,266.4,13852.8,1,52.0
15120.0,134,1,358.82,2,1,2,212,Others,358.82,358.82,18658.64,1,52.0
15121.0,50,2,457.72,3,2,2,322,Potential Loyalist,457.72,228.86,701.9655462184875,238,3.0672268907563027
15122.0,114,11,4487.27,2,4,4,244,Others,4487.27,407.9336363636364,3243.274356435644,505,7.9504950495049505
15123.0,7,5,4656.17,4,3,4,434,Champions,4656.17,931.234,2714.8595047923322,626,2.915335463258786
15124.0,23,4,450.82,4,3,2,432,Loyal Customers,450.82,112.705,262.02117834394903,628,2.3248407643312103
15125.0,25,24,17024.87,4,4,4,444,Champions,17024.87,709.3695833333333,10479.051517706574,593,14.772344013490724
15126.0,537,2,449.49,1,2,2,122,Others,449.49,224.745,1093.7590000000002,150,4.866666666666667
15127.0,66,2,711.5,3,2,2,322,Potential Loyalist,711.5,355.75,572.0209251101322,454,1.6079295154185023
15128.0,60,5,1783.68,3,3,3,333,Others,1783.68,356.736,1764.3447154471544,369,4.94579945799458
15129.0,50,23,6860.18,3,4,4,344,Champions,6860.18,298.2686956521739,4479.366189624329,559,15.01788908765653
15130.0,170,1,330.11,2,1,1,211,Others,330.11,330.11,17165.72,1,52.0
15131.0,395,1,80.28,1,1,1,111,Lost Customers,80.28,80.28,4174.56,1,52.0
15132.0,18,5,977.9300000000001,4,3,3,433,Loyal Customers,977.9300000000001,195.586,1462.8870901639345,244,7.479508196721311
15133.0,128,5,1806.9,2,3,3,233,Others,1806.9,361.38,1682.4451530612246,392,4.655612244897959
15134.0,15,10,1596.29,4,4,3,443,Champions,1596.29,159.629,1431.5622850122852,407,8.968058968058969
15135.0,239,2,305.68,2,2,1,221,Others,305.68,152.84,351.9659305993691,317,2.302839116719243
15136.0,3,4,1286.7,4,3,3,433,Loyal Customers,1286.7,321.675,5049.951612903226,93,15.698924731182796
15137.0,521,2,823.4,1,2,2,122,Others,823.4,411.7,1890.1949685534591,159,4.591194968553459
15138.0,394,1,502.52,1,1,2,112,Lost Customers,502.52,502.52,26131.04,1,52.0
15139.0,240,2,178.96,2,2,1,221,Others,178.96,89.48,680.4208333333335,96,7.604166666666668
15140.0,52,8,3243.69,3,4,4,344,Champions,3243.69,405.46125,3035.761153846154,390,7.487179487179487
15141.0,458,7,1388.47,1,4,3,143,At Risk,1388.47,198.35285714285715,3109.1506134969327,163,15.674846625766872
15142.0,46,6,2619.92,3,3,4,334,Others,2619.92,436.65333333333336,2106.3233480176214,454,4.823788546255507
15143.0,226,2,563.63,2,2,2,222,Others,563.63,281.815,998.6648058252426,206,3.5436893203883493
15144.0,8,29,12160.31,4,4,4,444,Champions,12160.31,419.3210344827586,6181.773189415042,718,14.742339832869082
15145.0,4,4,1194.73,4,3,3,433,Loyal Customers,1194.73,298.6825,1787.1985655737703,244,5.9836065573770485
15146.0,165,2,1327.16,2,2,3,223,Others,1327.16,663.58,3844.550793650794,126,5.7936507936507935
15147.0,240,1,623.5,2,1,2,212,Others,623.5,623.5,32422.0,1,52.0
15148.0,11,1,301.29,4,1,1,411,Potential Loyalist,301.29,301.29,15667.080000000002,1,52.0
15149.0,134,5,1554.6100000000001,2,3,3,233,Others,1554.6100000000001,310.922,1101.8109708737863,515,3.5436893203883493
15150.0,17,13,8977.94,4,4,4,444,Champions,8977.94,690.6107692307693,6229.939353612167,526,9.020912547528516
15151.0,423,2,2085.61,1,2,3,123,Others,2085.61,1042.805,8851.716860465116,86,8.488372093023255
15152.0,10,14,5263.83,4,4,4,444,Champions,5263.83,375.98785714285714,2780.46013024602,691,7.395079594790158
15153.0,31,1,329.25,3,1,1,311,Potential Loyalist,329.25,329.25,17121.0,1,52.0
15154.0,75,3,1343.72,3,2,3,323,Potential Loyalist,1343.72,447.9066666666667,1220.0442786069655,402,2.723880597014926
15155.0,383,1,383.96999999999997,1,1,2,112,Lost Customers,383.96999999999997,383.96999999999997,19966.44,1,52.0
15156.0,1,3,961.49,4,2,3,423,Potential Loyalist,961.49,320.49666666666667,10966.9953125,32,34.21875
15157.0,4,5,2654.11,4,3,4,434,Champions,2654.11,530.822,1336.2071034482758,725,2.5172413793103448
15158.0,45,2,606.02,3,2,2,322,Potential Loyalist,606.02,303.01,621.3407303370788,356,2.0505617977528092
15159.0,2,34,22116.73,4,4,4,444,Champions,22116.73,650.4920588235294,18773.503372093022,430,28.86046511627907
15160.0,357,4,589.27,2,3,2,232,Others,589.27,147.3175,3414.024603174603,63,23.174603174603174
15161.0,388,1,119.92,1,1,1,111,Lost Customers,119.92,119.92,6235.84,1,52.0
15162.0,731,1,312.9,1,1,1,111,Lost Customers,312.9,312.9,16270.8,1,52.0
15163.0,18,2,304.47,4,2,1,421,Potential Loyalist,304.47,152.235,642.378901734104,173,4.219653179190751
15164.0,69,9,2028.1100000000001,3,4,3,343,Others,2028.1100000000001,225.34555555555556,1192.0453301127216,621,5.2898550724637685
15165.0,373,1,487.75,2,1,2,212,Others,487.75,487.75,25363.0,1,52.0
15166.0,468,1,167.16,1,1,1,111,Lost Customers,167.16,167.16,8692.32,1,52.0
15167.0,321,5,1627.62,2,3,3,233,Others,1627.62,325.524,1687.7309659090909,352,5.184659090909091
15168.0,26,1,106.56,4,1,1,411,Potential Loyalist,106.56,106.56,5541.12,1,52.0
15169.0,382,2,569.22,1,2,2,122,Others,569.22,284.61,603.9688953488371,344,2.1220930232558137
15170.0,407,1,81.15,1,1,1,111,Lost Customers,81.15,81.15,4219.8,1,52.0
15171.0,331,1,1289.5,2,1,3,213,Others,1289.5,1289.5,67054.0,1,52.0
15172.0,9,5,1624.05,4,3,3,433,Loyal Customers,1624.05,324.81,2611.3579295154186,227,8.039647577092511
15173.0,381,7,1494.6,1,4,3,143,At Risk,1494.6,213.5142857142857,2311.563559322034,236,10.826271186440678
15174.0,323,2,481.46,2,2,2,222,Others,481.46,240.73,2019.9183908045977,87,8.39080459770115
15175.0,72,1,224.14,3,1,1,311,Potential Loyalist,224.14,224.14,11655.279999999999,1,52.0
15176.0,668,1,988.04,1,1,3,113,Lost Customers,988.04,988.04,51378.08,1,52.0
15177.0,426,1,948.93,1,1,3,113,Lost Customers,948.93,948.93,49344.36,1,52.0
15178.0,260,1,40.5,2,1,1,211,Others,40.5,40.5,2106.0,1,52.0
15179.0,18,13,7491.92,4,4,4,444,Champions,7491.92,576.3015384615385,3808.566573816156,718,6.608635097493036
15180.0,367,3,816.9300000000001,2,2,2,222,Others,816.9300000000001,272.31,1349.2282805429866,221,4.95475113122172
15181.0,66,5,1200.2,3,3,3,333,Others,1200.2,240.04000000000002,659.7484939759036,664,2.748493975903614
15182.0,154,11,2998.952,2,4,4,244,Others,2998.952,272.632,2180.5129083665342,502,7.9980079681274905
15183.0,548,3,639.93,1,2,2,122,Others,639.93,213.30999999999997,6488.179166666666,36,30.416666666666668
15184.0,29,4,685.39,3,3,2,332,Others,685.39,171.3475,360.47168587896255,694,2.1037463976945245
15185.0,70,1,310.62,3,1,1,311,Potential Loyalist,310.62,310.62,16152.24,1,52.0
15186.0,14,5,1403.2,4,3,3,433,Loyal Customers,1403.2,280.64,750.9794721407624,682,2.6759530791788855
15187.0,2,16,4777.18,4,4,4,444,Champions,4777.18,298.57375,8303.193809523811,210,27.80952380952381
15188.0,725,1,310.43,1,1,1,111,Lost Customers,310.43,310.43,16142.36,1,52.0
15189.0,1,46,17524.38,4,4,4,444,Champions,17524.38,380.96478260869566,12616.17100591716,507,33.116370808678504
15190.0,434,1,834.4399999999999,1,1,2,112,Lost Customers,834.4399999999999,834.4399999999999,43390.88,1,52.0
15191.0,463,3,588.05,1,2,2,122,Others,588.05,196.01666666666665,953.9477777777777,225,4.866666666666666
15192.0,120,5,1666.39,2,3,3,233,Others,1666.39,333.278,1086.1291964285715,560,3.2589285714285716
15193.0,61,1,499.32,3,1,2,312,Potential Loyalist,499.32,499.32,25964.64,1,52.0
15194.0,3,28,12021.53,4,4,4,444,Champions,12021.53,429.34035714285716,5986.1643246930425,733,13.942701227830833
15195.0,3,1,3861.0,4,1,4,414,Potential Loyalist,3861.0,3861.0,200772.0,1,52.0
15196.0,433,2,313.7,1,2,1,121,Others,313.7,156.85,390.78668941979515,293,2.4914675767918086
15197.0,11,6,1877.51,4,3,3,433,Loyal Customers,1877.51,312.91833333333335,955.7756624825663,717,3.0543933054393304
15198.0,92,5,571.35,3,3,2,332,Others,571.35,114.27000000000001,349.3178391959799,597,3.0569514237855944
15199.0,59,10,3122.4,3,4,4,344,Champions,3122.4,312.24,2208.6744186046512,516,7.073643410852713
15200.0,495,1,549.05,1,1,2,112,Lost Customers,549.05,549.05,28550.6,1,52.0
15201.0,87,7,1842.95,3,4,3,343,Others,1842.95,263.2785714285714,1283.7342557251907,524,4.875954198473282
15202.0,420,3,6001.49,1,2,4,124,Others,6001.49,2000.4966666666667,104025.82666666666,1,52.0
15203.0,26,15,4400.18,4,4,4,444,Champions,4400.18,293.3453333333334,2278.107375886525,705,7.76595744680851
15204.0,357,1,316.58,2,1,1,211,Others,316.58,316.58,16462.16,1,52.0
15205.0,85,2,653.24,3,2,2,322,Potential Loyalist,653.24,326.62,5676.966666666666,42,17.38095238095238
15206.0,10,4,420.29999999999995,4,3,2,432,Loyal Customers,420.29999999999995,105.07499999999999,578.9037735849056,265,5.509433962264151
15207.0,416,3,683.9200000000001,1,2,2,122,Others,683.9200000000001,227.97333333333336,1920.2369230769234,130,8.423076923076923
15208.0,1,6,970.52,4,3,3,433,Loyal Customers,970.52,161.75333333333333,839.4308056872038,422,5.18957345971564
15209.0,730,1,178.98000000000002,1,1,1,111,Lost Customers,178.98000000000002,178.98000000000002,9306.960000000001,1,52.0
15210.0,225,3,1176.19,2,2,3,223,Others,1176.19,392.06333333333333,1226.5981428571429,350,3.1285714285714286
15211.0,60,2,894.4100000000001,3,2,3,323,Potential Loyalist,894.4100000000001,447.20500000000004,1073.880427631579,304,2.401315789473684
15212.0,241,2,208.28,2,2,1,221,Others,208.28,104.14,563.1274074074074,135,5.407407407407407
15213.0,319,2,328.35,2,2,1,221,Others,328.35,164.175,8537.1,11,52.0
15214.0,2,8,1661.44,4,4,3,443,Champions,1661.44,207.68,2516.2887966804983,241,12.11618257261411
15215.0,47,7,2422.43,3,4,4,344,Champions,2422.43,346.06142857142856,1562.1677561837455,566,4.514134275618375
15216.0,88,2,486.09,3,2,2,322,Potential Loyalist,486.09,243.045,334.12966101694917,531,1.3747645951035783
15217.0,563,1,426.24,1,1,2,112,Lost Customers,426.24,426.24,22164.48,1,52.0
15218.0,11,22,11468.83,4,4,4,444,Champions,11468.83,521.3104545454545,6229.34962797619,672,11.949404761904763
15219.0,176,2,685.45,2,2,2,222,Others,685.45,342.725,530.0619703389831,472,1.5466101694915253
15220.0,52,6,1778.96,3,3,3,333,Others,1778.96,296.49333333333334,2835.460262008734,229,9.563318777292578
15221.0,366,4,2062.2000000000003,2,3,3,233,Others,2062.2000000000003,515.5500000000001,2777.501845018451,271,5.387453874538746
15222.0,319,11,3550.91,2,4,4,244,Others,3550.91,322.81,3208.1241336633666,404,9.93811881188119
15223.0,226,5,1417.95,2,3,3,233,Others,1417.95,283.59000000000003,1016.8010805500983,509,3.5854616895874263
15224.0,358,5,871.36,2,3,3,233,Others,871.36,174.272,952.234730538922,334,5.464071856287425
15225.0,234,1,409.40000000000003,2,1,2,212,Others,409.40000000000003,409.40000000000003,21288.800000000003,1,52.0
15226.0,311,1,154.41,2,1,1,211,Others,154.41,154.41,8029.32,1,52.0
15227.0,37,9,2488.4900000000002,3,4,4,344,Champions,2488.4900000000002,276.4988888888889,1521.438609715243,597,5.50251256281407
15228.0,66,6,5580.2699999999995,3,3,4,334,Others,5580.2699999999995,930.045,4703.922748267899,433,5.057736720554273
15229.0,586,1,160.5,1,1,1,111,Lost Customers,160.5,160.5,8346.0,1,52.0
15230.0,239,2,429.6,2,2,2,222,Others,429.6,214.8,11169.6,1,52.0
15231.0,621,1,250.26,1,1,1,111,Lost Customers,250.26,250.26,13013.52,1,52.0
15232.0,113,2,612.06,2,2,2,222,Others,612.06,306.03,8274.144444444444,27,27.037037037037038
15233.0,401,1,59.400000000000006,1,1,1,111,Lost Customers,59.400000000000006,59.400000000000006,3088.8,1,52.0
15234.0,277,1,197.0,2,1,1,211,Others,197.0,197.0,10244.0,1,52.0
15235.0,218,16,2772.76,2,4,4,244,Others,2772.76,173.2975,5953.278823529412,170,34.35294117647059
15236.0,299,1,321.05,2,1,1,211,Others,321.05,321.05,16694.600000000002,1,52.0
15237.0,2,4,1412.32,4,3,3,433,Loyal Customers,1412.32,353.08,2291.0968888888888,225,6.488888888888889
15238.0,29,3,1071.99,3,2,3,323,Potential Loyalist,1071.99,357.33,2540.7555194805195,154,7.1103896103896105
15239.0,10,2,780.59,4,2,2,422,Potential Loyalist,780.59,390.295,4189.931617647058,68,10.735294117647058
15240.0,45,12,4459.98,3,4,4,344,Champions,4459.98,371.66499999999996,2362.688969521045,689,6.357039187227866
15241.0,67,11,3050.16,3,4,4,344,Champions,3050.16,277.2872727272727,1896.6071550255535,587,6.839863713798978
15242.0,422,1,302.04,1,1,1,111,Lost Customers,302.04,302.04,15706.080000000002,1,52.0
15243.0,74,2,927.2800000000001,3,2,3,323,Potential Loyalist,927.2800000000001,463.64000000000004,940.1588888888889,360,2.0277777777777777
15244.0,65,3,912.08,3,2,3,323,Potential Loyalist,912.08,304.0266666666667,554.8486666666668,600,1.8250000000000002
15245.0,134,8,4610.84,2,4,4,244,Others,4610.84,576.355,3650.665075921909,461,6.334056399132321
15246.0,238,3,780.4,2,2,2,222,Others,780.4,260.1333333333333,898.5678233438485,317,3.454258675078864
15247.0,122,3,976.06,2,2,3,223,Others,976.06,325.3533333333333,860.5359903381642,414,2.6449275362318843
15248.0,411,3,1893.93,1,2,3,123,Others,1893.93,631.3100000000001,5666.265983606558,122,8.975409836065573
15249.0,32,18,9266.0,3,4,4,344,Champions,9266.0,514.7777777777778,5722.656514382404,591,11.116751269035534
15250.0,641,1,60.0,1,1,1,111,Lost Customers,60.0,60.0,3120.0,1,52.0
15251.0,9,21,20324.54,4,4,4,444,Champions,20324.54,967.8352380952381,11072.324029850746,670,11.440298507462687
15252.0,36,5,2103.41,3,3,3,333,Others,2103.41,420.68199999999996,1335.2080869565216,575,3.1739130434782608
15253.0,16,8,2055.09,4,4,3,443,Champions,2055.09,256.88625,1315.9786842105264,570,5.12280701754386
15254.0,127,3,1088.35,2,2,3,223,Others,1088.35,362.7833333333333,917.4312933025404,433,2.5288683602771367
15255.0,67,9,3706.02,3,4,4,344,Champions,3706.02,411.78,2018.9511940298507,670,4.902985074626866
15256.0,149,2,170.4,2,2,1,221,Others,170.4,85.2,150.59564164648913,413,1.7675544794188864
15257.0,283,2,685.9,2,2,2,222,Others,685.9,342.95,1925.7961538461539,130,5.615384615384616
15258.0,169,2,623.16,2,2,2,222,Others,623.16,311.58,4738.6125,48,15.208333333333336
15259.0,513,4,1182.3799999999999,1,3,3,133,At Risk,1182.3799999999999,295.59499999999997,2553.660946745562,169,8.63905325443787
15260.0,100,25,8767.73,2,4,4,244,Others,8767.73,350.7092,5055.6421011058455,633,14.415481832543444
15261.0,135,4,1508.0,2,3,3,233,Others,1508.0,377.0,1840.8695652173915,299,4.882943143812709
15262.0,324,3,418.82,2,2,2,222,Others,418.82,139.60666666666665,932.1298780487804,164,6.676829268292683
15263.0,107,1,156.51,2,1,1,211,Others,156.51,156.51,8138.5199999999995,1,52.0
15264.0,64,2,848.4,3,2,2,322,Potential Loyalist,848.4,424.2,664.519313304721,466,1.5665236051502145
15265.0,151,4,3345.64,2,3,4,234,Others,3345.64,836.41,2083.8883959044365,586,2.4914675767918086
15266.0,338,5,852.21,2,3,2,232,Others,852.21,170.442,856.9053719008265,363,5.027548209366391
15267.0,22,5,1717.36,4,3,3,433,Loyal Customers,1717.36,343.472,3917.7275,160,11.40625
15268.0,479,3,961.9000000000001,1,2,3,123,Others,961.9000000000001,320.6333333333334,2786.4563492063494,126,8.69047619047619
15269.0,24,3,1225.3600000000001,4,2,3,423,Potential Loyalist,1225.3600000000001,408.4533333333334,1222.0120218579234,366,2.9918032786885242
15270.0,16,21,8524.86,4,4,4,444,Champions,8524.86,405.9457142857143,4407.328470254957,706,10.856940509915013
15271.0,7,24,4528.54,4,4,4,444,Champions,4528.54,188.68916666666667,3422.188612836439,483,18.13664596273292
15272.0,57,6,2030.95,3,3,3,333,Others,2030.95,338.4916666666667,1225.2838842975207,605,3.6198347107438016
15273.0,600,1,228.96,1,1,1,111,Lost Customers,228.96,228.96,11905.92,1,52.0
15274.0,4,2,716.57,4,2,2,422,Potential Loyalist,716.57,358.285,18630.82,14,52.0
15275.0,38,1,615.14,3,1,2,312,Potential Loyalist,615.14,615.14,31987.28,1,52.0
15276.0,66,4,619.8,3,3,2,332,Others,619.8,154.95,614.7472826086955,368,3.9673913043478257
15277.0,47,2,476.34,3,2,2,322,Potential Loyalist,476.34,238.17,459.95793650793655,378,1.9312169312169314
15278.0,562,4,496.15999999999997,1,3,2,132,At Risk,496.15999999999997,124.03999999999999,1758.2368932038833,103,14.174757281553397
15279.0,355,5,1580.54,2,3,3,233,Others,1580.54,316.108,1797.1872274143302,321,5.685358255451713
15280.0,172,3,397.52,2,2,2,222,Others,397.52,132.50666666666666,363.6461152882205,399,2.744360902255639
15281.0,59,16,8543.57,3,4,4,344,Champions,8543.57,533.973125,8473.921331521738,368,15.869565217391303
15282.0,570,1,348.59,1,1,2,112,Lost Customers,348.59,348.59,18126.68,1,52.0
15283.0,390,3,148.33,1,2,1,121,Others,148.33,49.443333333333335,426.3027559055118,127,8.622047244094487
15284.0,500,1,24.75,1,1,1,111,Lost Customers,24.75,24.75,1287.0,1,52.0
15285.0,408,1,94.92,1,1,1,111,Lost Customers,94.92,94.92,4935.84,1,52.0
15286.0,50,1,240.55,3,1,1,311,Potential Loyalist,240.55,240.55,12508.6,1,52.0
15287.0,22,5,856.03,4,3,2,432,Loyal Customers,856.03,171.206,436.99433566433567,715,2.5524475524475525
15288.0,43,10,3715.38,3,4,4,344,Champions,3715.38,371.538,2180.2471061093247,622,5.868167202572347
15289.0,29,5,1593.09,3,3,3,333,Others,1593.09,318.618,982.226097972973,592,3.08277027027027
15290.0,5,26,10496.28,4,4,4,444,Champions,10496.28,403.70307692307694,5903.146687211094,649,14.622496147919877
15291.0,26,40,13517.76,4,4,4,444,Champions,13517.76,337.944,6949.270985915493,710,20.56338028169014
15292.0,201,1,178.39,2,1,1,211,Others,178.39,178.39,9276.279999999999,1,52.0
15293.0,666,1,247.5,1,1,1,111,Lost Customers,247.5,247.5,12870.0,1,52.0
15294.0,411,1,233.35,1,1,1,111,Lost Customers,233.35,233.35,12134.199999999999,1,52.0
15295.0,654,1,207.04,1,1,1,111,Lost Customers,207.04,207.04,10766.08,1,52.0
15296.0,51,12,10323.03,3,4,4,344,Champions,10323.03,860.2525,5924.380424528303,636,6.886792452830189
15297.0,10,3,641.94,4,2,2,422,Potential Loyalist,641.94,213.98000000000002,4420.907547169812,53,20.660377358490567
15298.0,2,23,9061.77,4,4,4,444,Champions,9061.77,393.99,4537.100205761317,729,11.515775034293553
15299.0,67,10,6156.53,3,4,4,344,Champions,6156.53,615.653,3572.5492050874404,629,5.802861685214626
15300.0,64,1,496.44,3,1,2,312,Potential Loyalist,496.44,496.44,25814.88,1,52.0
15301.0,51,17,6909.67,3,4,4,344,Champions,6909.67,406.4511764705882,6320.876065162906,399,15.551378446115287
15302.0,730,1,308.0,1,1,1,111,Lost Customers,308.0,308.0,16016.0,1,52.0
15303.0,290,3,1224.18,2,2,3,223,Others,1224.18,408.06,1136.96106870229,393,2.786259541984733
15304.0,61,9,796.4000000000001,3,4,2,342,Others,796.4000000000001,88.4888888888889,807.4611111111111,360,9.125
15305.0,555,1,93.6,1,1,1,111,Lost Customers,93.6,93.6,4867.2,1,52.0
15306.0,64,9,3484.73,3,4,4,344,Champions,3484.73,387.1922222222222,2141.29031986532,594,5.53030303030303
15307.0,96,1,205.3,3,1,1,311,Potential Loyalist,205.3,205.3,10675.6,1,52.0
15308.0,274,1,310.47,2,1,1,211,Others,310.47,310.47,16144.440000000002,1,52.0
15309.0,611,4,797.96,1,3,2,132,At Risk,797.96,199.49,2348.8338709677423,124,11.774193548387098
15310.0,479,1,1634.64,1,1,3,113,Lost Customers,1634.64,1634.64,85001.28,1,52.0
15311.0,1,208,114966.42,4,4,4,444,Champions,114966.42,552.7231730769231,28741.605000000003,738,52.0
15312.0,75,12,2930.19,3,4,4,344,Champions,2930.19,244.1825,1650.4928240740742,648,6.7592592592592595
15313.0,110,1,52.0,2,1,1,211,Others,52.0,52.0,2704.0,1,52.0
15314.0,199,3,820.4499999999999,2,2,2,222,Others,820.4499999999999,273.4833333333333,1313.4396929824559,228,4.802631578947368
15315.0,64,2,570.5,3,2,2,322,Potential Loyalist,570.5,285.25,4082.990196078431,51,14.313725490196077
15316.0,327,1,165.0,2,1,1,211,Others,165.0,165.0,8580.0,1,52.0
15317.0,677,1,129.75,1,1,1,111,Lost Customers,129.75,129.75,6747.0,1,52.0
15318.0,4,1,312.62,4,1,1,411,Potential Loyalist,312.62,312.62,16256.24,1,52.0
15319.0,284,1,204.5,2,1,1,211,Others,204.5,204.5,10634.0,1,52.0
15320.0,44,1,267.13,3,1,1,311,Potential Loyalist,267.13,267.13,13890.76,1,52.0
15321.0,71,12,6709.7300000000005,3,4,4,344,Champions,6709.7300000000005,559.1441666666667,4061.4451907131015,603,7.263681592039801
15322.0,86,2,1390.86,3,2,3,323,Potential Loyalist,1390.86,695.43,1301.7023076923076,390,1.8717948717948718
15323.0,563,3,434.6,1,2,2,122,Others,434.6,144.86666666666667,1602.3131313131314,99,11.06060606060606
15324.0,701,1,140.22000000000003,1,1,1,111,Lost Customers,140.22000000000003,140.22000000000003,7291.440000000001,1,52.0
15325.0,104,8,1601.46,2,4,3,243,Others,1601.46,200.1825,1049.4307001795332,557,5.242369838420108
15326.0,334,5,1700.52,2,3,3,233,Others,1700.52,340.104,1536.360891089109,404,4.517326732673268
15327.0,53,1,208.75,3,1,1,311,Potential Loyalist,208.75,208.75,10855.0,1,52.0
15328.0,408,1,107.24,1,1,1,111,Lost Customers,107.24,107.24,5576.48,1,52.0
15329.0,39,11,2958.83,3,4,4,344,Champions,2958.83,268.98454545454547,1574.3045918367347,686,5.852769679300291
15330.0,32,2,714.96,3,2,2,322,Potential Loyalist,714.96,357.48,9320.014285714286,28,26.07142857142857
15331.0,500,3,767.91,1,2,2,122,Others,767.91,255.97,2571.441743119266,109,10.045871559633028
15332.0,366,6,4892.68,2,3,4,234,Others,4892.68,815.4466666666667,12148.491156462585,147,14.89795918367347
15333.0,208,1,1028.56,2,1,3,213,Others,1028.56,1028.56,53485.119999999995,1,52.0
15334.0,157,3,350.82,2,2,2,222,Others,350.82,116.94,6080.88,16,52.0
15335.0,54,1,170.22,3,1,1,311,Potential Loyalist,170.22,170.22,8851.44,1,52.0
15336.0,402,1,240.5,1,1,1,111,Lost Customers,240.5,240.5,12506.0,1,52.0
15337.0,411,1,373.02,1,1,2,112,Lost Customers,373.02,373.02,19397.04,1,52.0
15338.0,677,1,277.93,1,1,1,111,Lost Customers,277.93,277.93,14452.36,1,52.0
15339.0,66,7,1821.02,3,4,3,343,Others,1821.02,260.1457142857143,1104.106810631229,602,4.2441860465116275
15340.0,562,1,105.5,1,1,1,111,Lost Customers,105.5,105.5,5486.0,1,52.0
15341.0,81,2,2402.7200000000003,3,2,4,324,Potential Loyalist,2402.7200000000003,1201.3600000000001,2383.1326086956524,368,1.9836956521739129
15342.0,130,1,406.09,2,1,2,212,Others,406.09,406.09,21116.68,1,52.0
15343.0,87,1,364.5,3,1,2,312,Potential Loyalist,364.5,364.5,18954.0,1,52.0
15344.0,1,3,563.94,4,2,2,422,Potential Loyalist,563.94,187.98000000000002,2819.7000000000003,73,15.0
15345.0,46,1,393.54,3,1,2,312,Potential Loyalist,393.54,393.54,20464.08,1,52.0
15346.0,333,3,596.12,2,2,2,222,Others,596.12,198.70666666666668,2220.2428571428572,98,11.173469387755102
15347.0,366,4,1162.0,2,3,3,233,Others,1162.0,290.5,5973.661971830986,71,20.56338028169014
15348.0,72,1,158.04,3,1,1,311,Potential Loyalist,158.04,158.04,8218.08,1,52.0
15349.0,158,2,463.90999999999997,2,2,2,222,Others,463.90999999999997,231.95499999999998,5838.867241379309,29,25.172413793103445
15350.0,373,2,547.6,2,2,2,222,Others,547.6,273.8,14237.6,9,52.0
15351.0,12,10,3430.22,4,4,4,444,Champions,3430.22,343.022,2981.024523809524,420,8.690476190476192
15352.0,549,1,111.15,1,1,1,111,Lost Customers,111.15,111.15,5779.8,1,52.0
15353.0,255,7,2794.4700000000003,2,4,4,244,Others,2794.4700000000003,399.21000000000004,2111.7630434782614,483,5.2898550724637685
15354.0,603,3,284.4,1,2,1,121,Others,284.4,94.8,4929.599999999999,1,52.0
15355.0,29,2,277.05,3,2,1,321,Potential Loyalist,277.05,138.525,4396.663043478261,23,31.739130434782606
15356.0,31,13,3239.57,3,4,4,344,Champions,3239.57,249.1976923076923,3031.9052564102562,390,12.166666666666666
15358.0,5,42,16425.86,4,4,4,444,Champions,16425.86,391.0919047619048,8246.821045392024,727,21.086657496561212
15359.0,663,8,181.35,1,4,1,141,At Risk,181.35,22.66875,1178.7749999999999,30,52.0
15360.0,40,1,427.93,3,1,2,312,Potential Loyalist,427.93,427.93,22252.36,1,52.0
15361.0,362,4,689.07,2,3,2,232,Others,689.07,172.2675,1389.5610497237572,181,8.066298342541437
15362.0,449,2,613.08,1,2,2,122,Others,613.08,306.54,771.6351724137932,290,2.5172413793103448
15363.0,373,2,678.11,2,2,2,222,Others,678.11,339.055,2062.5845833333337,120,6.083333333333334
15364.0,96,2,913.19,3,2,3,323,Potential Loyalist,913.19,456.595,2109.584493670886,158,4.620253164556962
15365.0,26,13,4557.13,4,4,4,444,Champions,4557.13,350.54846153846154,2570.8693199381764,647,7.333848531684699
15366.0,75,7,2389.08,3,4,4,344,Champions,2389.08,341.29714285714283,1513.9135416666668,576,4.435763888888889
15367.0,57,11,5081.33,3,4,4,344,Champions,5081.33,461.9390909090909,2764.0617734724287,671,5.9836065573770485
15368.0,21,2,722.74,4,2,2,422,Potential Loyalist,722.74,361.37,709.1400537634408,372,1.9623655913978495
15369.0,492,11,6251.26,1,4,4,144,At Risk,6251.26,568.2963636363637,9546.903347280337,239,16.79916317991632
15370.0,41,8,3739.01,3,4,4,344,Champions,3739.01,467.37625,3698.4787262872633,369,7.913279132791328
15371.0,662,1,59.400000000000006,1,1,1,111,Lost Customers,59.400000000000006,59.400000000000006,3088.8,1,52.0
15372.0,137,8,6017.06,2,4,4,244,Others,6017.06,752.1325,4175.336311787072,526,5.551330798479087
15373.0,8,17,3084.54,4,4,4,444,Champions,3084.54,181.4435294117647,1947.8496539792388,578,10.73529411764706
15374.0,129,2,307.32,2,2,1,221,Others,307.32,153.66,226.60969696969696,495,1.4747474747474747
15375.0,690,1,60.959999999999994,1,1,1,111,Lost Customers,60.959999999999994,60.959999999999994,3169.9199999999996,1,52.0
15376.0,40,3,1221.56,3,2,3,323,Potential Loyalist,1221.56,407.18666666666667,2449.8318681318683,182,6.016483516483516
15377.0,383,4,1211.75,1,3,3,133,At Risk,1211.75,302.9375,13821.5234375,32,45.625
15378.0,463,2,246.5,1,2,1,121,Others,246.5,123.25,2306.987179487179,39,18.717948717948715
15379.0,169,8,4877.84,2,4,4,244,Others,4877.84,609.73,7707.409523809524,231,12.640692640692642
15380.0,9,11,3248.96,4,4,4,444,Champions,3248.96,295.36,1626.7083676268862,729,5.507544581618656
15381.0,214,5,1890.5700000000002,2,3,3,233,Others,1890.5700000000002,378.11400000000003,1870.0760162601628,369,4.94579945799458
15382.0,15,12,13733.550000000001,4,4,4,444,Champions,13733.550000000001,1144.4625,6962.146875000001,720,6.083333333333334
15384.0,170,4,2027.79,2,3,3,233,Others,2027.79,506.9475,1753.8941943127963,422,3.459715639810427
15385.0,40,3,942.08,3,2,3,323,Potential Loyalist,942.08,314.0266666666667,539.810361067504,637,1.718995290423862
15386.0,186,1,394.14,2,1,2,212,Others,394.14,394.14,20495.28,1,52.0
15387.0,492,1,468.65,1,1,2,112,Lost Customers,468.65,468.65,24369.8,1,52.0
15388.0,270,1,140.54,2,1,1,211,Others,140.54,140.54,7308.08,1,52.0
15389.0,172,5,2733.8,2,3,4,234,Others,2733.8,546.76,1960.3870333988211,509,3.5854616895874263
15390.0,396,2,1216.66,1,2,3,123,Others,1216.66,608.33,31633.160000000003,12,52.0
15391.0,584,1,289.87,1,1,1,111,Lost Customers,289.87,289.87,15073.24,1,52.0
15392.0,5,7,2911.62,4,4,4,444,Champions,2911.62,415.94571428571425,2494.697887323943,426,5.997652582159624
15393.0,16,5,891.34,4,3,3,433,Loyal Customers,891.34,178.268,460.1684582743989,707,2.5813295615275815
15394.0,10,11,5286.8,4,4,4,444,Champions,5286.8,480.6181818181818,2702.635854341737,714,5.623249299719888
15395.0,326,1,107.45,2,1,1,211,Others,107.45,107.45,5587.400000000001,1,52.0
15396.0,113,2,796.38,2,2,2,222,Others,796.38,398.19,617.1522292993631,471,1.5498938428874736
15397.0,290,1,94.0,2,1,1,211,Others,94.0,94.0,4888.0,1,52.0
15398.0,16,2,1345.53,4,2,3,423,Potential Loyalist,1345.53,672.765,7921.265322580646,62,11.774193548387098
15399.0,1,3,815.77,4,2,2,422,Potential Loyalist,815.77,271.92333333333335,3866.9616883116887,77,14.220779220779221
15400.0,92,8,1302.3,3,4,3,343,Others,1302.3,162.7875,1015.6826923076923,468,6.239316239316239
15401.0,452,2,216.95000000000002,1,2,1,121,Others,216.95000000000002,108.47500000000001,682.6443965517241,116,6.293103448275861
15402.0,149,6,1830.54,2,3,3,233,Others,1830.54,305.09,1508.232731376975,443,4.943566591422122
15403.0,492,2,170.88,1,2,1,121,Others,170.88,85.44,262.0638655462185,238,3.0672268907563027
15404.0,376,1,257.06,2,1,1,211,Others,257.06,257.06,13367.12,1,52.0
15405.0,189,2,659.84,2,2,2,222,Others,659.84,329.92,623.9419689119171,386,1.8911917098445594
15406.0,31,4,975.87,3,3,3,333,Others,975.87,243.9675,844.0581753554503,422,3.459715639810427
15407.0,34,4,1046.74,3,3,3,333,Others,1046.74,261.685,1409.8158671586718,271,5.387453874538746
15408.0,264,1,267.18,2,1,1,211,Others,267.18,267.18,13893.36,1,52.0
15409.0,721,1,131.25,1,1,1,111,Lost Customers,131.25,131.25,6825.0,1,52.0
15410.0,84,10,4685.72,3,4,4,344,Champions,4685.72,468.572,3320.9471844660193,515,7.0873786407766985
15411.0,26,4,1348.93,4,3,3,433,Loyal Customers,1348.93,337.2325,3156.15032051282,156,9.358974358974358
15412.0,171,1,190.53,2,1,1,211,Others,190.53,190.53,9907.56,1,52.0
15413.0,692,5,6798.72,1,3,4,134,At Risk,6798.72,1359.7440000000001,52798.57021276597,47,38.829787234042556
15414.0,10,3,774.9000000000001,4,2,2,422,Potential Loyalist,774.9000000000001,258.3,1219.1314655172412,232,4.719827586206896
15415.0,313,1,559.61,2,1,2,212,Others,559.61,559.61,29099.72,1,52.0
15416.0,65,7,4572.82,3,4,4,344,Champions,4572.82,653.26,2731.717348608838,611,4.181669394435352
15417.0,85,1,508.8,3,1,2,312,Potential Loyalist,508.8,508.8,26457.600000000002,1,52.0
15418.0,425,2,449.42,1,2,2,122,Others,449.42,224.71,1018.8714285714285,161,4.534161490683229
15419.0,25,1,135.86,4,1,1,411,Potential Loyalist,135.86,135.86,7064.720000000001,1,52.0
15420.0,434,6,743.0,1,3,2,132,At Risk,743.0,123.83333333333333,903.9833333333333,300,7.300000000000001
15421.0,59,10,3805.34,3,4,4,344,Champions,3805.34,380.534,2063.817384843982,673,5.423476968796433
15422.0,323,7,1619.97,2,4,3,243,Others,1619.97,231.42428571428573,1704.0030259365994,347,7.363112391930835
15423.0,38,3,266.89,3,2,1,321,Potential Loyalist,266.89,88.96333333333332,167.09236706689535,583,1.8782161234991424
15424.0,254,3,597.78,2,2,2,222,Others,597.78,199.26,1048.9889423076922,208,5.264423076923077
15425.0,400,4,1941.1200000000001,1,3,3,133,At Risk,1941.1200000000001,485.28000000000003,2693.9498098859317,263,5.551330798479087
15426.0,19,9,2156.35,4,4,3,443,Champions,2156.35,239.59444444444443,1388.1265432098764,567,5.7936507936507935
15427.0,33,3,1430.54,3,2,3,323,Potential Loyalist,1430.54,476.84666666666664,24796.026666666665,13,52.0
15428.0,15,4,762.75,4,3,2,432,Loyal Customers,762.75,190.6875,394.33958923512745,706,2.0679886685552407
15429.0,27,2,397.35,3,2,2,322,Potential Loyalist,397.35,198.675,3021.5156250000005,48,15.208333333333336
15430.0,468,2,954.75,1,2,3,123,Others,954.75,477.375,5808.062500000001,60,12.166666666666668
15431.0,503,1,153.24,1,1,1,111,Lost Customers,153.24,153.24,7968.4800000000005,1,52.0
15432.0,23,2,320.76,4,2,1,421,Potential Loyalist,320.76,160.38,226.0181467181467,518,1.4092664092664093
15433.0,214,2,533.3,2,2,2,222,Others,533.3,266.65,3672.7264150943397,53,13.773584905660378
15434.0,8,11,2567.06,4,4,4,444,Champions,2567.06,233.36909090909091,1388.113925925926,675,5.948148148148148
15435.0,22,1,149.29,4,1,1,411,Potential Loyalist,149.29,149.29,7763.08,1,52.0
15436.0,12,3,1067.75,4,2,3,423,Potential Loyalist,1067.75,355.9166666666667,1763.4785067873304,221,4.95475113122172
15437.0,262,2,393.45,2,2,2,222,Others,393.45,196.725,379.91865079365084,378,1.9312169312169314
15438.0,131,1,156.57999999999998,2,1,1,211,Others,156.57999999999998,156.57999999999998,8142.159999999999,1,52.0
15439.0,405,4,1269.05,1,3,3,133,At Risk,1269.05,317.2625,1867.7550403225807,248,5.887096774193549
15440.0,55,3,383.68,3,2,2,322,Potential Loyalist,383.68,127.89333333333333,909.3714285714285,154,7.1103896103896105
15441.0,396,3,1254.21,1,2,3,123,Others,1254.21,418.07,1370.6187125748504,334,3.2784431137724552
15442.0,249,1,594.0,2,1,2,212,Others,594.0,594.0,30888.0,1,52.0
15443.0,2,14,5114.23,4,4,4,444,Champions,5114.23,365.3021428571428,2916.709296875,640,7.984375
15444.0,9,2,1411.21,4,2,3,423,Potential Loyalist,1411.21,705.605,16615.859677419357,31,23.548387096774196
15445.0,264,2,284.5,2,2,1,221,Others,284.5,142.25,318.5352760736196,326,2.2392638036809815
15446.0,377,3,399.75,2,2,2,222,Others,399.75,133.25,418.0766475644699,349,3.1375358166189113
15447.0,331,5,492.88,2,3,2,232,Others,492.88,98.576,611.9088435374149,294,6.207482993197279
15448.0,313,2,788.81,2,2,2,222,Others,788.81,394.405,797.5502770083101,361,2.0221606648199444
15449.0,26,3,974.52,4,2,3,423,Potential Loyalist,974.52,324.84,1513.6161702127656,235,4.659574468085106
15450.0,30,1,429.84,3,1,2,312,Potential Loyalist,429.84,429.84,22351.68,1,52.0
15451.0,434,2,226.86,1,2,1,121,Others,226.86,113.43,504.9018292682927,164,4.451219512195122
15452.0,30,6,1785.1100000000001,3,3,3,333,Others,1785.1100000000001,297.5183333333334,1354.6053014553015,481,4.5530145530145525
15453.0,2,7,1371.77,4,4,3,443,Champions,1371.77,195.96714285714285,2706.465135135135,185,13.81081081081081
15454.0,362,2,305.99,2,2,1,221,Others,305.99,152.995,436.2748046875,256,2.8515625
15455.0,598,1,38.25,1,1,1,111,Lost Customers,38.25,38.25,1989.0,1,52.0
15456.0,283,10,2091.52,2,4,3,243,Others,2091.52,209.152,1704.0285714285715,448,8.147321428571429
15457.0,262,1,237.07,2,1,1,211,Others,237.07,237.07,12327.64,1,52.0
15458.0,25,2,370.43999999999994,4,2,2,422,Potential Loyalist,370.43999999999994,185.21999999999997,359.602659574468,376,1.9414893617021276
15459.0,417,2,202.82999999999998,1,2,1,121,Others,202.82999999999998,101.41499999999999,925.4118749999999,80,9.125
15460.0,354,1,214.26,2,1,1,211,Others,214.26,214.26,11141.52,1,52.0
15461.0,461,2,429.7,1,2,2,122,Others,429.7,214.85,922.5911764705882,170,4.294117647058823
15462.0,94,4,737.05,3,3,2,332,Others,737.05,184.2625,766.4480056980057,351,4.15954415954416
15463.0,29,1,126.14,3,1,1,311,Potential Loyalist,126.14,126.14,6559.28,1,52.0
15464.0,338,1,1044.65,2,1,3,213,Others,1044.65,1044.65,54321.8,1,52.0
15465.0,20,32,12100.4,4,4,4,444,Champions,12100.4,378.1375,6220.628169014084,710,16.450704225352112
15466.0,85,4,1560.46,3,3,3,333,Others,1560.46,390.115,874.9122887864825,651,2.242703533026114
15467.0,9,3,524.88,4,2,2,422,Potential Loyalist,524.88,174.96,1349.1633802816903,142,7.711267605633803
15468.0,51,3,1430.48,3,2,3,323,Potential Loyalist,1430.48,476.82666666666665,1531.1589442815248,341,3.2111436950146626
15469.0,50,3,874.25,3,2,3,323,Potential Loyalist,874.25,291.4166666666667,822.4259020618556,388,2.822164948453608
15470.0,576,1,63.419999999999995,1,1,1,111,Lost Customers,63.419999999999995,63.419999999999995,3297.8399999999997,1,52.0
15471.0,2,3,1292.01,4,2,3,423,Potential Loyalist,1292.01,430.67,860.554105839416,548,1.9981751824817517
15472.0,113,1,371.56,2,1,2,212,Others,371.56,371.56,19321.12,1,52.0
15473.0,14,8,2046.0,4,4,3,443,Champions,2046.0,255.75,1736.720930232558,430,6.790697674418604
15474.0,596,1,150.35,1,1,1,111,Lost Customers,150.35,150.35,7818.2,1,52.0
15475.0,77,1,454.10999999999996,3,1,2,312,Potential Loyalist,454.10999999999996,454.10999999999996,23613.719999999998,1,52.0
15476.0,380,4,2209.98,2,3,3,233,Others,2209.98,552.495,13010.36612903226,62,23.548387096774196
15477.0,650,1,368.4,1,1,2,112,Lost Customers,368.4,368.4,19156.8,1,52.0
15478.0,40,3,1983.48,3,2,3,323,Potential Loyalist,1983.48,661.16,1355.7494382022473,534,2.0505617977528092
15479.0,733,1,147.4,1,1,1,111,Lost Customers,147.4,147.4,7664.8,1,52.0
15480.0,116,5,6279.0,2,3,4,234,Others,6279.0,1255.8,4099.883720930232,559,3.264758497316637
15481.0,401,1,1993.34,1,1,3,113,Lost Customers,1993.34,1993.34,103653.68,1,52.0
15482.0,16,19,14417.36,4,4,4,444,Champions,14417.36,758.8084210526316,7298.663522884883,721,9.61858529819695
15483.0,161,10,817.8199999999999,2,4,2,242,Others,817.8199999999999,81.782,571.8473180076629,522,6.992337164750959
15484.0,1,6,4652.1,4,3,4,434,Champions,4652.1,775.35,2319.6946721311474,732,2.9918032786885242
15485.0,30,7,4810.92,3,4,4,344,Champions,4810.92,687.2742857142857,2483.7140028288545,707,3.613861386138614
15486.0,527,1,102.0,1,1,1,111,Lost Customers,102.0,102.0,5304.0,1,52.0
15487.0,680,1,231.32,1,1,1,111,Lost Customers,231.32,231.32,12028.64,1,52.0
15488.0,93,5,431.92,3,3,2,332,Others,431.92,86.384,321.73632653061225,490,3.7244897959183674
15489.0,23,8,2419.61,4,4,4,444,Champions,2419.61,302.45125,1318.145746268657,670,4.358208955223881
15490.0,430,1,210.85,1,1,1,111,Lost Customers,210.85,210.85,10964.199999999999,1,52.0
15491.0,95,6,3100.09,3,3,4,334,Others,3100.09,516.6816666666667,8082.377500000001,140,15.642857142857144
15492.0,28,2,659.4599999999999,3,2,2,322,Potential Loyalist,659.4599999999999,329.72999999999996,5232.671739130434,46,15.869565217391303
15493.0,33,9,4121.68,3,4,4,344,Champions,4121.68,457.9644444444445,2418.6707395498393,622,5.281350482315112
15494.0,21,5,3702.6,4,3,4,434,Champions,3702.6,740.52,1911.5261669024046,707,2.5813295615275815
15495.0,379,1,246.5,2,1,1,211,Others,246.5,246.5,12818.0,1,52.0
15496.0,631,1,146.14000000000001,1,1,1,111,Lost Customers,146.14000000000001,146.14000000000001,7599.280000000001,1,52.0
15497.0,18,9,8657.39,4,4,4,444,Champions,8657.39,961.9322222222222,4494.946443812233,703,4.672830725462305
15498.0,3,44,24972.86,4,4,4,444,Champions,24972.86,567.565,12659.852638888891,720,22.305555555555557
15499.0,724,1,158.65,1,1,1,111,Lost Customers,158.65,158.65,8249.800000000001,1,52.0
15500.0,8,4,1131.56,4,3,3,433,Loyal Customers,1131.56,282.89,5657.799999999999,73,20.0
15501.0,405,2,399.95,1,2,2,122,Others,399.95,199.975,10398.699999999999,10,52.0
15502.0,16,14,13003.869999999999,4,4,4,444,Champions,13003.869999999999,928.847857142857,8805.96020408163,539,9.48051948051948
15503.0,363,2,257.3,2,2,1,221,Others,257.3,128.65,258.71763085399454,363,2.0110192837465566
15504.0,81,4,402.7,3,3,2,332,Others,402.7,100.675,251.6875,584,2.5
15505.0,53,5,3610.96,3,3,4,334,Others,3610.96,722.192,12921.572549019607,102,17.892156862745097
15506.0,23,6,2030.33,4,3,3,433,Loyal Customers,2030.33,338.3883333333333,1632.313766519824,454,4.823788546255507
15507.0,172,1,475.86,2,1,2,212,Others,475.86,475.86,24744.72,1,52.0
15508.0,189,6,1000.27,2,3,3,233,Others,1000.27,166.71166666666667,7936.924999999999,46,47.60869565217391
15509.0,380,1,152.41,2,1,1,211,Others,152.41,152.41,7925.32,1,52.0
15510.0,331,1,250.0,2,1,1,211,Others,250.0,250.0,13000.0,1,52.0
15511.0,12,5,900.53,4,3,3,433,Loyal Customers,900.53,180.106,4502.65,73,25.0
15512.0,156,4,331.58,2,3,1,231,Others,331.58,82.895,232.74365384615385,520,2.807692307692308
15513.0,33,35,26437.05,3,4,4,344,Champions,26437.05,755.3442857142857,14598.371028744325,661,19.3267776096823
15514.0,12,18,6392.06,4,4,4,444,Champions,6392.06,355.1144444444445,3231.443074792244,722,9.09972299168975
15515.0,387,1,171.81,1,1,1,111,Lost Customers,171.81,171.81,8934.12,1,52.0
15516.0,45,3,62.43,3,2,1,321,Potential Loyalist,62.43,20.81,1082.12,1,52.0
15517.0,233,1,267.03,2,1,1,211,Others,267.03,267.03,13885.559999999998,1,52.0
15518.0,64,15,4189.99,3,4,4,344,Champions,4189.99,279.3326666666666,2334.8799236641216,655,8.358778625954198
15519.0,383,2,344.61,1,2,2,122,Others,344.61,172.305,1996.55,63,11.587301587301587
15520.0,2,1,343.5,4,1,2,412,Potential Loyalist,343.5,343.5,17862.0,1,52.0
15521.0,40,16,7098.24,3,4,4,344,Champions,7098.24,443.64,3907.7791855203623,663,8.80844645550528
15522.0,33,2,397.99,3,2,2,322,Potential Loyalist,397.99,198.995,2690.1175925925927,54,13.518518518518519
15523.0,84,16,17259.19,3,4,4,344,Champions,17259.19,1078.699375,9647.17358346095,653,8.94333843797856
15524.0,25,2,591.4,4,2,2,422,Potential Loyalist,591.4,295.7,370.8951890034364,582,1.254295532646048
15525.0,2,4,890.22,4,3,3,433,Loyal Customers,890.22,222.555,855.0797368421054,380,3.842105263157895
15526.0,33,2,148.44,3,2,1,321,Potential Loyalist,148.44,74.22,3859.44,1,52.0
15527.0,19,23,5554.89,4,4,4,444,Champions,5554.89,241.51695652173913,2875.9359574468085,705,11.907801418439716
15528.0,254,1,229.33,2,1,1,211,Others,229.33,229.33,11925.16,1,52.0
15529.0,23,12,4783.66,4,4,4,444,Champions,4783.66,398.6383333333333,4706.296226415095,371,11.805929919137467
15530.0,22,5,1808.68,4,3,3,433,Loyal Customers,1808.68,361.736,1344.538085539715,491,3.7169042769857437
15531.0,8,2,1972.39,4,2,3,423,Potential Loyalist,1972.39,986.195,32723.743181818183,22,33.18181818181818
15532.0,25,10,3738.85,4,4,4,444,Champions,3738.85,373.885,2609.3312619502867,523,6.9789674952198855
15533.0,19,3,807.57,4,2,2,422,Potential Loyalist,807.57,269.19,4271.928260869565,69,15.869565217391305
15534.0,726,1,162.25,1,1,1,111,Lost Customers,162.25,162.25,8437.0,1,52.0
15535.0,173,6,1044.3700000000001,2,3,3,233,Others,1044.3700000000001,174.0616666666667,1386.1638181818184,275,7.963636363636364
15536.0,409,1,259.09,1,1,1,111,Lost Customers,259.09,259.09,13472.679999999998,1,52.0
15537.0,163,1,110.92,2,1,1,211,Others,110.92,110.92,5767.84,1,52.0
15538.0,538,6,3358.3999999999996,1,3,4,134,At Risk,3358.3999999999996,559.7333333333332,9806.527999999998,125,17.52
15539.0,7,1,538.46,4,1,2,412,Potential Loyalist,538.46,538.46,27999.920000000002,1,52.0
15540.0,11,2,460.68,4,2,2,422,Potential Loyalist,460.68,230.34,461.9456043956044,364,2.0054945054945055
15541.0,114,1,85.13000000000001,2,1,1,211,Others,85.13000000000001,85.13000000000001,4426.76,1,52.0
15542.0,512,3,855.71,1,2,2,122,Others,855.71,285.2366666666667,1388.1517777777776,225,4.866666666666666
15543.0,288,2,242.26,2,2,1,221,Others,242.26,121.13,517.104678362573,171,4.269005847953216
15544.0,9,20,7807.89,4,4,4,444,Champions,7807.89,390.3945,4247.212891207154,671,10.879284649776453
15545.0,54,2,288.96999999999997,3,2,1,321,Potential Loyalist,288.96999999999997,144.48499999999999,333.77863924050627,316,2.310126582278481
15546.0,607,2,1079.1000000000001,1,2,3,123,Others,1079.1000000000001,539.5500000000001,28056.600000000002,1,52.0
15547.0,7,26,10057.05,4,4,4,444,Champions,10057.05,386.80961538461537,5063.2044827586205,725,13.089655172413794
15548.0,596,1,158.09,1,1,1,111,Lost Customers,158.09,158.09,8220.68,1,52.0
15549.0,77,8,2334.16,3,4,4,344,Champions,2334.16,291.77,1374.1425806451614,620,4.709677419354839
15550.0,4,12,2211.05,4,4,3,443,Champions,2211.05,184.2541666666667,1102.5044398907105,732,5.9836065573770485
15551.0,37,7,1679.81,3,4,3,343,Others,1679.81,239.97285714285712,1195.1864522417152,513,4.980506822612085
15552.0,217,2,252.52,2,2,1,221,Others,252.52,126.26,227.57975308641977,405,1.8024691358024691
15553.0,60,1,428.93,3,1,2,312,Potential Loyalist,428.93,428.93,22304.36,1,52.0
15554.0,278,1,217.2,2,1,1,211,Others,217.2,217.2,11294.4,1,52.0
15555.0,12,36,11243.91,4,4,4,444,Champions,11243.91,312.3308333333333,5692.131969486823,721,18.2246879334258
15556.0,24,1,279.77,4,1,1,411,Potential Loyalist,279.77,279.77,14548.039999999999,1,52.0
15557.0,29,1,468.91,3,1,2,312,Potential Loyalist,468.91,468.91,24383.32,1,52.0
15558.0,639,1,202.68,1,1,1,111,Lost Customers,202.68,202.68,10539.36,1,52.0
15559.0,568,1,1109.4,1,1,3,113,Lost Customers,1109.4,1109.4,57688.8,1,52.0
15560.0,398,2,153.52,1,2,1,121,Others,153.52,76.76,3991.5200000000004,1,52.0
15561.0,12,8,1934.3899999999999,4,4,3,443,Champions,1934.3899999999999,241.79874999999998,1084.5658218125961,651,4.485407066052228
15562.0,352,3,671.4300000000001,2,2,2,222,Others,671.4300000000001,223.81000000000003,655.2725935828878,374,2.927807486631016
15563.0,22,7,2859.46,4,4,4,444,Champions,2859.46,408.4942857142857,1586.1746200607904,658,3.8829787234042556
15564.0,463,2,70.74000000000001,1,2,1,121,Others,70.74000000000001,35.370000000000005,121.79292452830191,212,3.4433962264150946
15565.0,50,2,173.16,3,2,1,321,Potential Loyalist,173.16,86.58,3160.17,20,36.5
15566.0,393,2,227.87,1,2,1,121,Others,227.87,113.935,251.27658610271905,331,2.205438066465257
15567.0,19,1,186.01,4,1,1,411,Potential Loyalist,186.01,186.01,9672.52,1,52.0
15568.0,3,3,758.29,4,2,2,422,Potential Loyalist,758.29,252.76333333333332,3953.9407142857144,70,15.642857142857144
15569.0,104,10,3583.45,2,4,4,244,Others,3583.45,358.34499999999997,2399.925229357798,545,6.697247706422019
15570.0,7,25,8736.49,4,4,4,444,Champions,8736.49,349.45959999999997,5193.516042345276,614,14.86156351791531
15571.0,12,14,3892.35,4,4,4,444,Champions,3892.35,278.025,1970.4684466019417,721,7.087378640776699
15572.0,5,10,3965.2,4,4,4,444,Champions,3965.2,396.52,2416.1903171953254,599,6.093489148580968
15573.0,32,5,1188.42,3,3,3,333,Others,1188.42,237.68400000000003,622.3433285509326,697,2.618364418938307
15574.0,178,6,1101.44,2,3,3,233,Others,1101.44,183.57333333333335,1405.6839160839163,286,7.6573426573426575
15575.0,620,1,30.1,1,1,1,111,Lost Customers,30.1,30.1,1565.2,1,52.0
15576.0,38,1,921.37,3,1,3,313,Potential Loyalist,921.37,921.37,47911.24,1,52.0
15577.0,151,5,396.03000000000003,2,3,2,232,Others,396.03000000000003,79.206,251.39295652173914,575,3.1739130434782608
15578.0,162,1,127.1,2,1,1,211,Others,127.1,127.1,6609.2,1,52.0
15579.0,69,5,1250.63,3,3,3,333,Others,1250.63,250.12600000000003,1257.5205234159782,363,5.027548209366391
15580.0,377,8,1375.39,2,4,3,243,Others,1375.39,171.92375,1713.3697952218429,293,9.965870307167235
15581.0,121,38,7480.4,2,4,4,244,Others,7480.4,196.85263157894735,4432.37987012987,616,22.516233766233768
15582.0,25,3,682.9100000000001,4,2,2,422,Potential Loyalist,682.9100000000001,227.63666666666668,1278.267435897436,195,5.615384615384615
15583.0,376,1,95.96,2,1,1,211,Others,95.96,95.96,4989.92,1,52.0
15584.0,24,6,1268.2,4,3,3,433,Loyal Customers,1268.2,211.36666666666667,716.5526315789474,646,3.390092879256966
15585.0,177,1,455.3,2,1,2,212,Others,455.3,455.3,23675.600000000002,1,52.0
15586.0,593,3,1139.1,1,2,3,123,Others,1139.1,379.7,3849.7361111111113,108,10.13888888888889
15587.0,50,7,1522.0800000000002,3,4,3,343,Others,1522.0800000000002,217.44000000000003,1259.7714285714287,441,5.7936507936507935
15588.0,678,1,579.6,1,1,2,112,Lost Customers,579.6,579.6,30139.2,1,52.0
15589.0,256,3,478.53000000000003,2,2,2,222,Others,478.53000000000003,159.51000000000002,3234.5083333333337,54,20.27777777777778
15590.0,382,5,1496.6,1,3,3,133,At Risk,1496.6,299.32,2438.65625,224,8.147321428571429
15591.0,583,3,217.9,1,2,1,121,Others,217.9,72.63333333333334,873.9945054945056,91,12.032967032967033
15592.0,47,1,388.58,3,1,2,312,Potential Loyalist,388.58,388.58,20206.16,1,52.0
15593.0,71,1,199.8,3,1,1,311,Potential Loyalist,199.8,199.8,10389.6,1,52.0
15594.0,16,5,1771.78,4,3,3,433,Loyal Customers,1771.78,354.356,2966.512385321101,218,8.371559633027523
15595.0,488,1,357.6,1,1,2,112,Lost Customers,357.6,357.6,18595.2,1,52.0
15596.0,101,9,2727.72,2,4,4,244,Others,2727.72,303.08,2501.5522613065327,398,8.253768844221106
15597.0,35,2,563.37,3,2,2,322,Potential Loyalist,563.37,281.685,380.7963888888889,540,1.3518518518518519
15598.0,53,2,548.02,3,2,2,322,Potential Loyalist,548.02,274.01,534.8323529411765,374,1.9518716577540107
15599.0,27,3,1250.06,3,2,3,323,Potential Loyalist,1250.06,416.68666666666667,1088.954415274463,419,2.6133651551312647
15600.0,428,4,1199.31,1,3,3,133,At Risk,1199.31,299.8275,2653.019090909091,165,8.84848484848485
15601.0,11,30,14191.74,4,4,4,444,Champions,14191.74,473.058,7125.15144429161,727,15.061898211829437
15602.0,8,16,3137.96,4,4,4,444,Champions,3137.96,196.1225,1571.1322359396434,729,8.010973936899862
15603.0,79,2,88.48,3,2,1,321,Potential Loyalist,88.48,44.24,56.75782073813709,569,1.2829525483304043
15604.0,52,1,216.39,3,1,1,311,Potential Loyalist,216.39,216.39,11252.279999999999,1,52.0
15605.0,36,9,1741.95,3,4,3,343,Others,1741.95,193.55,966.279255319149,658,4.992401215805471
15606.0,61,17,5230.99,3,4,4,344,Champions,5230.99,307.70529411764704,3258.210494880546,586,10.588737201365188
15607.0,337,9,1708.97,2,4,3,243,Others,1708.97,189.88555555555556,1713.6649725274724,364,9.024725274725274
15608.0,28,5,1785.98,3,3,3,333,Others,1785.98,357.196,1684.4514211886305,387,4.715762273901809
15609.0,184,1,298.48,2,1,1,211,Others,298.48,298.48,15520.960000000001,1,52.0
15610.0,52,1,112.46000000000001,3,1,1,311,Potential Loyalist,112.46000000000001,112.46000000000001,5847.92,1,52.0
15611.0,10,26,2997.28,4,4,4,444,Champions,2997.28,115.28,1625.5679049034175,673,14.101040118870728
15612.0,36,2,195.15,3,2,1,321,Potential Loyalist,195.15,97.575,2849.1900000000005,25,29.200000000000003
15613.0,610,1,433.71999999999997,1,1,2,112,Lost Customers,433.71999999999997,433.71999999999997,22553.44,1,52.0
15614.0,438,4,3147.36,1,3,4,134,At Risk,3147.36,786.84,6110.565957446808,188,7.76595744680851
15615.0,10,47,21373.97,4,4,4,444,Champions,21373.97,454.7653191489362,10745.866460055096,726,23.629476584022036
15616.0,438,1,317.11,1,1,1,111,Lost Customers,317.11,317.11,16489.72,1,52.0
15617.0,396,3,828.5500000000001,1,2,2,122,Others,828.5500000000001,276.18333333333334,2724.5112612612606,111,9.864864864864863
15618.0,33,4,776.851,3,3,2,332,Others,776.851,194.21275,2752.9185922330093,103,14.174757281553397
15619.0,11,1,336.40000000000003,4,1,1,411,Potential Loyalist,336.40000000000003,336.40000000000003,17492.800000000003,1,52.0
15620.0,57,4,1942.36,3,3,3,333,Others,1942.36,485.59,2008.3892351274785,353,4.135977337110481
15621.0,4,4,1293.03,4,3,3,433,Loyal Customers,1293.03,323.2575,16809.39,17,52.0
15622.0,43,17,7852.61,3,4,4,344,Champions,7852.61,461.9182352941176,4761.133970099667,602,10.307308970099667
15623.0,141,8,2437.05,2,4,4,244,Others,2437.05,304.63125,1512.794642857143,588,4.965986394557823
15624.0,117,4,588.13,2,3,2,232,Others,588.13,147.0325,1544.370143884892,139,10.503597122302159
15625.0,104,9,3236.4,2,4,4,244,Others,3236.4,359.6,2697.0,438,7.5
15626.0,75,3,1067.52,3,2,3,323,Potential Loyalist,1067.52,355.84,1126.1410404624278,346,3.1647398843930636
15627.0,457,2,566.9,1,2,2,122,Others,566.9,283.45,3183.3615384615387,65,11.230769230769232
15628.0,5,17,5333.08,4,4,4,444,Champions,5333.08,313.7105882352941,2699.825520110957,721,8.606102635228849
15629.0,450,4,2240.9,1,3,3,133,At Risk,2240.9,560.225,9974.737804878048,82,17.804878048780488
15630.0,45,3,1481.4,3,2,3,323,Potential Loyalist,1481.4,493.8,902.6894824707847,599,1.8280467445742905
15631.0,642,1,596.67,1,1,2,112,Lost Customers,596.67,596.67,31026.839999999997,1,52.0
15632.0,16,8,3285.31,4,4,4,444,Champions,3285.31,410.66375,4629.877027027027,259,11.274131274131275
15633.0,509,13,4335.96,1,4,4,144,At Risk,4335.96,333.5353846153846,7161.200904977376,221,21.47058823529412
15634.0,17,2,554.65,4,2,2,422,Potential Loyalist,554.65,277.325,553.1345628415299,366,1.9945355191256828
15635.0,396,1,100.35,1,1,1,111,Lost Customers,100.35,100.35,5218.2,1,52.0
15636.0,90,4,1444.58,3,3,3,333,Others,1444.58,361.145,1100.7759916492694,479,3.048016701461378
15637.0,53,5,797.59,3,3,2,332,Others,797.59,159.518,433.8604321907601,671,2.7198211624441133
15638.0,379,6,2265.2,2,3,4,234,Others,2265.2,377.5333333333333,3579.212121212121,231,9.480519480519481
15639.0,134,3,1065.08,2,2,3,223,Others,1065.08,355.02666666666664,825.3804670912951,471,2.3248407643312103
15640.0,4,29,23494.31,4,4,4,444,Champions,23494.31,810.1486206896552,11910.309930555557,720,14.70138888888889
15641.0,105,12,5345.55,2,4,4,244,Others,5345.55,445.46250000000003,3111.8433014354073,627,6.9856459330143545
15642.0,730,1,105.78000000000002,1,1,1,111,Lost Customers,105.78000000000002,105.78000000000002,5500.56,1,52.0
15643.0,192,3,664.0,2,2,2,222,Others,664.0,221.33333333333334,2692.888888888889,90,12.166666666666668
15644.0,166,4,803.54,2,3,2,232,Others,803.54,200.885,3120.128723404255,94,15.53191489361702
15645.0,19,3,1055.17,4,2,3,423,Potential Loyalist,1055.17,351.72333333333336,948.6134236453202,406,2.697044334975369
15646.0,158,5,784.8100000000001,2,3,2,232,Others,784.8100000000001,156.96200000000002,1136.72876984127,252,7.242063492063491
15647.0,415,1,169.0,1,1,1,111,Lost Customers,169.0,169.0,8788.0,1,52.0
15648.0,204,2,639.5,2,2,2,222,Others,639.5,319.75,3764.7983870967746,62,11.774193548387098
15649.0,336,4,1660.35,2,3,3,233,Others,1660.35,415.0875,12120.555,50,29.200000000000003
15650.0,522,2,553.88,1,2,2,122,Others,553.88,276.94,1907.2283018867927,106,6.886792452830189
15651.0,37,5,1259.06,3,3,3,333,Others,1259.06,251.81199999999998,822.1053667262969,559,3.264758497316637
15652.0,91,5,1405.94,3,3,3,333,Others,1405.94,281.188,1305.7712468193383,393,4.643765903307888
15653.0,93,2,877.4399999999999,3,2,3,323,Potential Loyalist,877.4399999999999,438.71999999999997,13924.591304347823,23,31.739130434782606
15654.0,9,2,922.53,4,2,3,423,Potential Loyalist,922.53,461.265,21045.215625,16,45.625
15655.0,243,1,560.67,2,1,2,212,Others,560.67,560.67,29154.839999999997,1,52.0
15656.0,45,4,748.5,3,3,2,332,Others,748.5,187.125,1147.9096638655462,238,6.1344537815126055
15657.0,23,1,30.0,4,1,1,411,Potential Loyalist,30.0,30.0,1560.0,1,52.0
15658.0,190,8,2117.27,2,4,3,243,Others,2117.27,264.65875,1415.3911172161172,546,5.347985347985348
15659.0,44,3,532.49,3,2,2,322,Potential Loyalist,532.49,177.49666666666667,319.14425287356323,609,1.7980295566502464
15660.0,25,15,2603.69,4,4,4,444,Champions,2603.69,173.57933333333332,1468.8513910355489,647,8.462132921174653
15661.0,317,8,1215.95,2,4,3,243,Others,1215.95,151.99375,1700.4664750957857,261,11.187739463601533
15662.0,661,2,283.73,1,2,1,121,Others,283.73,141.865,1344.9538961038963,77,9.480519480519481
15663.0,106,1,138.14,2,1,1,211,Others,138.14,138.14,7183.279999999999,1,52.0
15664.0,51,4,1254.03,3,3,3,333,Others,1254.03,313.5075,765.4196488294315,598,2.4414715719063547
15665.0,168,5,3987.07,2,3,4,234,Others,3987.07,797.414,3122.9196351931328,466,3.9163090128755362
15666.0,472,2,632.9399999999999,1,2,2,122,Others,632.9399999999999,316.46999999999997,10044.482608695651,23,31.739130434782606
15667.0,40,1,301.32,3,1,1,311,Potential Loyalist,301.32,301.32,15668.64,1,52.0
15668.0,218,1,76.32000000000001,2,1,1,211,Others,76.32000000000001,76.32000000000001,3968.6400000000003,1,52.0
15669.0,40,4,684.34,3,3,2,332,Others,684.34,171.085,1120.108071748879,223,6.547085201793721
15670.0,297,2,325.2,2,2,1,221,Others,325.2,162.6,458.2934362934363,259,2.8185328185328187
15671.0,19,7,2657.13,4,4,4,444,Champions,2657.13,379.59000000000003,3848.620833333333,252,10.138888888888888
15672.0,725,1,45.300000000000004,1,1,1,111,Lost Customers,45.300000000000004,45.300000000000004,2355.6000000000004,1,52.0
15673.0,88,9,6204.32,3,4,4,344,Champions,6204.32,689.3688888888888,3993.9626102292764,567,5.7936507936507935
15674.0,73,13,6948.2300000000005,3,4,4,344,Champions,6948.2300000000005,534.4792307692308,3860.1277777777777,657,7.222222222222222
15675.0,81,4,542.04,3,3,2,332,Others,542.04,135.51,614.4242236024844,322,4.534161490683229
15676.0,19,3,3435.76,4,2,4,424,Potential Loyalist,3435.76,1145.2533333333333,4732.2732075471695,265,4.132075471698113
15677.0,49,3,1305.63,3,2,3,323,Potential Loyalist,1305.63,435.21000000000004,1151.0989130434784,414,2.6449275362318843
15678.0,53,3,1825.94,3,2,3,323,Potential Loyalist,1825.94,608.6466666666666,1421.040724946695,469,2.3347547974413647
15679.0,24,4,781.28,4,3,2,432,Loyal Customers,781.28,195.32,1804.8556962025316,158,9.240506329113924
15680.0,9,10,4028.69,4,4,4,444,Champions,4028.69,402.869,2019.878914835165,728,5.013736263736264
15681.0,25,14,2989.7,4,4,4,444,Champions,2989.7,213.54999999999998,2024.5649350649346,539,9.48051948051948
15682.0,599,2,318.24,1,2,1,121,Others,318.24,159.12,1319.9727272727273,88,8.295454545454545
15683.0,117,2,524.54,2,2,2,222,Others,524.54,262.27,537.8008426966293,356,2.0505617977528092
15684.0,547,3,173.95,1,2,1,121,Others,173.95,57.98333333333333,337.72207446808505,188,5.824468085106383
15685.0,450,1,55.980000000000004,1,1,1,111,Lost Customers,55.980000000000004,55.980000000000004,2910.96,1,52.0
15686.0,420,1,90.0,1,1,1,111,Lost Customers,90.0,90.0,4680.0,1,52.0
15687.0,9,9,2993.1,4,4,4,444,Champions,2993.1,332.56666666666666,3403.369158878504,321,10.233644859813083
15688.0,419,1,190.57,1,1,1,111,Lost Customers,190.57,190.57,9909.64,1,52.0
15689.0,120,3,521.03,2,2,2,222,Others,521.03,173.67666666666665,382.6477867203219,497,2.2032193158953723
15690.0,4,2,239.76,4,2,1,421,Potential Loyalist,239.76,119.88,911.5875000000001,96,7.604166666666668
15691.0,252,4,571.3,2,3,2,232,Others,571.3,142.825,434.42604166666666,480,3.041666666666667
15692.0,28,1,191.04,3,1,1,311,Potential Loyalist,191.04,191.04,9934.08,1,52.0
15693.0,659,1,37.5,1,1,1,111,Lost Customers,37.5,37.5,1950.0,1,52.0
15694.0,1,24,9978.48,4,4,4,444,Champions,9978.48,415.77,4982.414774281805,731,11.983584131326948
15695.0,267,4,1131.04,2,3,3,233,Others,1131.04,282.76,997.1729468599034,414,3.526570048309179
15696.0,33,13,3881.2200000000003,3,4,4,344,Champions,3881.2200000000003,298.55538461538464,2179.454307692308,650,7.3
15697.0,690,1,246.75,1,1,1,111,Lost Customers,246.75,246.75,12831.0,1,52.0
15698.0,624,1,46.2,1,1,1,111,Lost Customers,46.2,46.2,2402.4,1,52.0
15699.0,18,1,309.65,4,1,1,411,Potential Loyalist,309.65,309.65,16101.8,1,52.0
15700.0,172,2,696.68,2,2,2,222,Others,696.68,348.34,18113.68,1,52.0
15701.0,2,4,1529.0,4,3,3,433,Loyal Customers,1529.0,382.25,5167.4537037037035,108,13.518518518518519
15702.0,476,2,140.39000000000001,1,2,1,121,Others,140.39000000000001,70.19500000000001,249.9626829268293,205,3.5609756097560976
15703.0,265,1,211.5,2,1,1,211,Others,211.5,211.5,10998.0,1,52.0
15704.0,140,6,3734.6600000000003,2,3,4,234,Others,3734.6600000000003,622.4433333333334,3084.0518099547517,442,4.95475113122172
15705.0,201,1,143.1,2,1,1,211,Others,143.1,143.1,7441.2,1,52.0
15706.0,64,4,1060.56,3,3,3,333,Others,1060.56,265.14,7444.315384615385,52,28.076923076923077
15707.0,35,4,916.98,3,3,3,333,Others,916.98,229.245,6562.7,51,28.627450980392155
15708.0,41,9,3887.15,3,4,4,344,Champions,3887.15,431.90555555555557,3694.817057291667,384,8.5546875
15709.0,284,2,327.85,2,2,1,221,Others,327.85,163.925,392.34508196721316,305,2.3934426229508197
15710.0,417,1,898.87,1,1,3,113,Lost Customers,898.87,898.87,46741.24,1,52.0
15711.0,557,2,420.25,1,2,2,122,Others,420.25,210.125,1198.369140625,128,5.703125
15712.0,9,12,3472.4100000000003,4,4,4,444,Champions,3472.4100000000003,289.3675,1738.5866255144035,729,6.008230452674898
15713.0,143,4,839.64,2,3,2,232,Others,839.64,209.91,528.3941379310345,580,2.5172413793103448
15714.0,12,5,783.96,4,3,2,432,Loyal Customers,783.96,156.792,526.9712707182321,543,3.3609576427255985
15715.0,556,5,658.02,1,3,2,132,At Risk,658.02,131.60399999999998,3812.3380952380944,63,28.968253968253965
15716.0,146,11,2485.26,2,4,4,244,Others,2485.26,225.9327272727273,1547.986177474403,586,6.851535836177474
15717.0,234,5,607.0,2,3,2,232,Others,607.0,121.4,618.8687150837989,358,5.097765363128492
15718.0,540,1,293.79,1,1,1,111,Lost Customers,293.79,293.79,15277.080000000002,1,52.0
15719.0,33,31,10195.97,3,4,4,344,Champions,10195.97,328.9022580645161,5278.764609929078,705,16.04964539007092
15720.0,24,2,739.22,4,2,2,422,Potential Loyalist,739.22,369.61,513.9339047619047,525,1.3904761904761904
15721.0,12,1,471.40000000000003,4,1,2,412,Potential Loyalist,471.40000000000003,471.40000000000003,24512.800000000003,1,52.0
15722.0,36,11,5234.0,3,4,4,344,Champions,5234.0,475.8181818181818,3162.9304635761587,604,6.647350993377483
15723.0,365,4,930.7,2,3,3,233,Others,930.7,232.675,1625.385167464115,209,6.9856459330143545
15724.0,201,3,310.85,2,2,1,221,Others,310.85,103.61666666666667,570.1520100502513,199,5.50251256281407
15725.0,15,1,415.25,4,1,2,412,Potential Loyalist,415.25,415.25,21593.0,1,52.0
15726.0,390,1,321.91,1,1,1,111,Lost Customers,321.91,321.91,16739.32,1,52.0
15727.0,17,15,9371.71,4,4,4,444,Champions,9371.71,624.7806666666667,5120.769685628743,668,8.196107784431138
15728.0,380,2,544.6,2,2,2,222,Others,544.6,272.3,3105.921875,64,11.40625
15729.0,213,3,192.55,2,2,1,221,Others,192.55,64.18333333333334,369.89868421052637,190,5.7631578947368425
15730.0,66,5,1726.58,3,3,3,333,Others,1726.58,345.316,1726.58,365,5.0
15731.0,554,1,125.3,1,1,1,111,Lost Customers,125.3,125.3,6515.599999999999,1,52.0
15732.0,212,10,1543.97,2,4,3,243,Others,1543.97,154.397,1222.4491323210411,461,7.917570498915401
15733.0,283,1,162.3,2,1,1,211,Others,162.3,162.3,8439.6,1,52.0
15734.0,115,4,2263.3,2,3,4,234,Others,2263.3,565.825,1912.2789351851854,432,3.3796296296296298
15735.0,421,1,327.68,1,1,1,111,Lost Customers,327.68,327.68,17039.36,1,52.0
15736.0,435,2,1767.12,1,2,3,123,Others,1767.12,883.56,45945.119999999995,1,52.0
15737.0,15,8,1188.1200000000001,4,4,3,443,Champions,1188.1200000000001,148.51500000000001,1902.034210526316,228,12.807017543859649
15738.0,19,41,13043.32,4,4,4,444,Champions,13043.32,318.12975609756097,6705.368732394367,710,21.077464788732396
15739.0,66,1,449.12,3,1,2,312,Potential Loyalist,449.12,449.12,23354.24,1,52.0
15740.0,49,1,154.88,3,1,1,311,Potential Loyalist,154.88,154.88,8053.76,1,52.0
15741.0,458,2,208.62,1,2,1,121,Others,208.62,104.31,475.914375,160,4.5625
15742.0,619,1,156.87,1,1,1,111,Lost Customers,156.87,156.87,8157.24,1,52.0
15743.0,16,4,775.96,4,3,2,432,Loyal Customers,775.96,193.99,1685.865476190476,168,8.69047619047619
15744.0,78,1,34.8,3,1,1,311,Potential Loyalist,34.8,34.8,1809.6,1,52.0
15745.0,19,4,1094.59,4,3,3,433,Loyal Customers,1094.59,273.6475,1841.1306451612902,217,6.728110599078341
15746.0,134,1,196.88,2,1,1,211,Others,196.88,196.88,10237.76,1,52.0
15747.0,13,9,2499.81,4,4,4,444,Champions,2499.81,277.75666666666666,1345.7679203539824,678,4.845132743362832
15748.0,40,3,609.8100000000001,3,2,2,322,Potential Loyalist,609.8100000000001,203.27,545.5408088235293,408,2.6838235294117645
15749.0,235,3,44534.3,2,2,4,224,Others,44534.3,14844.766666666668,167577.5206185567,97,11.288659793814432
15750.0,3,18,6452.991,4,4,4,444,Champions,6452.991,358.4995,3204.546551020408,735,8.938775510204081
15751.0,461,11,1380.44,1,4,3,143,At Risk,1380.44,125.49454545454546,1852.4286764705882,272,14.761029411764705
15752.0,40,9,3924.91,3,4,4,344,Champions,3924.91,436.1011111111111,3435.47278177458,417,7.877697841726619
15753.0,305,1,79.2,2,1,1,211,Others,79.2,79.2,4118.400000000001,1,52.0
15754.0,51,9,3037.61,3,4,4,344,Champions,3037.61,337.51222222222225,1835.6418046357617,604,5.438741721854305
15755.0,10,17,5993.12,4,4,4,444,Champions,5993.12,352.53647058823526,3017.225931034483,725,8.558620689655173
15756.0,61,4,528.01,3,3,2,332,Others,528.01,132.0025,1030.607754010695,187,7.807486631016043
15757.0,66,6,2940.36,3,3,4,334,Others,2940.36,490.06,2231.2503118503114,481,4.5530145530145525
15758.0,25,1,205.25,4,1,1,411,Potential Loyalist,205.25,205.25,10673.0,1,52.0
15759.0,218,7,830.9300000000001,2,4,2,242,Others,830.9300000000001,118.70428571428572,584.3727360308286,519,4.922928709055877
15760.0,631,2,13916.34,1,2,4,124,Others,13916.34,6958.17,361824.84,1,52.0
15761.0,443,1,143.05,1,1,1,111,Lost Customers,143.05,143.05,7438.6,1,52.0
15762.0,65,2,583.75,3,2,2,322,Potential Loyalist,583.75,291.875,15177.5,12,52.0
15763.0,32,2,1086.92,3,2,3,323,Potential Loyalist,1086.92,543.46,8816.128888888888,45,16.22222222222222
15764.0,88,8,4503.08,3,4,4,344,Champions,4503.08,562.885,4214.421025641025,390,7.487179487179487
15765.0,667,1,370.63,1,1,2,112,Lost Customers,370.63,370.63,19272.76,1,52.0
15766.0,64,3,831.06,3,3,2,332,Others,831.06,277.02,490.8364077669903,618,1.7718446601941749
15768.0,116,34,15308.89,2,4,4,244,Others,15308.89,450.2614705882353,9012.491693548387,620,20.016129032258064
15769.0,7,46,88612.52,4,4,4,444,Champions,88612.52,1926.3591304347826,44859.320110957,721,23.287101248266296
15770.0,613,1,321.45,1,1,1,111,Lost Customers,321.45,321.45,16715.399999999998,1,52.0
15771.0,604,3,1006.54,1,3,3,133,At Risk,1006.54,335.5133333333333,4127.944943820225,89,12.303370786516854
15772.0,418,1,280.88,1,1,1,111,Lost Customers,280.88,280.88,14605.76,1,52.0
15773.0,6,2,774.52,4,2,2,422,Potential Loyalist,774.52,387.26,701.4883374689826,403,1.8114143920595533
15774.0,69,6,1288.34,3,3,3,333,Others,1288.34,214.72333333333333,801.0972742759795,587,3.7308347529812607
15775.0,245,2,150.5,2,2,1,221,Others,150.5,75.25,142.3121761658031,386,1.8911917098445594
15776.0,133,1,241.62,2,1,1,211,Others,241.62,241.62,12564.24,1,52.0
15777.0,241,7,1762.61,2,4,3,243,Others,1762.61,251.80142857142854,1967.4392966360856,327,7.813455657492355
15778.0,431,1,307.95,1,1,1,111,Lost Customers,307.95,307.95,16013.4,1,52.0
15779.0,463,2,124.08000000000001,1,2,1,121,Others,124.08000000000001,62.040000000000006,656.3652173913044,69,10.579710144927537
15780.0,184,3,475.28000000000003,2,3,2,232,Others,475.28000000000003,158.42666666666668,996.9954022988506,174,6.293103448275862
15781.0,25,3,345.46,4,3,2,432,Loyal Customers,345.46,115.15333333333332,450.33178571428573,280,3.910714285714286
15782.0,10,4,4014.1,4,3,4,434,Champions,4014.1,1003.525,3488.4440476190475,420,3.4761904761904763
15783.0,11,1,246.3,4,1,1,411,Potential Loyalist,246.3,246.3,12807.6,1,52.0
15784.0,468,2,848.3299999999999,1,2,2,122,Others,848.3299999999999,424.16499999999996,1517.8453431372548,204,3.5784313725490193
15785.0,33,16,5969.93,3,4,4,344,Champions,5969.93,373.120625,3153.4362518089724,691,8.451519536903039
15786.0,46,5,8501.62,3,3,4,334,Others,8501.62,1700.324,6332.8393877551025,490,3.7244897959183674
15787.0,26,3,933.26,4,3,3,433,Loyal Customers,933.26,311.08666666666664,9732.568571428572,35,31.28571428571429
15788.0,509,1,221.82999999999998,1,1,1,111,Lost Customers,221.82999999999998,221.82999999999998,11535.16,1,52.0
15789.0,358,6,1962.01,2,3,3,233,Others,1962.01,327.00166666666667,2702.3911320754714,265,8.264150943396226
15790.0,10,1,218.75,4,1,1,411,Potential Loyalist,218.75,218.75,11375.0,1,52.0
15791.0,44,5,3608.34,3,3,4,334,Others,3608.34,721.668,2202.414882943144,598,3.0518394648829434
15792.0,400,2,933.84,1,2,3,123,Others,933.84,466.92,1563.5394495412845,218,3.3486238532110093
15793.0,15,8,2399.57,4,4,4,444,Champions,2399.57,299.94625,1211.4011756569848,723,4.0387275242047025
15794.0,736,2,777.0,1,2,2,122,Others,777.0,388.5,20202.0,1,52.0
15795.0,150,8,1979.8700000000001,2,4,3,243,Others,1979.8700000000001,247.48375000000001,1338.245462962963,540,5.407407407407407
15796.0,1,17,5171.63,4,4,4,444,Champions,5171.63,304.21352941176474,3059.392139384117,617,10.056726094003242
15797.0,113,6,2821.08,2,3,4,234,Others,2821.08,470.18,1812.8419014084507,568,3.8556338028169015
15798.0,493,3,1535.37,1,3,3,133,At Risk,1535.37,511.78999999999996,2980.9045212765955,188,5.824468085106383
15799.0,76,4,1421.34,3,3,3,333,Others,1421.34,355.335,1516.9271929824558,342,4.269005847953216
15800.0,107,7,1227.07,2,4,3,243,Others,1227.07,175.29571428571427,876.4785714285713,511,5.0
15801.0,46,3,1063.95,3,3,3,333,Others,1063.95,354.65000000000003,6164.154761904762,63,17.38095238095238
15802.0,143,1,451.42,2,1,2,212,Others,451.42,451.42,23473.84,1,52.0
15803.0,51,4,1929.66,3,3,3,333,Others,1929.66,482.415,1128.7274038461537,624,2.3397435897435894
15804.0,1,13,4206.39,4,4,4,444,Champions,4206.39,323.5684615384616,7754.203787878789,198,23.964646464646464
15805.0,23,30,10148.93,4,4,4,444,Champions,10148.93,338.29766666666666,5246.968059490085,706,15.509915014164305
15806.0,46,3,784.58,3,3,2,332,Others,784.58,261.5266666666667,1245.0943478260872,230,4.760869565217392
15807.0,50,5,1817.52,3,3,3,333,Others,1817.52,363.504,1078.6907317073171,615,2.967479674796748
15808.0,306,21,17180.25,2,4,4,244,Others,17180.25,818.1071428571429,14549.399651972159,431,17.784222737819025
15809.0,36,7,1274.44,3,4,3,343,Others,1274.44,182.06285714285715,932.2056112224449,499,5.1202404809619235
15810.0,79,8,2999.04,3,4,4,344,Champions,2999.04,374.88,1842.8444444444444,594,4.915824915824916
15811.0,22,7,3486.15,4,4,4,444,Champions,3486.15,498.0214285714286,3486.15,365,7.0
15812.0,107,12,5201.47,2,4,4,244,Others,5201.47,433.4558333333334,3077.0446515397084,617,7.098865478119935
15813.0,208,2,1303.9099999999999,2,2,3,223,Others,1303.9099999999999,651.9549999999999,15352.488709677418,31,23.548387096774196
15814.0,17,6,2634.44,4,3,4,434,Champions,2634.44,439.0733333333333,1640.905460750853,586,3.737201365187713
15815.0,64,5,2100.6,3,3,3,333,Others,2100.6,420.12,3911.831632653061,196,9.311224489795919
15816.0,542,2,144.14999999999998,1,2,1,121,Others,144.14999999999998,72.07499999999999,3747.8999999999996,1,52.0
15817.0,421,3,2766.4,1,3,4,134,At Risk,2766.4,922.1333333333333,8276.524590163934,122,8.975409836065573
15818.0,588,1,340.5,1,1,1,111,Lost Customers,340.5,340.5,17706.0,1,52.0
15819.0,49,10,3934.79,3,4,4,344,Champions,3934.79,393.479,2467.694759450172,582,6.271477663230241
15820.0,320,1,206.98,2,1,1,211,Others,206.98,206.98,10762.96,1,52.0
15821.0,44,2,570.96,3,2,2,322,Potential Loyalist,570.96,285.48,12258.847058823529,17,42.94117647058823
15822.0,3,6,1840.06,4,3,3,433,Loyal Customers,1840.06,306.6766666666667,921.2920438957477,729,3.004115226337449
15823.0,372,3,3882.17,2,3,4,234,Others,3882.17,1294.0566666666666,3958.0783519553074,358,3.058659217877095
15824.0,453,2,890.94,1,2,3,123,Others,890.94,445.47,4169.142307692307,78,9.358974358974358
15825.0,172,1,532.94,2,1,2,212,Others,532.94,532.94,27712.880000000005,1,52.0
15826.0,56,4,2598.28,3,3,4,334,Others,2598.28,649.57,1855.9142857142858,511,2.857142857142857
15827.0,73,28,3603.14,3,4,4,344,Champions,3603.14,128.6835714285714,2097.5216905901116,627,16.299840510366828
15828.0,375,1,1108.82,2,1,3,213,Others,1108.82,1108.82,57658.64,1,52.0
15829.0,99,2,636.14,2,2,2,222,Others,636.14,318.07,5663.19756097561,41,17.804878048780488
15830.0,38,1,576.0,3,1,2,312,Potential Loyalist,576.0,576.0,29952.0,1,52.0
15831.0,58,3,794.64,3,3,2,332,Others,794.64,264.88,1094.504150943396,265,4.132075471698113
15832.0,254,1,836.79,2,1,2,212,Others,836.79,836.79,43513.08,1,52.0
15833.0,738,1,80.4,1,1,1,111,Lost Customers,80.4,80.4,4180.8,1,52.0
15834.0,70,7,3764.39,3,4,4,344,Champions,3764.39,537.77,3881.362570621469,354,7.2175141242937855
15835.0,44,4,954.09,3,3,3,333,Others,954.09,238.5225,1217.6323426573426,286,5.104895104895105
15836.0,50,1,137.37,3,1,1,311,Potential Loyalist,137.37,137.37,7143.24,1,52.0
15837.0,65,2,777.01,3,2,2,322,Potential Loyalist,777.01,388.505,675.2586904761905,420,1.7380952380952381
15838.0,11,34,73205.5,4,4,4,444,Champions,73205.5,2153.1029411764707,37475.466339410945,713,17.405329593267883
15839.0,33,3,1048.49,3,3,3,333,Others,1048.49,349.49666666666667,3357.0074561403508,114,9.605263157894736
15840.0,59,2,355.56,3,2,2,322,Potential Loyalist,355.56,177.78,1148.4902654867255,113,6.460176991150442
15841.0,73,9,2742.41,3,4,4,344,Champions,2742.41,304.7122222222222,1523.561111111111,657,5.0
15842.0,393,2,548.8,1,2,2,122,Others,548.8,274.4,1494.8656716417909,134,5.447761194029851
15843.0,304,1,118.95000000000002,2,1,1,211,Others,118.95000000000002,118.95000000000002,6185.400000000001,1,52.0
15844.0,46,1,130.73999999999998,3,1,1,311,Potential Loyalist,130.73999999999998,130.73999999999998,6798.479999999999,1,52.0
15845.0,18,11,4426.28,4,4,4,444,Champions,4426.28,402.3890909090909,2433.12078313253,664,6.046686746987952
15846.0,385,1,107.01,1,1,1,111,Lost Customers,107.01,107.01,5564.52,1,52.0
15847.0,38,5,822.57,3,3,2,332,Others,822.57,164.514,497.9072139303483,603,3.0265339966832503
15848.0,622,1,137.99,1,1,1,111,Lost Customers,137.99,137.99,7175.4800000000005,1,52.0
15850.0,19,6,1006.75,4,3,3,433,Loyal Customers,1006.75,167.79166666666666,519.7507072135785,707,3.0975954738330977
15851.0,527,1,109.73,1,1,1,111,Lost Customers,109.73,109.73,5705.96,1,52.0
15852.0,187,3,257.26,2,3,1,231,Others,257.26,85.75333333333333,276.17617647058825,340,3.2205882352941178
15853.0,52,1,110.8,3,1,1,311,Potential Loyalist,110.8,110.8,5761.599999999999,1,52.0
15854.0,4,21,5578.28,4,4,4,444,Champions,5578.28,265.6323809523809,2808.375448275862,725,10.572413793103449
15855.0,137,6,1052.72,2,3,3,233,Others,1052.72,175.45333333333335,1133.4595870206492,339,6.460176991150443
15856.0,4,52,32275.95,4,4,4,444,Champions,32275.95,620.6913461538462,16093.882172131147,732,25.928961748633878
15857.0,19,2,570.48,4,2,2,422,Potential Loyalist,570.48,285.24,506.6306569343066,411,1.7761557177615572
15858.0,16,13,3552.41,4,4,4,444,Champions,3552.41,273.2623076923077,1816.007913165266,714,6.6456582633053225
15859.0,432,1,438.46,1,1,2,112,Lost Customers,438.46,438.46,22799.92,1,52.0
15860.0,41,17,2361.3,3,4,4,344,Champions,2361.3,138.9,1245.4833815028903,692,8.966763005780347
15861.0,12,12,4369.2,4,4,4,444,Champions,4369.2,364.09999999999997,2390.9415292353824,667,6.566716641679161
15862.0,8,13,2512.29,4,4,4,444,Champions,2512.29,193.25307692307692,1284.2939075630252,714,6.6456582633053225
15863.0,26,5,355.1,4,3,2,432,Loyal Customers,355.1,71.02000000000001,185.95624103299858,697,2.618364418938307
15864.0,22,7,2180.76,4,4,3,443,Champions,2180.76,311.5371428571429,2223.4005586592184,358,7.136871508379889
15865.0,41,5,2241.42,3,3,3,333,Others,2241.42,448.284,1235.8282477341388,662,2.7567975830815707
15866.0,101,1,211.89,2,1,1,211,Others,211.89,211.89,11018.279999999999,1,52.0
15867.0,5,31,8923.3,4,4,4,444,Champions,8923.3,287.84838709677416,4529.908901251738,719,15.737134909596662
15868.0,583,1,94.53,1,1,1,111,Lost Customers,94.53,94.53,4915.56,1,52.0
15869.0,277,3,321.11,2,3,1,231,Others,321.11,107.03666666666668,335.8313753581662,349,3.1375358166189113
15870.0,33,4,857.46,3,3,2,332,Others,857.46,214.365,757.8036319612593,413,3.535108958837773
15871.0,437,1,33.099999999999994,1,1,1,111,Lost Customers,33.099999999999994,33.099999999999994,1721.1999999999998,1,52.0
15872.0,15,4,729.25,4,3,2,432,Loyal Customers,729.25,182.3125,497.5257009345794,535,2.7289719626168223
15873.0,500,4,313.91999999999996,1,3,1,131,At Risk,313.91999999999996,78.47999999999999,4080.9599999999996,1,52.0
15874.0,64,21,11284.76,3,4,4,344,Champions,11284.76,537.3695238095238,6466.149764521193,637,12.032967032967033
15875.0,646,1,108.52,1,1,1,111,Lost Customers,108.52,108.52,5643.04,1,52.0
15876.0,409,2,1449.1399999999999,1,2,3,123,Others,1449.1399999999999,724.5699999999999,13562.4641025641,39,18.717948717948715
15877.0,2,2,490.33,4,2,2,422,Potential Loyalist,490.33,245.165,11185.653124999999,16,45.625
15878.0,562,2,330.77,1,2,1,121,Others,330.77,165.385,706.0295321637426,171,4.269005847953216
15879.0,404,4,1137.8,1,3,3,133,At Risk,1137.8,284.45,1310.0851735015772,317,4.605678233438486
15880.0,369,1,329.03000000000003,2,1,1,211,Others,329.03000000000003,329.03000000000003,17109.56,1,52.0
15881.0,312,5,501.39000000000004,2,3,2,232,Others,501.39000000000004,100.278,3519.3721153846154,52,35.09615384615385
15882.0,199,8,1124.66,2,4,3,243,Others,1124.66,140.5825,774.53,530,5.509433962264151
15883.0,2,2,396.48,4,2,2,422,Potential Loyalist,396.48,198.24,4668.232258064517,31,23.548387096774196
15884.0,432,2,244.60000000000002,1,2,1,121,Others,244.60000000000002,122.30000000000001,294.65016501650166,303,2.4092409240924093
15885.0,93,15,1951.82,3,4,3,343,Others,1951.82,130.12133333333333,1199.3506734006735,594,9.217171717171718
15886.0,60,4,1052.8700000000001,3,3,3,333,Others,1052.8700000000001,263.21750000000003,715.6378957169461,537,2.718808193668529
15887.0,407,3,1027.15,1,3,3,133,At Risk,1027.15,342.3833333333334,2533.1739864864867,148,7.398648648648648
15888.0,81,3,429.16,3,3,2,332,Others,429.16,143.05333333333334,351.2183856502242,446,2.4551569506726456
15889.0,157,8,1427.6,2,4,3,243,Others,1427.6,178.45,910.9685314685314,572,5.104895104895105
15890.0,395,5,535.65,1,3,2,132,At Risk,535.65,107.13,931.0107142857144,210,8.690476190476192
15891.0,227,1,511.68,2,1,2,212,Others,511.68,511.68,26607.36,1,52.0
15892.0,669,1,128.2,1,1,1,111,Lost Customers,128.2,128.2,6666.4,1,52.0
15893.0,482,1,305.28000000000003,1,1,1,111,Lost Customers,305.28000000000003,305.28000000000003,15874.560000000001,1,52.0
15894.0,253,2,258.25,2,2,1,221,Others,258.25,129.125,819.663043478261,115,6.347826086956522
15895.0,150,1,179.17,2,1,1,211,Others,179.17,179.17,9316.84,1,52.0
15897.0,194,2,208.59,2,2,1,221,Others,208.59,104.295,5423.34,1,52.0
15898.0,1,25,4996.45,4,4,4,444,Champions,4996.45,199.858,2511.9893250688706,726,12.568870523415978
15899.0,369,1,56.25,2,1,1,211,Others,56.25,56.25,2925.0,1,52.0
15900.0,24,4,886.5699999999999,4,3,3,433,Loyal Customers,886.5699999999999,221.64249999999998,600.367439703154,539,2.7087198515769946
15901.0,17,7,687.72,4,4,2,442,Loyal Customers,687.72,98.24571428571429,476.31461100569265,527,4.848197343453511
15902.0,380,1,145.01,2,1,1,211,Others,145.01,145.01,7540.5199999999995,1,52.0
15903.0,10,12,8939.84,4,4,4,444,Champions,8939.84,744.9866666666667,4770.52865497076,684,6.4035087719298245
15904.0,8,1,164.68,4,1,1,411,Potential Loyalist,164.68,164.68,8563.36,1,52.0
15905.0,543,1,114.69,1,1,1,111,Lost Customers,114.69,114.69,5963.88,1,52.0
15906.0,20,10,2530.19,4,4,4,444,Champions,2530.19,253.019,2142.7363109048724,431,8.468677494199536
15907.0,4,3,882.72,4,3,3,433,Loyal Customers,882.72,294.24,1564.0427184466018,206,5.315533980582524
15908.0,491,2,758.62,1,2,2,122,Others,758.62,379.31,13185.538095238095,21,34.76190476190476
15909.0,174,1,191.94,2,1,1,211,Others,191.94,191.94,9980.88,1,52.0
15910.0,1,15,2661.17,4,4,4,444,Champions,2661.17,177.41133333333335,1415.9286443148687,686,7.981049562682215
15911.0,624,8,1700.24,1,4,3,143,At Risk,1700.24,212.53,5854.6,106,27.547169811320757
15912.0,178,9,1074.7,2,4,3,243,Others,1074.7,119.41111111111111,711.915607985481,551,5.961887477313975
15913.0,534,1,6.300000000000001,1,1,1,111,Lost Customers,6.300000000000001,6.300000000000001,327.6,1,52.0
15914.0,378,2,205.99,2,2,1,221,Others,205.99,102.995,5355.74,1,52.0
15915.0,402,1,364.45,1,1,2,112,Lost Customers,364.45,364.45,18951.399999999998,1,52.0
15916.0,16,13,3145.2400000000002,4,4,4,444,Champions,3145.2400000000002,241.94153846153847,1612.3772471910113,712,6.66432584269663
15917.0,248,5,530.17,2,3,2,232,Others,530.17,106.03399999999999,395.730163599182,489,3.7321063394683027
15918.0,191,3,582.88,2,3,2,232,Others,582.88,194.29333333333332,482.4290249433106,441,2.4829931972789114
15919.0,20,2,525.69,4,2,2,422,Potential Loyalist,525.69,262.845,549.7904011461319,349,2.0916905444126077
15920.0,154,9,569.14,2,4,2,242,Others,569.14,63.23777777777778,363.8110332749563,571,5.75306479859895
15921.0,173,4,775.26,2,3,2,232,Others,775.26,193.815,604.6365384615384,468,3.1196581196581197
15922.0,373,1,369.5,2,1,2,212,Others,369.5,369.5,19214.0,1,52.0
15923.0,373,1,127.08,2,1,1,211,Others,127.08,127.08,6608.16,1,52.0
15924.0,731,1,102.82,1,1,1,111,Lost Customers,102.82,102.82,5346.639999999999,1,52.0
15925.0,194,1,207.15,2,1,1,211,Others,207.15,207.15,10771.800000000001,1,52.0
15926.0,542,1,134.44,1,1,1,111,Lost Customers,134.44,134.44,6990.88,1,52.0
15927.0,647,1,106.54,1,1,1,111,Lost Customers,106.54,106.54,5540.08,1,52.0
15928.0,656,1,293.53,1,1,1,111,Lost Customers,293.53,293.53,15263.559999999998,1,52.0
15929.0,644,1,594.0,1,1,2,112,Lost Customers,594.0,594.0,30888.0,1,52.0
15930.0,67,1,426.63,3,1,2,312,Potential Loyalist,426.63,426.63,22184.76,1,52.0
15931.0,428,1,239.9,1,1,1,111,Lost Customers,239.9,239.9,12474.800000000001,1,52.0
15932.0,4,8,2495.87,4,4,4,444,Champions,2495.87,311.98375,3196.465087719298,285,10.24561403508772
15933.0,21,3,1107.46,4,3,3,433,Loyal Customers,1107.46,369.15333333333336,6218.8138461538465,65,16.846153846153847
15934.0,418,2,2190.66,1,2,3,123,Others,2190.66,1095.33,56957.159999999996,11,52.0
15935.0,239,2,416.86,2,2,2,222,Others,416.86,208.43,10838.36,2,52.0
15936.0,379,2,282.79,2,2,1,221,Others,282.79,141.395,1172.9357954545455,88,8.295454545454545
15937.0,64,1,145.35,3,1,1,311,Potential Loyalist,145.35,145.35,7558.2,1,52.0
15938.0,112,9,734.81,2,4,2,242,Others,734.81,81.64555555555555,604.0667792792792,444,7.398648648648648
15939.0,90,16,9060.39,3,4,4,344,Champions,9060.39,566.274375,11644.515316901407,284,20.56338028169014
15940.0,311,1,35.8,2,1,1,211,Others,35.8,35.8,1861.6,1,52.0
15941.0,637,1,405.0,1,1,2,112,Lost Customers,405.0,405.0,21060.0,1,52.0
15942.0,134,1,337.44,2,1,1,211,Others,337.44,337.44,17546.88,1,52.0
15943.0,650,2,271.28999999999996,1,2,1,121,Others,271.28999999999996,135.64499999999998,3536.458928571428,28,26.07142857142857
15944.0,277,4,2164.24,2,3,3,233,Others,2164.24,541.06,1759.3487750556792,449,3.2516703786191536
15945.0,365,4,646.27,2,3,2,232,Others,646.27,161.5675,634.109005376344,372,3.924731182795699
15946.0,503,3,2304.18,1,3,4,134,At Risk,2304.18,768.06,6420.043511450381,131,8.358778625954198
15947.0,83,1,1708.24,3,1,3,313,Potential Loyalist,1708.24,1708.24,88828.48,1,52.0
15948.0,8,3,1509.0900000000001,4,3,3,433,Loyal Customers,1509.0900000000001,503.03000000000003,1324.0813701923078,416,2.6322115384615383
15949.0,17,2,364.72,4,2,2,422,Potential Loyalist,364.72,182.36,2465.237037037037,54,13.518518518518519
15950.0,32,10,7120.91,3,4,4,344,Champions,7120.91,712.091,3998.6648461538457,650,5.615384615384615
15951.0,9,3,1013.17,4,3,3,433,Loyal Customers,1013.17,337.7233333333333,994.1049731182794,372,2.943548387096774
15952.0,34,4,781.91,3,3,2,332,Others,781.91,195.4775,1494.2259162303665,191,7.643979057591624
15953.0,15,18,3440.3399999999997,4,4,4,444,Champions,3440.3399999999997,191.13,1741.6423023578363,721,9.1123439667129
15954.0,589,1,190.75,1,1,1,111,Lost Customers,190.75,190.75,9919.0,1,52.0
15955.0,24,22,8085.9800000000005,4,4,4,444,Champions,8085.9800000000005,367.54454545454547,4692.182352941177,629,12.766295707472178
15956.0,551,2,617.6,1,2,2,122,Others,617.6,308.8,1288.137142857143,175,4.171428571428572
15957.0,32,3,921.25,3,3,3,333,Others,921.25,307.0833333333333,864.4119537275063,389,2.814910025706941
15958.0,74,4,462.12,3,3,2,332,Others,462.12,115.53,354.35672268907564,476,3.0672268907563027
15959.0,682,3,542.89,1,3,2,132,At Risk,542.89,180.96333333333334,9410.093333333334,1,52.0
15960.0,374,4,410.95,2,3,2,232,Others,410.95,102.7375,2458.963114754098,61,23.934426229508194
15961.0,379,1,451.28999999999996,2,1,2,212,Others,451.28999999999996,451.28999999999996,23467.079999999998,1,52.0
15962.0,449,1,289.48,1,1,1,111,Lost Customers,289.48,289.48,15052.960000000001,1,52.0
15963.0,20,2,470.76,4,2,2,422,Potential Loyalist,470.76,235.38,6873.0960000000005,25,29.200000000000003
15964.0,663,1,269.21000000000004,1,1,1,111,Lost Customers,269.21000000000004,269.21000000000004,13998.920000000002,1,52.0
15965.0,17,13,2771.94,4,4,4,444,Champions,2771.94,213.22615384615386,1407.1739916550766,719,6.599443671766342
15966.0,451,1,426.53000000000003,1,1,2,112,Lost Customers,426.53000000000003,426.53000000000003,22179.56,1,52.0
15967.0,23,12,2966.0,4,4,4,444,Champions,2966.0,247.16666666666666,1514.111888111888,715,6.125874125874126
15968.0,388,1,404.55,1,1,2,112,Lost Customers,404.55,404.55,21036.600000000002,1,52.0
15969.0,3,5,1127.05,4,3,3,433,Loyal Customers,1127.05,225.41,792.6266859344894,519,3.516377649325626
15970.0,304,2,1017.32,2,2,3,223,Others,1017.32,508.66,1258.717966101695,295,2.4745762711864407
15971.0,18,18,5902.83,4,4,4,444,Champions,5902.83,327.935,3017.5531512605044,714,9.201680672268909
15972.0,456,5,1769.33,1,3,3,133,At Risk,1769.33,353.866,4516.122027972027,143,12.762237762237762
15973.0,367,3,680.62,2,3,2,232,Others,680.62,226.87333333333333,4006.875806451613,62,17.661290322580644
15974.0,39,7,3442.15,3,4,4,344,Champions,3442.15,491.7357142857143,5045.721887550201,249,10.261044176706827
15975.0,84,1,371.01,3,1,2,312,Potential Loyalist,371.01,371.01,19292.52,1,52.0
15976.0,165,6,1694.41,2,3,3,233,Others,1694.41,282.4016666666667,1606.3887012987016,385,5.688311688311688
15977.0,17,2,1054.73,4,2,3,423,Potential Loyalist,1054.73,527.365,18332.211904761905,21,34.76190476190476
15978.0,77,3,3279.42,3,3,4,334,Others,3279.42,1093.14,2111.0904761904767,567,1.9312169312169314
15979.0,603,1,329.22,1,1,1,111,Lost Customers,329.22,329.22,17119.440000000002,1,52.0
15980.0,89,7,6543.68,3,4,4,344,Champions,6543.68,934.8114285714286,5114.439400428266,467,5.471092077087794
15981.0,25,21,9362.77,4,4,4,444,Champions,9362.77,445.8461904761905,5743.547983193277,595,12.88235294117647
15982.0,605,1,324.51,1,1,1,111,Lost Customers,324.51,324.51,16874.52,1,52.0
15983.0,22,8,3110.37,4,4,4,444,Champions,3110.37,388.79625,1596.7440928270041,711,4.106891701828411
15984.0,3,30,8393.02,4,4,4,444,Champions,8393.02,279.76733333333334,4167.96231292517,735,14.89795918367347
15985.0,123,7,2715.28,2,4,4,244,Others,2715.28,387.8971428571429,2262.733333333334,438,5.833333333333334
15986.0,30,2,354.42,3,2,2,322,Potential Loyalist,354.42,177.21,368.5564102564103,351,2.07977207977208
15987.0,12,8,1535.99,4,4,3,443,Champions,1535.99,191.99875,1527.6194822888283,367,7.956403269754769
15988.0,19,3,738.89,4,3,2,432,Loyal Customers,738.89,246.29666666666665,423.38281004709575,637,1.718995290423862
15989.0,376,2,368.31,2,2,2,222,Others,368.31,184.155,372.3909972299169,361,2.0221606648199444
15990.0,44,7,1997.75,3,4,3,343,Others,1997.75,285.39285714285717,1205.2541322314053,605,4.223140495867769
15991.0,534,1,150.55,1,1,1,111,Lost Customers,150.55,150.55,7828.6,1,52.0
15992.0,4,3,896.6,4,3,3,433,Loyal Customers,896.6,298.8666666666667,728.8619153674833,449,2.4387527839643655
15993.0,9,7,2777.67,4,4,4,444,Champions,2777.67,396.81,20634.12,35,52.0
15994.0,55,3,1175.68,3,3,3,333,Others,1175.68,391.8933333333334,738.5941480206542,581,1.8846815834767643
15995.0,414,1,694.54,1,1,2,112,Lost Customers,694.54,694.54,36116.08,1,52.0
15996.0,88,7,1386.4,3,4,3,343,Others,1386.4,198.05714285714288,1642.974025974026,308,8.295454545454545
15998.0,37,16,8274.14,3,4,4,344,Champions,8274.14,517.13375,4302.081339031339,702,8.31908831908832
15999.0,736,1,20.4,1,1,1,111,Lost Customers,20.4,20.4,1060.8,1,52.0
16000.0,3,3,12393.7,4,3,4,434,Champions,12393.7,4131.233333333334,214824.13333333336,1,52.0
16001.0,381,1,583.39,1,1,2,112,Lost Customers,583.39,583.39,30336.28,1,52.0
16002.0,625,1,169.21,1,1,1,111,Lost Customers,169.21,169.21,8798.92,1,52.0
16003.0,30,10,5613.83,3,4,4,344,Champions,5613.83,561.383,2902.334206798867,706,5.169971671388102
16004.0,475,5,2146.39,1,3,3,133,At Risk,2146.39,429.27799999999996,3766.5016826923074,208,8.774038461538462
16005.0,12,10,2365.4900000000002,4,4,4,444,Champions,2365.4900000000002,236.54900000000004,1971.241666666667,438,8.333333333333334
16006.0,211,2,332.82,2,2,1,221,Others,332.82,166.41,690.2232954545455,176,4.1477272727272725
16007.0,48,7,3053.06,3,4,4,344,Champions,3053.06,436.15142857142854,2251.2462626262623,495,5.161616161616161
16008.0,24,15,5339.13,4,4,4,444,Champions,5339.13,355.942,3215.8126237623765,606,9.034653465346535
16009.0,22,4,972.11,4,3,3,433,Loyal Customers,972.11,243.0275,2589.928102189781,137,10.656934306569342
16010.0,246,11,1694.86,2,4,3,243,Others,1694.86,154.0781818181818,3749.235757575758,165,24.333333333333336
16011.0,8,29,5601.01,4,4,4,444,Champions,5601.01,193.13827586206898,2800.505,730,14.5
16012.0,35,5,2978.59,3,3,4,334,Others,2978.59,595.7180000000001,2200.7800607287454,494,3.694331983805668
16013.0,4,84,56078.44,4,4,4,444,Champions,56078.44,667.6004761904762,28116.250824175826,728,42.11538461538461
16014.0,38,5,1100.28,3,3,3,333,Others,1100.28,220.05599999999998,628.4854460093896,639,2.856025039123631
16015.0,4,3,704.55,4,3,2,432,Loyal Customers,704.55,234.85,5714.683333333333,45,24.333333333333336
16016.0,3,11,2083.4,4,4,3,443,Champions,2083.4,189.4,1905.8671679197994,399,10.06265664160401
16017.0,47,5,1545.58,3,3,3,333,Others,1545.58,309.116,859.9644817073171,656,2.7820121951219514
16018.0,39,4,698.13,3,3,2,332,Others,698.13,174.5325,367.701948051948,693,2.1067821067821066
16019.0,47,27,17329.16,3,4,4,344,Champions,17329.16,641.8207407407407,9329.12005899705,678,14.535398230088497
16020.0,17,3,851.01,4,3,2,432,Loyal Customers,851.01,283.67,6471.221875000001,48,22.812500000000004
16021.0,395,2,487.03,1,2,2,122,Others,487.03,243.515,1193.060067114094,149,4.899328859060403
16022.0,260,1,602.63,2,1,2,212,Others,602.63,602.63,31336.76,1,52.0
16023.0,46,3,719.81,3,3,2,332,Others,719.81,239.93666666666664,1194.2302272727272,220,4.9772727272727275
16024.0,12,3,483.99,4,3,2,432,Loyal Customers,483.99,161.33,442.7477443609023,399,2.744360902255639
16025.0,30,1,439.65999999999997,3,1,2,312,Potential Loyalist,439.65999999999997,439.65999999999997,22862.32,1,52.0
16026.0,43,1,236.09,3,1,1,311,Potential Loyalist,236.09,236.09,12276.68,1,52.0
16027.0,92,15,2048.36,3,4,3,343,Others,2048.36,136.55733333333333,1229.689802631579,608,9.004934210526315
16028.0,596,1,82.2,1,1,1,111,Lost Customers,82.2,82.2,4274.400000000001,1,52.0
16029.0,39,107,117763.62,3,4,4,344,Champions,117763.62,1100.5945794392524,57230.91813084112,692,52.0
16030.0,310,1,331.24,2,1,1,211,Others,331.24,331.24,17224.48,1,52.0
16031.0,92,2,547.9,3,2,2,322,Potential Loyalist,547.9,273.95,1298.594155844156,154,4.740259740259741
16032.0,456,6,1965.72,1,3,3,133,At Risk,1965.72,327.62,10708.773134328358,67,32.6865671641791
16033.0,6,27,10608.81,4,4,4,444,Champions,10608.81,392.9188888888889,8083.95751565762,479,20.5741127348643
16034.0,196,6,911.3199999999999,2,3,3,233,Others,911.3199999999999,151.88666666666666,1561.651643192488,213,10.28169014084507
16035.0,560,1,217.73,1,1,1,111,Lost Customers,217.73,217.73,11321.96,1,52.0
16036.0,87,4,2556.84,3,3,4,334,Others,2556.84,639.21,1750.9317073170732,533,2.7392120075046904
16037.0,270,5,1509.34,2,3,3,233,Others,1509.34,301.868,1457.4314814814816,378,4.828042328042328
16038.0,8,3,471.78000000000003,4,3,2,432,Loyal Customers,471.78000000000003,157.26000000000002,887.6273195876289,194,5.644329896907216
16039.0,424,2,456.4,1,2,2,122,Others,456.4,228.2,816.5980392156862,204,3.5784313725490193
16040.0,65,7,2416.9,3,4,4,344,Champions,2416.9,345.2714285714286,1621.6332720588236,544,4.696691176470588
16041.0,31,3,3166.4,3,3,4,334,Others,3166.4,1055.4666666666667,10506.69090909091,110,9.954545454545455
16042.0,22,8,2245.32,4,4,3,443,Champions,2245.32,280.665,1901.4890951276107,431,6.7749419953596295
16043.0,38,8,1856.5900000000001,3,4,3,343,Others,1856.5900000000001,232.07375000000002,1526.2507882882883,444,6.576576576576576
16044.0,435,1,340.84000000000003,1,1,1,111,Lost Customers,340.84000000000003,340.84000000000003,17723.68,1,52.0
16045.0,120,8,3434.9300000000003,2,4,4,244,Others,3434.9300000000003,429.36625000000004,3316.7974867724874,378,7.7248677248677255
16046.0,562,1,235.78,1,1,1,111,Lost Customers,235.78,235.78,12260.56,1,52.0
16047.0,682,1,107.14,1,1,1,111,Lost Customers,107.14,107.14,5571.28,1,52.0
16048.0,373,4,818.7900000000001,2,3,2,232,Others,818.7900000000001,204.69750000000002,1698.058806818182,176,8.295454545454545
16049.0,40,6,1852.15,3,3,3,333,Others,1852.15,308.69166666666666,1423.2310526315787,475,4.610526315789473
16050.0,174,3,300.7,2,3,1,231,Others,300.7,100.23333333333333,483.5044052863437,227,4.823788546255507
16051.0,682,1,188.44,1,1,1,111,Lost Customers,188.44,188.44,9798.88,1,52.0
16052.0,54,1,362.06,3,1,2,312,Potential Loyalist,362.06,362.06,18827.12,1,52.0
16053.0,33,6,3634.84,3,3,4,334,Others,3634.84,605.8066666666667,2295.357439446367,578,3.7889273356401385
16054.0,145,4,2111.88,2,3,3,233,Others,2111.88,527.97,1636.5949044585989,471,3.099787685774947
16055.0,221,1,134.8,2,1,1,211,Others,134.8,134.8,7009.6,1,52.0
16056.0,45,1,650.75,3,1,2,312,Potential Loyalist,650.75,650.75,33839.0,1,52.0
16057.0,16,10,3854.85,4,4,4,444,Champions,3854.85,385.485,2057.047149122807,684,5.33625730994152
16058.0,406,1,62.7,1,1,1,111,Lost Customers,62.7,62.7,3260.4,1,52.0
16059.0,66,12,3053.57,3,4,4,344,Champions,3053.57,254.46416666666667,2215.811232604374,503,8.707753479125248
16060.0,401,3,541.95,1,3,2,132,At Risk,541.95,180.65,2127.008064516129,93,11.774193548387096
16061.0,431,1,89.65,1,1,1,111,Lost Customers,89.65,89.65,4661.8,1,52.0
16062.0,10,8,2863.45,4,4,4,444,Champions,2863.45,357.93125,1986.9947718631176,526,5.551330798479087
16063.0,260,1,335.32,2,1,1,211,Others,335.32,335.32,17436.64,1,52.0
16064.0,725,1,109.31,1,1,1,111,Lost Customers,109.31,109.31,5684.12,1,52.0
16065.0,365,8,1992.13,2,4,3,243,Others,1992.13,249.01625,7496.159278350516,97,30.103092783505154
16066.0,17,5,1521.04,4,3,3,433,Loyal Customers,1521.04,304.20799999999997,5188.594392523363,107,17.056074766355138
16067.0,563,3,3269.11,1,3,4,134,At Risk,3269.11,1089.7033333333334,10653.795982142858,112,9.776785714285714
16068.0,594,1,115.73,1,1,1,111,Lost Customers,115.73,115.73,6017.96,1,52.0
16069.0,418,1,457.7,1,1,2,112,Lost Customers,457.7,457.7,23800.399999999998,1,52.0
16070.0,22,2,852.15,4,2,2,422,Potential Loyalist,852.15,426.075,22155.899999999998,9,52.0
16071.0,45,4,1076.8,3,3,3,333,Others,1076.8,269.2,644.3147540983606,610,2.3934426229508197
16072.0,288,4,4180.09,2,3,4,234,Others,4180.09,1045.0225,5868.20326923077,260,5.615384615384616
16073.0,297,1,122.39999999999999,2,1,1,211,Others,122.39999999999999,122.39999999999999,6364.799999999999,1,52.0
16074.0,390,1,252.5,1,1,1,111,Lost Customers,252.5,252.5,13130.0,1,52.0
16075.0,503,2,736.9300000000001,1,2,2,122,Others,736.9300000000001,368.46500000000003,4409.499180327869,61,11.967213114754097
16076.0,3,10,2234.73,4,4,3,443,Champions,2234.73,223.473,3978.9095121951223,205,17.804878048780488
16077.0,626,1,2300.4,1,1,4,114,Lost Customers,2300.4,2300.4,119620.8,1,52.0
16078.0,284,2,362.99,2,2,2,222,Others,362.99,181.495,344.13337662337665,385,1.896103896103896
16079.0,17,3,1352.0,4,3,3,433,Loyal Customers,1352.0,450.6666666666667,21455.65217391304,23,47.60869565217391
16080.0,82,4,602.5600000000001,3,3,2,332,Others,602.5600000000001,150.64000000000001,597.6478260869566,368,3.9673913043478257
16081.0,56,8,4278.96,3,4,4,344,Champions,4278.96,534.87,2527.2174757281555,618,4.724919093851133
16082.0,670,1,106.75,1,1,1,111,Lost Customers,106.75,106.75,5551.0,1,52.0
16083.0,101,4,2351.42,2,3,4,234,Others,2351.42,587.855,2990.481881533101,287,5.087108013937282
16084.0,299,1,436.18,2,1,2,212,Others,436.18,436.18,22681.36,1,52.0
16085.0,23,12,2341.03,4,4,4,444,Champions,2341.03,195.08583333333334,1286.8613704819277,664,6.596385542168674
16086.0,59,10,2687.73,3,4,4,344,Champions,2687.73,268.773,1449.071565731167,677,5.391432791728213
16087.0,389,5,1739.92,1,3,3,133,At Risk,1739.92,347.98400000000004,2116.9026666666673,300,6.083333333333334
16088.0,576,2,1437.43,1,2,3,123,Others,1437.43,718.715,34977.46333333334,15,48.66666666666667
16089.0,386,2,263.49,1,2,1,121,Others,263.49,131.745,788.3102459016393,122,5.9836065573770485
16090.0,624,1,180.56,1,1,1,111,Lost Customers,180.56,180.56,9389.12,1,52.0
16091.0,155,2,315.06,2,2,1,221,Others,315.06,157.53,2674.3465116279067,43,16.97674418604651
16092.0,115,6,1587.94,2,3,3,233,Others,1587.94,264.6566666666667,1249.1338362068966,464,4.719827586206896
16093.0,107,1,17.0,2,1,1,211,Others,17.0,17.0,884.0,1,52.0
16094.0,12,11,3695.56,4,4,4,444,Champions,3695.56,335.96,2286.2362711864407,590,6.805084745762712
16095.0,456,1,447.05,1,1,2,112,Lost Customers,447.05,447.05,23246.600000000002,1,52.0
16096.0,264,4,1584.97,2,3,3,233,Others,1584.97,396.2425,1522.4053947368423,380,3.842105263157895
16097.0,240,1,185.04999999999998,2,1,1,211,Others,185.04999999999998,185.04999999999998,9622.599999999999,1,52.0
16098.0,88,14,4010.7,3,4,4,344,Champions,4010.7,286.4785714285714,2298.1248037676605,637,8.021978021978022
16099.0,50,7,1573.2,3,4,3,343,Others,1573.2,224.74285714285716,963.4530201342283,596,4.2869127516778525
16100.0,463,1,582.64,1,1,2,112,Lost Customers,582.64,582.64,30297.28,1,52.0
16101.0,71,4,3229.16,3,3,4,334,Others,3229.16,807.29,2405.3946938775507,490,2.9795918367346936
16102.0,42,3,1842.14,3,3,3,333,Others,1842.14,614.0466666666667,7818.384883720932,86,12.732558139534884
16103.0,7,22,6191.71,4,4,4,444,Champions,6191.71,281.44136363636363,3261.1459595959595,693,11.587301587301587
16104.0,62,9,2774.46,3,4,4,344,Champions,2774.46,308.2733333333333,1509.2070044709387,671,4.895678092399404
16105.0,249,5,2386.19,2,3,4,234,Others,2386.19,477.238,2453.4066197183097,355,5.140845070422535
16106.0,66,1,108.38,3,1,1,311,Potential Loyalist,108.38,108.38,5635.76,1,52.0
16107.0,18,7,3204.1600000000003,4,4,4,444,Champions,3204.1600000000003,457.7371428571429,7087.990303030304,165,15.484848484848486
16108.0,85,4,2235.92,3,3,3,333,Others,2235.92,558.98,1494.7084249084248,546,2.673992673992674
16109.0,219,3,939.48,2,3,3,233,Others,939.48,313.16,715.8876826722338,479,2.2860125260960333
16110.0,45,4,1781.59,3,3,3,333,Others,1781.59,445.3975,1363.2711740041927,477,3.0607966457023057
16111.0,428,1,549.33,1,1,2,112,Lost Customers,549.33,549.33,28565.160000000003,1,52.0
16112.0,143,4,195.73999999999998,2,3,1,231,Others,195.73999999999998,48.934999999999995,366.3851282051282,195,7.487179487179487
16113.0,183,1,161.38,2,1,1,211,Others,161.38,161.38,8391.76,1,52.0
16114.0,171,1,135.75000000000003,2,1,1,211,Others,135.75000000000003,135.75000000000003,7059.000000000002,1,52.0
16115.0,10,12,2553.8,4,4,4,444,Champions,2553.8,212.8166666666667,1652.7251773049647,564,7.76595744680851
16116.0,212,1,612.78,2,1,2,212,Others,612.78,612.78,31864.559999999998,1,52.0
16117.0,190,3,654.4,2,3,2,232,Others,654.4,218.13333333333333,595.650872817955,401,2.7306733167082293
16118.0,653,1,4376.25,1,1,4,114,Lost Customers,4376.25,4376.25,227565.0,1,52.0
16119.0,8,8,1720.81,4,4,3,443,Champions,1720.81,215.10125,878.4554545454546,715,4.083916083916084
16120.0,59,6,2967.51,3,3,4,334,Others,2967.51,494.58500000000004,2992.1026243093925,362,6.0497237569060776
16121.0,57,5,1450.04,3,3,3,333,Others,1450.04,290.008,1041.8594488188976,508,3.59251968503937
16122.0,73,6,895.62,3,3,3,333,Others,895.62,149.27,928.6968750000001,352,6.221590909090909
16123.0,52,1,307.78,3,1,1,311,Potential Loyalist,307.78,307.78,16004.559999999998,1,52.0
16124.0,317,4,1772.49,2,3,3,233,Others,1772.49,443.1225,1558.9369879518072,415,3.5180722891566263
16125.0,367,14,4292.35,2,4,4,244,Others,4292.35,306.5964285714286,4376.278631284917,358,14.273743016759777
16126.0,29,15,14644.6,3,4,4,344,Champions,14644.6,976.3066666666667,7549.829096045199,708,7.733050847457627
16127.0,39,2,801.31,3,2,2,322,Potential Loyalist,801.31,400.655,425.7323871906841,687,1.0625909752547307
16128.0,18,11,3801.05,4,4,4,444,Champions,3801.05,345.55,2814.1648073022316,493,8.144016227180527
16129.0,407,3,1396.05,1,3,3,133,At Risk,1396.05,465.34999999999997,5095.5825,100,10.950000000000001
16130.0,422,4,987.48,1,3,3,133,At Risk,987.48,246.87,1848.3600000000001,195,7.487179487179487
16131.0,52,12,9957.42,3,4,4,344,Champions,9957.42,829.785,5298.04416909621,686,6.384839650145772
16132.0,544,2,664.1999999999999,1,2,2,122,Others,664.1999999999999,332.09999999999997,2920.8795180722886,83,8.795180722891565
16133.0,4,56,22992.260000000002,4,4,4,444,Champions,22992.260000000002,410.5760714285715,13668.03729641694,614,33.28990228013029
16134.0,22,5,2145.34,4,3,3,433,Loyal Customers,2145.34,429.06800000000004,1508.7651252408477,519,3.516377649325626
16135.0,263,2,819.45,2,2,2,222,Others,819.45,409.725,931.7733644859813,321,2.2741433021806854
16136.0,60,4,946.8,3,3,3,333,Others,946.8,236.7,573.1044776119403,603,2.4212271973466004
16137.0,680,1,422.7,1,1,2,112,Lost Customers,422.7,422.7,21980.399999999998,1,52.0
16138.0,379,3,910.35,2,3,3,233,Others,910.35,303.45,1567.3478773584907,212,5.165094339622642
16139.0,19,5,1111.15,4,3,3,433,Loyal Customers,1111.15,222.23000000000002,565.6481868898187,717,2.5453277545327753
16140.0,66,3,1433.46,3,3,3,333,Others,1433.46,477.82,1391.5236702127659,376,2.9122340425531914
16141.0,88,2,955.94,3,2,3,323,Potential Loyalist,955.94,477.97,1063.7746951219513,328,2.225609756097561
16142.0,250,1,535.34,2,1,2,212,Others,535.34,535.34,27837.68,1,52.0
16143.0,3,12,4555.08,4,4,4,444,Champions,4555.08,379.59,2290.088429752066,726,6.033057851239669
16144.0,247,1,175.2,2,1,1,211,Others,175.2,175.2,9110.4,1,52.0
16145.0,9,19,6805.4400000000005,4,4,4,444,Champions,6805.4400000000005,358.18105263157895,4319.974956521739,575,12.060869565217391
16146.0,157,4,946.38,2,3,3,233,Others,946.38,236.595,1187.040206185567,291,5.017182130584192
16147.0,134,5,2398.91,2,3,4,234,Others,2398.91,479.782,1627.5132899628254,538,3.392193308550186
16148.0,296,2,386.62,2,2,2,222,Others,386.62,193.31,1007.9735714285715,140,5.214285714285714
16149.0,5,3,422.22,4,3,2,432,Loyal Customers,422.22,140.74,363.4676886792453,424,2.582547169811321
16150.0,43,10,4002.17,3,4,4,344,Champions,4002.17,400.217,2151.3874079528714,679,5.375552282768777
16152.0,269,1,1829.04,2,1,3,213,Others,1829.04,1829.04,95110.08,1,52.0
16153.0,50,11,5133.49,3,4,4,344,Champions,5133.49,466.6809090909091,3659.61689453125,512,7.841796875
16155.0,382,5,796.9,1,3,2,132,At Risk,796.9,159.38,1840.9398734177214,158,11.550632911392405
16156.0,9,20,6188.18,4,4,4,444,Champions,6188.18,309.409,3102.5902472527473,728,10.027472527472527
16157.0,16,3,656.69,4,3,2,432,Loyal Customers,656.69,218.89666666666668,4280.211607142857,56,19.553571428571427
16158.0,522,9,628.32,1,4,2,142,At Risk,628.32,69.81333333333333,1086.9042654028437,211,15.56872037914692
16159.0,282,4,1232.79,2,3,3,233,Others,1232.79,308.1975,988.9414285714284,455,3.2087912087912085
16160.0,65,2,1025.44,3,2,3,323,Potential Loyalist,1025.44,512.72,18714.280000000002,20,36.5
16161.0,2,43,12580.06,4,4,4,444,Champions,12580.06,292.5595348837209,6873.835179640719,668,23.49550898203593
16162.0,252,1,37.4,2,1,1,211,Others,37.4,37.4,1944.8,1,52.0
16163.0,232,6,2407.98,2,3,4,234,Others,2407.98,401.33,1740.4211881188119,505,4.336633663366337
16164.0,17,3,822.48,4,3,2,432,Loyal Customers,822.48,274.16,12008.208000000002,25,43.800000000000004
16165.0,505,1,79.9,1,1,1,111,Lost Customers,79.9,79.9,4154.8,1,52.0
16166.0,428,2,435.83,1,2,2,122,Others,435.83,217.915,604.8591254752852,263,2.7756653992395437
16167.0,414,5,1386.1200000000001,1,3,3,133,At Risk,1386.1200000000001,277.22400000000005,1561.5240740740744,324,5.632716049382716
16168.0,11,66,10360.67,4,4,4,444,Champions,10360.67,156.97984848484847,5208.876790633608,726,33.18181818181818
16169.0,8,4,1822.97,4,3,3,433,Loyal Customers,1822.97,455.7425,9931.105223880597,67,21.791044776119403
16170.0,51,20,6869.0,3,4,4,344,Champions,6869.0,343.45,4123.659539473684,608,12.006578947368421
16171.0,59,1,73.2,3,1,1,311,Potential Loyalist,73.2,73.2,3806.4,1,52.0
16172.0,95,8,1884.55,3,4,3,343,Others,1884.55,235.56875,1649.546163069544,417,7.002398081534771
16173.0,16,6,1418.32,4,3,3,433,Loyal Customers,1418.32,236.38666666666666,6313.253658536585,82,26.70731707317073
16174.0,126,7,2246.75,2,4,3,243,Others,2246.75,320.9642857142857,1722.8230042016808,476,5.36764705882353
16175.0,94,7,1836.44,3,4,3,343,Others,1836.44,262.34857142857146,1429.21236673774,469,5.447761194029851
16176.0,421,4,2052.69,1,3,3,133,At Risk,2052.69,513.1725,3783.9992424242423,198,7.373737373737374
16177.0,50,8,2247.31,3,4,3,343,Others,2247.31,280.91375,1376.2888422818792,596,4.899328859060403
16178.0,138,2,612.6,2,2,2,222,Others,612.6,306.3,850.1863117870722,263,2.7756653992395437
16179.0,61,1,215.83,3,1,1,311,Potential Loyalist,215.83,215.83,11223.16,1,52.0
16180.0,100,13,16249.87,2,4,4,244,Others,16249.87,1249.99,13666.365322580645,434,10.933179723502304
16181.0,73,1,305.54,3,1,1,311,Potential Loyalist,305.54,305.54,15888.080000000002,1,52.0
16182.0,72,9,9971.65,3,4,4,344,Champions,9971.65,1107.961111111111,6407.838468309858,568,5.783450704225352
16183.0,67,4,1077.81,3,3,3,333,Others,1077.81,269.4525,1157.0607352941176,340,4.294117647058823
16184.0,64,6,1158.79,3,3,3,333,Others,1158.79,193.13166666666666,2877.26768707483,147,14.89795918367347
16185.0,17,3,644.72,4,3,2,432,Loyal Customers,644.72,214.90666666666667,430.2062157221207,547,2.0018281535648996
16186.0,23,26,8718.43,4,4,4,444,Champions,8718.43,335.3242307692308,4501.028217821782,707,13.422913719943423
16187.0,32,15,6911.4400000000005,3,4,4,344,Champions,6911.4400000000005,460.7626666666667,10010.61746031746,252,21.726190476190474
16188.0,45,5,1087.66,3,3,3,333,Others,1087.66,217.532,1090.648076923077,364,5.013736263736264
16189.0,16,2,215.48,4,2,1,421,Potential Loyalist,215.48,107.74,1139.8579710144927,69,10.579710144927537
16190.0,40,8,2723.55,3,4,4,344,Champions,2723.55,340.44375,1451.234671532847,685,4.262773722627737
16191.0,3,24,15677.82,4,4,4,444,Champions,15677.82,653.2425,7892.971448275862,725,12.082758620689656
16192.0,736,1,351.3,1,1,2,112,Lost Customers,351.3,351.3,18267.600000000002,1,52.0
16193.0,237,2,630.43,2,2,2,222,Others,630.43,315.215,1322.453735632184,174,4.195402298850575
16194.0,375,1,308.59999999999997,2,1,1,211,Others,308.59999999999997,308.59999999999997,16047.199999999999,1,52.0
16195.0,723,1,323.25,1,1,1,111,Lost Customers,323.25,323.25,16809.0,1,52.0
16196.0,489,1,93.3,1,1,1,111,Lost Customers,93.3,93.3,4851.599999999999,1,52.0
16197.0,469,9,2016.71,1,4,3,143,At Risk,2016.71,224.07888888888888,2898.028149606299,254,12.933070866141732
16198.0,75,2,1030.0410000000002,3,2,3,323,Potential Loyalist,1030.0410000000002,515.0205000000001,1038.5772513812158,362,2.016574585635359
16199.0,392,7,942.75,1,4,3,143,At Risk,942.75,134.67857142857142,1445.814075630252,238,10.73529411764706
16200.0,4,12,5608.1,4,4,4,444,Champions,5608.1,467.3416666666667,2796.3886612021856,732,5.9836065573770485
16201.0,3,5,2112.12,4,3,3,433,Loyal Customers,2112.12,422.424,1871.1742718446599,412,4.429611650485437
16202.0,361,9,2501.9900000000002,2,4,4,244,Others,2501.9900000000002,277.9988888888889,2428.7934840425537,376,8.736702127659575
16203.0,59,6,943.84,3,3,3,333,Others,943.84,157.30666666666667,774.1608988764045,445,4.921348314606742
16204.0,23,3,918.71,4,3,3,433,Loyal Customers,918.71,306.2366666666667,474.2986562942009,707,1.5487977369165489
16205.0,31,7,1820.1100000000001,3,4,3,343,Others,1820.1100000000001,260.0157142857143,1300.0785714285714,511,5.0
16206.0,55,13,2589.87,3,4,4,344,Champions,2589.87,199.22076923076924,1502.8657392686805,629,7.543720190779014
16207.0,25,1,394.38,4,1,2,412,Potential Loyalist,394.38,394.38,20507.76,1,52.0
16208.0,45,10,3440.45,3,4,4,344,Champions,3440.45,344.04499999999996,2065.401726973684,608,6.003289473684211
16209.0,89,9,4146.78,3,4,4,344,Champions,4146.78,460.75333333333333,3304.748253275109,458,7.172489082969433
16210.0,2,35,33750.97,4,4,4,444,Champions,33750.97,964.3134285714286,16760.685782312925,735,17.38095238095238
16211.0,89,3,1090.59,3,3,3,333,Others,1090.59,363.53,1140.5883954154729,349,3.1375358166189113
16212.0,19,4,1293.71,4,3,3,433,Loyal Customers,1293.71,323.4275,726.4679230769231,650,2.246153846153846
16213.0,79,1,159.0,3,1,1,311,Potential Loyalist,159.0,159.0,8268.0,1,52.0
16214.0,171,4,2038.25,2,3,3,233,Others,2038.25,509.5625,2818.035037878788,264,5.53030303030303
16215.0,81,1,242.35,3,1,1,311,Potential Loyalist,242.35,242.35,12602.199999999999,1,52.0
16216.0,267,1,914.9300000000001,2,1,3,213,Others,914.9300000000001,914.9300000000001,47576.36,1,52.0
16217.0,235,2,304.25,2,2,1,221,Others,304.25,152.125,2414.157608695652,46,15.869565217391303
16218.0,30,13,3968.67,3,4,4,344,Champions,3968.67,305.2823076923077,2727.9935028248588,531,8.935969868173258
16219.0,501,1,40.8,1,1,1,111,Lost Customers,40.8,40.8,2121.6,1,52.0
16221.0,37,9,2019.92,3,4,3,343,Others,2019.92,224.43555555555557,1642.0285077951005,449,7.316258351893096
16222.0,318,2,1272.05,2,2,3,223,Others,1272.05,636.025,1154.9707711442786,402,1.8159203980099503
16223.0,375,2,1087.05,2,2,3,223,Others,1087.05,543.525,19838.6625,20,36.5
16224.0,57,5,1616.54,3,3,3,333,Others,1616.54,323.308,1787.9912121212121,330,5.53030303030303
16225.0,45,15,2859.31,3,4,4,344,Champions,2859.31,190.62066666666666,1669.83704,625,8.76
16226.0,203,5,672.1700000000001,2,3,2,232,Others,672.1700000000001,134.43400000000003,1168.2954761904766,210,8.690476190476192
16227.0,225,3,1027.22,2,3,3,233,Others,1027.22,342.4066666666667,1209.4687096774196,310,3.5322580645161294
16228.0,385,3,885.71,1,3,3,133,At Risk,885.71,295.2366666666667,15352.306666666667,14,52.0
16229.0,87,6,2867.86,3,3,4,334,Others,2867.86,477.9766666666667,2194.4840670859535,477,4.5911949685534585
16230.0,190,2,542.03,2,2,2,222,Others,542.03,271.015,6594.698333333334,30,24.333333333333336
16231.0,379,4,1074.47,2,3,3,233,Others,1074.47,268.6175,1798.9979357798165,218,6.697247706422019
16232.0,44,7,2712.97,3,4,4,344,Champions,2712.97,387.5671428571428,1956.9842885375492,506,5.049407114624506
16233.0,71,9,1818.31,3,4,3,343,Others,1818.31,202.03444444444443,996.5212462462462,666,4.9324324324324325
16234.0,476,3,333.18,1,3,1,131,At Risk,333.18,111.06,1430.7141176470589,85,12.882352941176471
16235.0,41,9,2053.71,3,4,3,343,Others,2053.71,228.19,1747.329020979021,429,7.6573426573426575
16236.0,78,1,432.2,3,1,2,312,Potential Loyalist,432.2,432.2,22474.399999999998,1,52.0
16237.0,437,1,136.65,1,1,1,111,Lost Customers,136.65,136.65,7105.8,1,52.0
16238.0,423,1,63.66,1,1,1,111,Lost Customers,63.66,63.66,3310.3199999999997,1,52.0
16239.0,57,6,1492.2,3,3,3,333,Others,1492.2,248.70000000000002,1341.5098522167486,406,5.394088669950738
16240.0,24,2,3718.8,4,2,4,424,Potential Loyalist,3718.8,1859.4,25610.60377358491,53,13.773584905660378
16241.0,10,16,3992.86,4,4,4,444,Champions,3992.86,249.55375,3643.4847500000005,400,14.600000000000001
16242.0,8,14,7404.65,4,4,4,444,Champions,7404.65,528.9035714285714,4324.3156,625,8.176
16243.0,34,2,409.1,3,2,2,322,Potential Loyalist,409.1,204.55,7110.547619047619,21,34.76190476190476
16244.0,212,2,1522.75,2,2,3,223,Others,1522.75,761.375,3473.7734375,160,4.5625
16245.0,24,3,1413.66,4,3,3,433,Loyal Customers,1413.66,471.22,2214.5317596566524,233,4.6995708154506435
16246.0,460,2,821.35,1,2,2,122,Others,821.35,410.675,1434.415071770335,209,3.4928229665071773
16247.0,170,1,114.56,2,1,1,211,Others,114.56,114.56,5957.12,1,52.0
16248.0,62,1,152.94,3,1,1,311,Potential Loyalist,152.94,152.94,7952.88,1,52.0
16249.0,53,5,1800.07,3,3,3,333,Others,1800.07,360.014,3532.3954301075264,186,9.811827956989246
16250.0,261,3,565.24,2,3,2,232,Others,565.24,188.41333333333333,1650.5007999999998,125,8.76
16251.0,512,1,128.31,1,1,1,111,Lost Customers,128.31,128.31,6672.12,1,52.0
16252.0,383,1,295.09000000000003,1,1,1,111,Lost Customers,295.09000000000003,295.09000000000003,15344.680000000002,1,52.0
16253.0,67,7,7272.2,3,4,4,344,Champions,7272.2,1038.8857142857144,3997.519578313253,664,3.84789156626506
16254.0,378,3,967.44,2,3,3,233,Others,967.44,322.48,1395.7138339920948,253,4.328063241106719
16255.0,17,15,4530.0,4,4,4,444,Champions,4530.0,302.0,2475.2245508982037,668,8.196107784431138
16256.0,267,3,1629.37,2,3,3,233,Others,1629.37,543.1233333333333,1796.7373111782476,331,3.308157099697885
16257.0,177,1,46.95,2,1,1,211,Others,46.95,46.95,2441.4,1,52.0
16258.0,45,15,11942.52,3,4,4,344,Champions,11942.52,796.168,7350.792242833051,593,9.232715008431702
16259.0,410,3,340.94,1,3,1,131,At Risk,340.94,113.64666666666666,641.4592783505153,194,5.644329896907216
16260.0,51,1,1035.45,3,1,3,313,Potential Loyalist,1035.45,1035.45,53843.4,1,52.0
16261.0,17,6,1041.16,4,3,3,433,Loyal Customers,1041.16,173.52666666666667,894.1727058823531,425,5.152941176470589
16262.0,378,1,755.15,2,1,2,212,Others,755.15,755.15,39267.799999999996,1,52.0
16263.0,423,1,348.16,1,1,2,112,Lost Customers,348.16,348.16,18104.32,1,52.0
16264.0,438,2,823.53,1,2,2,122,Others,823.53,411.765,21411.78,7,52.0
16265.0,9,12,6935.17,4,4,4,444,Champions,6935.17,577.9308333333333,6360.143341708543,398,11.00502512562814
16266.0,74,14,1757.95,3,4,3,343,Others,1757.95,125.56785714285715,1071.2049248747915,599,8.530884808013356
16267.0,591,1,186.66,1,1,1,111,Lost Customers,186.66,186.66,9706.32,1,52.0
16268.0,71,2,667.65,3,2,2,322,Potential Loyalist,667.65,333.825,17358.899999999998,1,52.0
16269.0,438,1,717.57,1,1,2,112,Lost Customers,717.57,717.57,37313.64,1,52.0
16270.0,353,1,1141.24,2,1,3,213,Others,1141.24,1141.24,59344.48,1,52.0
16271.0,3,10,3397.82,4,4,4,444,Champions,3397.82,339.78200000000004,1937.8192187500001,640,5.703125
16272.0,117,1,411.7,2,1,2,212,Others,411.7,411.7,21408.399999999998,1,52.0
16273.0,648,2,318.34000000000003,1,2,1,121,Others,318.34000000000003,159.17000000000002,8276.84,7,52.0
16274.0,373,1,351.75,2,1,2,212,Others,351.75,351.75,18291.0,1,52.0
16275.0,197,3,2151.11,2,3,3,233,Others,2151.11,717.0366666666667,1768.3674549549548,444,2.466216216216216
16276.0,177,3,2629.3900000000003,2,3,4,234,Others,2629.3900000000003,876.4633333333335,2231.9240697674422,430,2.546511627906977
16277.0,734,1,188.69,1,1,1,111,Lost Customers,188.69,188.69,9811.88,1,52.0
16278.0,100,3,1117.84,2,3,3,233,Others,1117.84,372.6133333333333,1022.5854636591478,399,2.744360902255639
16279.0,21,9,5698.28,4,4,4,444,Champions,5698.28,633.1422222222222,3617.169043478261,575,5.713043478260869
16280.0,725,1,238.05,1,1,1,111,Lost Customers,238.05,238.05,12378.6,1,52.0
16281.0,72,3,3424.02,3,3,4,334,Others,3424.02,1141.34,2048.798852459016,610,1.7950819672131146
16282.0,340,3,1307.58,2,3,3,233,Others,1307.58,435.85999999999996,1262.6103174603172,378,2.8968253968253967
16283.0,6,8,4350.32,4,4,4,444,Champions,4350.32,543.79,2469.4662519440126,643,4.541213063763609
16284.0,31,3,1018.48,3,3,3,333,Others,1018.48,339.49333333333334,1026.9204419889504,362,3.0248618784530388
16285.0,646,1,176.9,1,1,1,111,Lost Customers,176.9,176.9,9198.800000000001,1,52.0
16286.0,477,2,328.95,1,2,1,121,Others,328.95,164.475,822.375,146,5.0
16287.0,170,5,1006.98,2,3,3,233,Others,1006.98,201.39600000000002,708.1843930635838,519,3.516377649325626
16288.0,470,1,129.85,1,1,1,111,Lost Customers,129.85,129.85,6752.2,1,52.0
16289.0,462,1,136.31,1,1,1,111,Lost Customers,136.31,136.31,7088.12,1,52.0
16290.0,465,4,1957.7,1,3,3,133,At Risk,1957.7,489.425,7074.856435643565,101,14.455445544554458
16291.0,682,1,117.72,1,1,1,111,Lost Customers,117.72,117.72,6121.44,1,52.0
16292.0,122,5,1253.76,2,3,3,233,Others,1253.76,250.752,949.4240663900416,482,3.786307053941909
16293.0,22,15,4279.2,4,4,4,444,Champions,4279.2,285.28,2209.2050919377652,707,7.743988684582744
16294.0,477,1,126.05000000000001,1,1,1,111,Lost Customers,126.05000000000001,126.05000000000001,6554.6,1,52.0
16295.0,10,4,1328.55,4,3,3,433,Loyal Customers,1328.55,332.1375,8980.013888888889,54,27.037037037037038
16296.0,626,4,1313.67,1,3,3,133,At Risk,1313.67,328.4175,5047.258421052632,95,15.36842105263158
16297.0,269,1,301.9,2,1,1,211,Others,301.9,301.9,15698.8,1,52.0
16298.0,23,7,1085.7,4,4,3,443,Champions,1085.7,155.1,945.7768496420047,419,6.097852028639617
16299.0,477,1,193.65,1,1,1,111,Lost Customers,193.65,193.65,10069.800000000001,1,52.0
16300.0,430,3,1367.32,1,3,3,133,At Risk,1367.32,455.7733333333333,2037.0277551020406,245,4.469387755102041
16301.0,737,1,107.33,1,1,1,111,Lost Customers,107.33,107.33,5581.16,1,52.0
16302.0,127,1,233.22,2,1,1,211,Others,233.22,233.22,12127.44,1,52.0
16303.0,26,7,7928.27,4,4,4,444,Champions,7928.27,1132.6100000000001,4783.171157024794,605,4.223140495867769
16304.0,695,1,381.66,1,1,2,112,Lost Customers,381.66,381.66,19846.32,1,52.0
16305.0,139,1,361.21999999999997,2,1,2,212,Others,361.21999999999997,361.21999999999997,18783.44,1,52.0
16306.0,214,7,1124.72,2,4,3,243,Others,1124.72,160.67428571428573,1857.5692307692311,221,11.56108597285068
16307.0,429,3,1194.92,1,3,3,133,At Risk,1194.92,398.3066666666667,2966.978231292517,147,7.448979591836735
16308.0,38,7,5120.0,3,4,4,344,Champions,5120.0,731.4285714285714,2724.198250728863,686,3.7244897959183674
16309.0,106,2,706.57,2,2,2,222,Others,706.57,353.285,1924.612313432836,134,5.447761194029851
16310.0,414,2,460.08,1,2,2,122,Others,460.08,230.04,739.7762114537445,227,3.2158590308370045
16311.0,18,2,616.26,4,2,2,422,Potential Loyalist,616.26,308.13,7255.964516129033,31,23.548387096774196
16312.0,432,1,171.15,1,1,1,111,Lost Customers,171.15,171.15,8899.800000000001,1,52.0
16313.0,3,2,274.15000000000003,4,2,1,421,Potential Loyalist,274.15000000000003,137.07500000000002,2175.320652173913,46,15.869565217391303
16314.0,390,3,1491.4,1,3,3,133,At Risk,1491.4,497.1333333333334,6558.566265060241,83,13.192771084337348
16315.0,331,2,402.71,2,2,2,222,Others,402.71,201.355,717.020243902439,205,3.5609756097560976
16316.0,64,13,5744.91,3,4,4,344,Champions,5744.91,441.91615384615386,4899.280724299065,428,11.08644859813084
16317.0,120,5,2192.51,2,3,3,233,Others,2192.51,438.50200000000007,1721.0024731182798,465,3.924731182795699
16318.0,35,1,328.15,3,1,1,311,Potential Loyalist,328.15,328.15,17063.8,1,52.0
16319.0,218,1,404.40000000000003,2,1,2,212,Others,404.40000000000003,404.40000000000003,21028.800000000003,1,52.0
16320.0,172,6,5628.99,2,3,4,234,Others,5628.99,938.165,4036.5055992141456,509,4.302554027504912
16321.0,72,7,604.5500000000001,3,4,2,342,Others,604.5500000000001,86.36428571428573,331.3224474474475,666,3.8363363363363363
16322.0,1,2,326.75,4,2,1,421,Potential Loyalist,326.75,163.375,3407.535714285714,35,20.857142857142858
16323.0,196,2,353.66,2,2,2,222,Others,353.66,176.83,338.80813648293963,381,1.916010498687664
16324.0,128,3,408.59000000000003,2,3,2,232,Others,408.59000000000003,136.1966666666667,3106.986458333334,48,22.812500000000004
16325.0,47,12,3597.5,3,4,4,344,Champions,3597.5,299.7916666666667,1908.5574127906978,688,6.366279069767442
16326.0,6,24,4721.25,4,4,4,444,Champions,4721.25,196.71875,2556.7600148367956,674,12.997032640949556
16327.0,14,16,10159.64,4,4,4,444,Champions,10159.64,634.9775,5215.567651195499,711,8.213783403656821
16328.0,563,1,310.83,1,1,1,111,Lost Customers,310.83,310.83,16163.16,1,52.0
16329.0,428,4,1664.92,1,3,3,133,At Risk,1664.92,416.23,1954.0057877813504,311,4.694533762057877
16330.0,18,7,625.38,4,4,2,442,Loyal Customers,625.38,89.34,354.44673913043476,644,3.9673913043478257
16331.0,432,6,2037.7,1,3,3,133,At Risk,2037.7,339.6166666666667,3541.7166666666667,210,10.428571428571429
16332.0,28,11,2000.01,3,4,3,343,Others,2000.01,181.8190909090909,1301.2542780748663,561,7.1568627450980395
16333.0,8,22,26626.8,4,4,4,444,Champions,26626.8,1210.3090909090909,32181.39735099337,302,26.58940397350993
16334.0,492,1,263.73,1,1,1,111,Lost Customers,263.73,263.73,13713.960000000001,1,52.0
16335.0,552,7,2753.52,1,4,4,144,At Risk,2753.52,393.36,5462.145652173913,184,13.88586956521739
16336.0,421,4,3517.69,1,3,4,134,At Risk,3517.69,879.4225,6085.103554502371,211,6.919431279620854
16337.0,37,1,151.05,3,1,1,311,Potential Loyalist,151.05,151.05,7854.6,1,52.0
16338.0,157,1,214.79999999999998,2,1,1,211,Others,214.79999999999998,214.79999999999998,11169.599999999999,1,52.0
16339.0,284,1,94.05,2,1,1,211,Others,94.05,94.05,4890.599999999999,1,52.0
16340.0,107,3,1496.24,2,3,3,233,Others,1496.24,498.74666666666667,1230.0171171171169,444,2.466216216216216
16341.0,25,7,3850.79,4,4,4,444,Champions,3850.79,550.1128571428571,2406.74375,584,4.375
16342.0,75,4,322.41,3,3,1,331,Others,322.41,80.6025,1131.5350961538463,104,14.038461538461538
16343.0,16,3,614.12,4,3,2,432,Loyal Customers,614.12,204.70666666666668,573.2833759590794,391,2.800511508951407
16344.0,158,4,842.42,2,3,2,232,Others,842.42,210.605,602.908431372549,510,2.8627450980392157
16345.0,44,2,1178.79,3,2,3,323,Potential Loyalist,1178.79,589.395,982.325,438,1.6666666666666667
16346.0,385,1,224.51,1,1,1,111,Lost Customers,224.51,224.51,11674.52,1,52.0
16347.0,11,11,3442.96,4,4,4,444,Champions,3442.96,312.99636363636364,2007.476677316294,626,6.413738019169329
16348.0,32,8,1744.42,3,4,3,343,Others,1744.42,218.0525,1599.7821608040201,398,7.336683417085427
16349.0,291,1,53.5,2,1,1,211,Others,53.5,53.5,2782.0,1,52.0
16350.0,21,9,2253.89,4,4,4,444,Champions,2253.89,250.4322222222222,2026.2804187192116,406,8.091133004926109
16351.0,333,13,3330.0299999999997,2,4,4,244,Others,3330.0299999999997,256.1561538461538,3023.534701492537,402,11.803482587064677
16352.0,18,2,494.44,4,2,2,422,Potential Loyalist,494.44,247.22,9023.53,20,36.5
16353.0,4,38,9795.460000000001,4,4,4,444,Champions,9795.460000000001,257.77526315789476,4911.185302197803,728,19.052197802197803
16354.0,63,5,1119.46,3,3,3,333,Others,1119.46,223.892,773.8691287878788,528,3.456439393939394
16355.0,375,1,416.35,2,1,2,212,Others,416.35,416.35,21650.2,1,52.0
16356.0,198,6,415.87,2,3,2,232,Others,415.87,69.31166666666667,428.79251412429375,354,6.186440677966101
16357.0,33,4,868.37,3,3,3,333,Others,868.37,217.0925,913.4151296829972,347,4.207492795389049
16358.0,1,5,2919.65,4,3,4,434,Champions,2919.65,583.9300000000001,2711.6342239185756,393,4.643765903307888
16359.0,7,16,2697.75,4,4,4,444,Champions,2697.75,168.609375,1505.625,654,8.929663608562691
16360.0,5,6,3450.41,4,3,4,434,Champions,3450.41,575.0683333333333,15173.489759036142,83,26.385542168674696
16361.0,10,4,891.21,4,3,3,433,Loyal Customers,891.21,222.8025,5332.65,61,23.934426229508194
16362.0,32,6,922.16,3,3,3,333,Others,922.16,153.69333333333333,831.0824691358024,405,5.407407407407407
16363.0,53,1,109.36000000000001,3,1,1,311,Potential Loyalist,109.36000000000001,109.36000000000001,5686.720000000001,1,52.0
16364.0,12,2,705.79,4,2,2,422,Potential Loyalist,705.79,352.895,2060.9068,125,5.840000000000001
16365.0,18,15,3167.34,4,4,4,444,Champions,3167.34,211.156,1628.2804225352113,710,7.711267605633803
16366.0,19,4,1548.1299999999999,4,3,3,433,Loyal Customers,1548.1299999999999,387.03249999999997,802.652627840909,704,2.0738636363636362
16367.0,37,3,1350.48,3,3,3,333,Others,1350.48,450.16,1428.7686956521738,345,3.1739130434782608
16368.0,2,3,621.44,4,3,2,432,Loyal Customers,621.44,207.14666666666668,523.846651270208,433,2.5288683602771367
16369.0,18,7,2656.56,4,4,4,444,Champions,2656.56,379.50857142857143,1637.9128378378377,592,4.315878378378378
16370.0,82,4,1301.91,3,3,3,333,Others,1301.91,325.4775,3346.4588028169014,142,10.28169014084507
16371.0,449,1,157.2,1,1,1,111,Lost Customers,157.2,157.2,8174.4,1,52.0
16372.0,33,5,1290.31,3,3,3,333,Others,1290.31,258.062,821.9252181500873,573,3.1849912739965096
16373.0,382,2,309.49,1,2,1,121,Others,309.49,154.745,3895.3051724137927,29,25.172413793103445
16374.0,66,5,1723.4,3,3,3,333,Others,1723.4,344.68,1205.0593869731802,522,3.4961685823754793
16375.0,470,2,104.0,1,2,1,121,Others,104.0,52.0,2704.0,1,52.0
16376.0,9,2,974.96,4,2,3,423,Potential Loyalist,974.96,487.48,25348.96,8,52.0
16377.0,267,2,1308.48,2,2,3,223,Others,1308.48,654.24,1364.5577142857144,350,2.085714285714286
16378.0,247,3,362.95,2,3,2,232,Others,362.95,120.98333333333333,2102.805555555555,63,17.38095238095238
16379.0,4,4,2157.4,4,3,3,433,Loyal Customers,2157.4,539.35,10641.22972972973,74,19.72972972972973
16380.0,61,1,1743.1499999999999,3,1,3,313,Potential Loyalist,1743.1499999999999,1743.1499999999999,90643.79999999999,1,52.0
16381.0,396,2,247.85,1,2,1,121,Others,247.85,123.925,4112.056818181818,22,33.18181818181818
16382.0,408,2,353.1,1,2,2,122,Others,353.1,176.55,907.6161971830986,142,5.140845070422535
16383.0,75,7,2896.69,3,4,4,344,Champions,2896.69,413.8128571428571,1768.0465719063545,598,4.2725752508361206
16384.0,90,4,1358.95,3,3,3,333,Others,1358.95,339.7375,992.0335000000001,500,2.9200000000000004
16385.0,60,5,881.35,3,3,3,333,Others,881.35,176.27,563.3848511383538,571,3.19614711033275
16386.0,29,3,1068.16,3,3,3,333,Others,1068.16,356.05333333333334,1086.0122562674096,359,3.050139275766017
16387.0,323,5,882.46,2,3,3,233,Others,882.46,176.49200000000002,1022.533015873016,315,5.7936507936507935
16388.0,654,1,186.05,1,1,1,111,Lost Customers,186.05,186.05,9674.6,1,52.0
16389.0,53,4,1382.07,3,3,3,333,Others,1382.07,345.5175,2202.8626637554585,229,6.3755458515283845
16390.0,537,3,467.5,1,3,2,132,At Risk,467.5,155.83333333333334,1201.6725352112678,142,7.711267605633803
16391.0,401,4,1052.26,1,3,3,133,At Risk,1052.26,263.065,2385.5583850931675,161,9.068322981366459
16392.0,270,3,756.7,2,3,2,232,Others,756.7,252.23333333333335,945.875,292,3.75
16393.0,2,23,5297.77,4,4,4,444,Champions,5297.77,230.33782608695654,2627.290828804348,736,11.40625
16394.0,57,5,1555.34,3,3,3,333,Others,1555.34,311.068,2446.9788793103444,232,7.8663793103448265
16395.0,61,14,3518.41,3,4,4,344,Champions,3518.41,251.315,1908.201560178306,673,7.592867756315007
16396.0,476,1,137.8,1,1,1,111,Lost Customers,137.8,137.8,7165.6,1,52.0
16397.0,628,1,123.13,1,1,1,111,Lost Customers,123.13,123.13,6402.76,1,52.0
16398.0,154,2,1705.8,2,2,3,223,Others,1705.8,852.9,6289.060606060606,99,7.373737373737374
16399.0,19,3,630.22,4,3,2,432,Loyal Customers,630.22,210.07333333333335,621.7035135135135,370,2.959459459459459
16400.0,95,9,3059.85,3,4,4,344,Champions,3059.85,339.98333333333335,1756.045990566038,636,5.165094339622642
16401.0,1,23,6849.15,4,4,4,444,Champions,6849.15,297.7891304347826,4512.526624548736,554,15.153429602888087
16402.0,265,2,293.45,2,2,1,221,Others,293.45,146.725,1029.8966346153845,104,7.019230769230769
16403.0,312,1,177.5,2,1,1,211,Others,177.5,177.5,9230.0,1,52.0
16404.0,70,1,443.05,3,1,2,312,Potential Loyalist,443.05,443.05,23038.600000000002,1,52.0
16405.0,302,2,167.25,2,2,1,221,Others,167.25,83.625,4348.5,7,52.0
16406.0,19,3,528.36,4,3,2,432,Loyal Customers,528.36,176.12,303.7029921259842,635,1.7244094488188975
16407.0,13,14,2761.65,4,4,4,444,Champions,2761.65,197.2607142857143,2405.7332935560858,419,12.195704057279235
16408.0,591,1,231.93,1,1,1,111,Lost Customers,231.93,231.93,12060.36,1,52.0
16409.0,36,12,5652.74,3,4,4,344,Champions,5652.74,471.06166666666667,2990.217536231884,690,6.3478260869565215
16410.0,734,1,130.32,1,1,1,111,Lost Customers,130.32,130.32,6776.639999999999,1,52.0
16411.0,19,4,756.39,4,3,2,432,Loyal Customers,756.39,189.0975,676.6724264705882,408,3.5784313725490193
16412.0,54,5,593.19,3,3,2,332,Others,593.19,118.638,349.78085621970916,619,2.948303715670436
16413.0,57,2,522.03,3,2,2,322,Potential Loyalist,522.03,261.015,599.1853773584905,318,2.2955974842767297
16414.0,22,5,551.21,4,3,2,432,Loyal Customers,551.21,110.242,299.39233630952384,672,2.7157738095238098
16415.0,44,3,696.76,3,3,2,332,Others,696.76,232.25333333333333,402.4009493670886,632,1.7325949367088607
16416.0,27,9,2957.88,3,4,4,344,Champions,2957.88,328.65333333333336,1719.1500000000003,628,5.230891719745223
16417.0,493,1,35.7,1,1,1,111,Lost Customers,35.7,35.7,1856.4,1,52.0
16418.0,45,5,1028.74,3,3,3,333,Others,1028.74,205.748,993.3600529100529,378,4.828042328042328
16419.0,113,8,1463.7,2,4,3,243,Others,1463.7,182.9625,962.6135135135135,555,5.261261261261261
16420.0,396,1,75.0,1,1,1,111,Lost Customers,75.0,75.0,3900.0,1,52.0
16421.0,376,3,526.27,2,3,2,232,Others,526.27,175.42333333333332,2065.4682795698923,93,11.774193548387096
16422.0,17,109,61920.87,4,4,4,444,Champions,61920.87,568.081376146789,29540.23155963303,679,52.0
16423.0,25,1,346.12,4,1,2,412,Potential Loyalist,346.12,346.12,17998.24,1,52.0
16424.0,191,2,443.06,2,2,2,222,Others,443.06,221.53,846.6853403141362,191,3.821989528795812
16425.0,302,1,302.7,2,1,1,211,Others,302.7,302.7,15740.4,1,52.0
16426.0,2,10,1863.76,4,4,3,443,Champions,1863.76,186.376,2491.8402930402926,273,13.369963369963369
16427.0,263,2,241.06,2,2,1,221,Others,241.06,120.53,4189.85238095238,21,34.76190476190476
16428.0,414,3,638.49,1,3,2,132,At Risk,638.49,212.83,2774.3910714285716,84,13.035714285714286
16429.0,106,1,284.55,2,1,1,211,Others,284.55,284.55,14796.6,1,52.0
16430.0,57,7,1117.94,3,4,3,343,Others,1117.94,159.7057142857143,653.9232371794872,624,4.094551282051282
16431.0,213,3,623.28,2,3,2,232,Others,623.28,207.76,2708.3,84,13.035714285714286
16432.0,64,1,287.4,3,1,1,311,Potential Loyalist,287.4,287.4,14944.8,1,52.0
16433.0,28,2,384.52,3,2,2,322,Potential Loyalist,384.52,192.26,369.3415789473684,380,1.9210526315789476
16434.0,29,12,2673.69,3,4,4,344,Champions,2673.69,222.8075,1476.3946293494705,661,6.626323751891074
16435.0,512,3,1003.0699999999999,1,3,3,133,At Risk,1003.0699999999999,334.3566666666666,17386.546666666665,2,52.0
16436.0,668,3,319.14,1,3,1,131,At Risk,319.14,106.38,1820.0953124999999,64,17.109375
16437.0,381,2,301.25,1,2,1,121,Others,301.25,150.625,2290.7552083333335,48,15.208333333333336
16438.0,6,5,798.35,4,3,2,432,Loyal Customers,798.35,159.67000000000002,3834.180921052632,76,24.013157894736842
16439.0,722,1,310.70000000000005,1,1,1,111,Lost Customers,310.70000000000005,310.70000000000005,16156.400000000001,1,52.0
16440.0,8,6,3856.9700000000003,4,3,4,434,Champions,3856.9700000000003,642.8283333333334,2896.695576131687,486,4.506172839506172
16441.0,67,5,1019.13,3,3,3,333,Others,1019.13,203.826,665.4426654740608,559,3.264758497316637
16442.0,2,5,891.98,4,3,3,433,Loyal Customers,891.98,178.39600000000002,449.0657931034483,725,2.5172413793103448
16443.0,521,1,162.24,1,1,1,111,Lost Customers,162.24,162.24,8436.48,1,52.0
16444.0,46,17,3625.88,3,4,4,344,Champions,3625.88,213.2870588235294,2289.6993079584777,578,10.73529411764706
16445.0,34,4,583.16,3,3,2,332,Others,583.16,145.79,564.5978779840848,377,3.8726790450928377
16446.0,1,2,168472.5,4,2,4,424,Potential Loyalist,168472.5,84236.25,301433.63970588235,204,3.5784313725490193
16447.0,136,3,727.1,2,3,2,232,Others,727.1,242.36666666666667,506.47232824427476,524,2.0896946564885495
16448.0,198,2,361.12,2,2,2,222,Others,361.12,180.56,484.5911764705882,272,2.6838235294117645
16449.0,198,2,707.69,2,2,2,222,Others,707.69,353.845,3150.083536585366,82,8.902439024390244
16450.0,150,3,1505.73,2,3,3,233,Others,1505.73,501.91,1086.1491106719366,506,2.1640316205533594
16451.0,88,3,1013.15,3,3,3,333,Others,1013.15,337.71666666666664,571.5606646058732,647,1.6924265842349304
16452.0,631,2,332.17,1,2,1,121,Others,332.17,166.085,1924.4769841269842,63,11.587301587301587
16453.0,531,2,251.71,1,2,1,121,Others,251.71,125.855,5404.361764705882,17,42.94117647058823
16454.0,45,4,30.950000000000003,3,3,1,331,Others,30.950000000000003,7.737500000000001,19.958922261484098,566,2.5795053003533566
16455.0,64,11,3995.57,3,4,4,344,Champions,3995.57,363.2336363636364,2622.991097122302,556,7.221223021582734
16456.0,99,13,6000.94,2,4,4,244,Others,6000.94,461.6107692307692,4204.113435700576,521,9.107485604606525
16457.0,218,1,208.36,2,1,1,211,Others,208.36,208.36,10834.720000000001,1,52.0
16458.0,3,30,5690.89,4,4,4,444,Champions,5690.89,189.69633333333334,3715.8762969588556,559,19.58855098389982
16459.0,730,1,71.78999999999999,1,1,1,111,Lost Customers,71.78999999999999,71.78999999999999,3733.0799999999995,1,52.0
16460.0,28,3,811.23,3,3,2,332,Others,811.23,270.41,5586.772641509435,53,20.660377358490567
16461.0,178,3,1545.83,2,3,3,233,Others,1545.83,515.2766666666666,1205.6152777777775,468,2.3397435897435894
16462.0,74,3,136.0,3,3,1,331,Others,136.0,45.333333333333336,236.3809523809524,210,5.214285714285714
16463.0,21,4,1422.4,4,3,3,433,Loyal Customers,1422.4,355.6,2852.6153846153848,182,8.021978021978022
16464.0,20,3,1298.66,4,3,3,433,Loyal Customers,1298.66,432.8866666666667,3885.3352459016396,122,8.975409836065573
16465.0,421,2,746.24,1,2,2,122,Others,746.24,373.12,11842.504347826087,23,31.739130434782606
16466.0,34,15,3767.09,3,4,4,344,Champions,3767.09,251.13933333333335,2261.4931743421052,608,9.004934210526315
16467.0,509,7,2869.16,1,4,4,144,At Risk,2869.16,409.88,4593.172807017544,228,11.206140350877194
16468.0,74,3,787.52,3,3,2,332,Others,787.52,262.50666666666666,706.2525798525799,407,2.6904176904176906
16469.0,24,5,803.9,4,3,2,432,Loyal Customers,803.9,160.78,598.8234693877552,490,3.7244897959183674
16470.0,52,11,2416.85,3,4,4,344,Champions,2416.85,219.71363636363637,1304.9559911242604,676,5.939349112426036
16471.0,275,4,1189.98,2,3,3,233,Others,1189.98,297.495,1152.1026525198938,377,3.8726790450928377
16472.0,434,2,789.6,1,2,2,122,Others,789.6,394.8,1768.122699386503,163,4.478527607361963
16473.0,165,4,470.83,2,3,2,232,Others,470.83,117.7075,822.2629186602871,209,6.9856459330143545
16474.0,7,7,1810.65,4,4,3,443,Champions,1810.65,258.6642857142857,4823.994525547445,137,18.64963503649635
16475.0,88,4,544.3,3,3,2,332,Others,544.3,136.075,1073.889189189189,185,7.891891891891891
16476.0,432,1,350.35,1,1,2,112,Lost Customers,350.35,350.35,18218.2,1,52.0
16477.0,64,11,4094.37,3,4,4,344,Champions,4094.37,372.2154545454545,3549.7507125890734,421,9.536817102137768
16478.0,25,3,331.0,4,3,1,431,Loyal Customers,331.0,110.33333333333333,3020.375,40,27.375
16479.0,10,2,300.83,4,2,1,421,Potential Loyalist,300.83,150.415,7821.58,1,52.0
16480.0,76,1,769.29,3,1,2,312,Potential Loyalist,769.29,769.29,40003.08,1,52.0
16481.0,682,1,453.38,1,1,2,112,Lost Customers,453.38,453.38,23575.76,1,52.0
16482.0,16,1,220.62,4,1,1,411,Potential Loyalist,220.62,220.62,11472.24,1,52.0
16483.0,192,1,139.35,2,1,1,211,Others,139.35,139.35,7246.2,1,52.0
16484.0,174,2,404.3,2,2,2,222,Others,404.3,202.15,8680.55882352941,17,42.94117647058823
16485.0,77,5,2287.19,3,3,4,334,Others,2287.19,457.438,1272.598094512195,656,2.7820121951219514
16486.0,538,1,134.36,1,1,1,111,Lost Customers,134.36,134.36,6986.720000000001,1,52.0
16487.0,577,2,209.4,1,2,1,121,Others,209.4,104.7,943.5925925925925,81,9.012345679012345
16488.0,33,3,498.8,3,3,2,332,Others,498.8,166.26666666666668,1583.1478260869567,115,9.521739130434783
16489.0,380,2,303.7,2,2,1,221,Others,303.7,151.85,2015.4636363636364,55,13.272727272727273
16490.0,436,1,205.41000000000003,1,1,1,111,Lost Customers,205.41000000000003,205.41000000000003,10681.320000000002,1,52.0
16491.0,47,2,1533.16,3,2,3,323,Potential Loyalist,1533.16,766.58,1528.971038251366,366,1.9945355191256828
16492.0,541,1,385.56,1,1,2,112,Lost Customers,385.56,385.56,20049.12,1,52.0
16493.0,80,7,2132.09,3,4,3,343,Others,2132.09,304.5842857142857,1433.1728360957643,543,4.705340699815838
16494.0,297,1,826.53,2,1,2,212,Others,826.53,826.53,42979.56,1,52.0
16495.0,3,3,648.26,4,3,2,432,Loyal Customers,648.26,216.08666666666667,869.9077205882353,272,4.025735294117647
16496.0,9,6,2330.77,4,3,4,434,Champions,2330.77,388.46166666666664,1701.4621,500,4.38
16497.0,50,23,6695.28,3,4,4,344,Champions,6695.28,291.0991304347826,3562.357434402332,686,12.237609329446064
16498.0,161,2,100.97,2,2,1,221,Others,100.97,50.485,2625.22,1,52.0
16499.0,360,8,2578.34,2,4,4,244,Others,2578.34,322.2925,5059.645698924732,186,15.698924731182796
16500.0,5,9,843.9100000000001,4,4,2,442,Loyal Customers,843.9100000000001,93.76777777777778,572.5411710037175,538,6.105947955390334
16501.0,383,1,1191.23,1,1,3,113,Lost Customers,1191.23,1191.23,61943.96,1,52.0
16502.0,620,2,258.55,1,2,1,121,Others,258.55,129.275,6722.3,1,52.0
16503.0,107,11,3614.34,2,4,4,244,Others,3614.34,328.5763636363636,3075.137762237762,429,9.35897435897436
16504.0,25,1,465.88,4,1,2,412,Potential Loyalist,465.88,465.88,24225.76,1,52.0
16505.0,32,1,777.6,3,1,2,312,Potential Loyalist,777.6,777.6,40435.200000000004,1,52.0
16506.0,20,2,90.30000000000001,4,2,1,421,Potential Loyalist,90.30000000000001,45.150000000000006,1647.9750000000001,20,36.5
16507.0,572,1,142.71,1,1,1,111,Lost Customers,142.71,142.71,7420.92,1,52.0
16508.0,630,1,240.95,1,1,1,111,Lost Customers,240.95,240.95,12529.4,1,52.0
16509.0,297,1,363.7,2,1,2,212,Others,363.7,363.7,18912.399999999998,1,52.0
16510.0,372,6,1777.5,2,3,3,233,Others,1777.5,296.25,2033.816614420063,319,6.865203761755486
16511.0,22,6,1760.49,4,3,3,433,Loyal Customers,1760.49,293.415,1026.483785942492,626,3.498402555910543
16513.0,5,4,874.59,4,3,3,433,Loyal Customers,874.59,218.6475,8400.667105263157,38,38.421052631578945
16515.0,52,10,3179.06,3,4,4,344,Champions,3179.06,317.906,2377.780532786885,488,7.479508196721311
16516.0,30,1,101.69999999999999,3,1,1,311,Potential Loyalist,101.69999999999999,101.69999999999999,5288.4,1,52.0
16517.0,277,1,162.7,2,1,1,211,Others,162.7,162.7,8460.4,1,52.0
16518.0,61,4,959.37,3,3,3,333,Others,959.37,239.8425,707.4142424242424,495,2.9494949494949494
16519.0,25,4,439.06,4,3,2,432,Loyal Customers,439.06,109.765,257.2341894060995,623,2.3434991974317816
16520.0,186,6,2148.38,2,3,3,233,Others,2148.38,358.06333333333333,1704.6928260869565,460,4.760869565217392
16521.0,415,3,1140.11,1,3,3,133,At Risk,1140.11,380.03666666666663,1793.707543103448,232,4.719827586206896
16522.0,436,2,433.36,1,2,2,122,Others,433.36,216.68,11267.36,14,52.0
16523.0,2,28,11916.33,4,4,4,444,Champions,11916.33,425.5832142857143,6377.507991202346,682,14.985337243401759
16524.0,446,2,306.19,1,2,1,121,Others,306.19,153.095,456.1606122448979,245,2.9795918367346936
16525.0,2,48,24151.3,4,4,4,444,Champions,24151.3,503.15208333333334,11993.502721088435,735,23.83673469387755
16526.0,172,2,717.21,2,2,2,222,Others,717.21,358.605,635.392354368932,412,1.7718446601941746
16527.0,81,2,1232.94,3,2,3,323,Potential Loyalist,1232.94,616.47,1312.020699708455,343,2.128279883381924
16528.0,4,1,244.41,4,1,1,411,Potential Loyalist,244.41,244.41,12709.32,1,52.0
16529.0,190,4,1986.8,2,3,3,233,Others,1986.8,496.7,2132.8882352941173,340,4.294117647058823
16530.0,668,1,48.349999999999994,1,1,1,111,Lost Customers,48.349999999999994,48.349999999999994,2514.2,1,52.0
16531.0,22,11,2298.33,4,4,4,444,Champions,2298.33,208.9390909090909,2002.1251789976131,419,9.58233890214797
16532.0,18,5,8756.64,4,3,4,434,Champions,8756.64,1751.328,5300.453731343283,603,3.0265339966832503
16533.0,19,3,1082.81,4,3,3,433,Loyal Customers,1082.81,360.93666666666667,8233.867708333335,48,22.812500000000004
16534.0,642,1,635.9,1,1,2,112,Lost Customers,635.9,635.9,33066.799999999996,1,52.0
16535.0,5,3,972.04,4,3,3,433,Loyal Customers,972.04,324.0133333333333,526.4014836795252,674,1.6246290801186944
16536.0,110,1,548.12,2,1,2,212,Others,548.12,548.12,28502.24,1,52.0
16537.0,641,1,23.35,1,1,1,111,Lost Customers,23.35,23.35,1214.2,1,52.0
16538.0,541,3,395.07,1,3,2,132,At Risk,395.07,131.69,2670.3805555555555,54,20.27777777777778
16539.0,3,10,3289.66,4,4,4,444,Champions,3289.66,328.966,2269.803213610586,529,6.899810964083176
16540.0,414,1,205.75,1,1,1,111,Lost Customers,205.75,205.75,10699.0,1,52.0
16541.0,735,1,424.03,1,1,2,112,Lost Customers,424.03,424.03,22049.559999999998,1,52.0
16542.0,54,2,257.32,3,2,1,321,Potential Loyalist,257.32,128.66,270.66801152737753,347,2.1037463976945245
16543.0,592,1,292.21,1,1,1,111,Lost Customers,292.21,292.21,15194.919999999998,1,52.0
16544.0,520,4,376.70000000000005,1,3,2,132,At Risk,376.70000000000005,94.17500000000001,968.2781690140846,142,10.28169014084507
16545.0,165,2,689.82,2,2,2,222,Others,689.82,344.91,1198.9728571428573,210,3.4761904761904763
16546.0,291,5,5307.07,2,3,4,234,Others,5307.07,1061.414,12828.348013245033,151,12.086092715231787
16547.0,546,1,104.25999999999999,1,1,1,111,Lost Customers,104.25999999999999,104.25999999999999,5421.5199999999995,1,52.0
16548.0,599,1,30.15,1,1,1,111,Lost Customers,30.15,30.15,1567.8,1,52.0
16549.0,10,34,12781.8,4,4,4,444,Champions,12781.8,375.93529411764706,7648.126229508197,610,20.34426229508197
16550.0,109,18,8813.58,2,4,4,244,Others,8813.58,489.6433333333333,5122.5425159235665,628,10.461783439490446
16551.0,96,7,2237.12,3,4,3,343,Others,2237.12,319.5885714285714,1296.1092063492063,630,4.055555555555555
16552.0,243,2,379.73,2,2,2,222,Others,379.73,189.865,1066.1650000000002,130,5.615384615384616
16553.0,163,33,16584.01,2,4,4,244,Others,16584.01,502.54575757575753,12058.094920318727,502,23.994023904382473
16554.0,42,8,2841.72,3,4,4,344,Champions,2841.72,355.215,1520.8618768328445,682,4.281524926686217
16555.0,35,6,1915.68,3,3,3,333,Others,1915.68,319.28000000000003,1487.7089361702128,470,4.659574468085106
16556.0,67,17,8012.58,3,4,4,344,Champions,8012.58,471.32823529411763,4391.278828828828,666,9.316816816816816
16557.0,24,2,281.85,4,2,1,421,Potential Loyalist,281.85,140.925,910.4004424778761,113,6.460176991150442
16558.0,1,38,13304.11,4,4,4,444,Champions,13304.11,350.10815789473685,6606.802925170068,735,18.87074829931973
16559.0,397,1,175.0,1,1,1,111,Lost Customers,175.0,175.0,9100.0,1,52.0
16560.0,27,8,3048.38,3,4,4,344,Champions,3048.38,381.0475,1580.4811079545455,704,4.1477272727272725
16561.0,6,2,511.12,4,2,2,422,Potential Loyalist,511.12,255.56,3454.792592592593,54,13.518518518518519
16562.0,477,1,223.85999999999999,1,1,1,111,Lost Customers,223.85999999999999,223.85999999999999,11640.72,1,52.0
16563.0,54,6,4412.56,3,3,4,334,Others,4412.56,735.4266666666667,2354.6555555555556,684,3.2017543859649122
16564.0,569,1,87.8,1,1,1,111,Lost Customers,87.8,87.8,4565.599999999999,1,52.0
16565.0,364,4,773.05,2,3,2,232,Others,773.05,193.2625,1477.294502617801,191,7.643979057591624
16566.0,15,5,614.66,4,3,2,432,Loyal Customers,614.66,122.93199999999999,809.9310469314079,277,6.588447653429603
16567.0,194,2,865.6,2,2,2,222,Others,865.6,432.8,2224.957746478873,142,5.140845070422535
16568.0,428,2,1020.9000000000001,1,2,3,123,Others,1020.9000000000001,510.45000000000005,1749.4295774647887,213,3.4272300469483565
16569.0,3,5,1455.23,4,3,3,433,Loyal Customers,1455.23,291.046,737.7207638888889,720,2.5347222222222223
16570.0,15,20,7434.31,4,4,4,444,Champions,7434.31,371.7155,4492.587996688741,604,12.086092715231787
16571.0,27,10,4248.74,3,4,4,344,Champions,4248.74,424.87399999999997,2563.2894214876032,605,6.033057851239669
16572.0,127,3,1009.6,2,3,3,233,Others,1009.6,336.53333333333336,2489.891891891892,148,7.398648648648648
16573.0,85,2,663.61,3,2,2,322,Potential Loyalist,663.61,331.805,1181.549512195122,205,3.5609756097560976
16574.0,71,3,1301.78,3,3,3,333,Others,1301.78,433.9266666666667,809.4543441226576,587,1.8654173764906303
16576.0,420,2,540.87,1,2,2,122,Others,540.87,270.435,1954.6292079207924,101,7.227722772277229
16577.0,667,1,380.0,1,1,2,112,Lost Customers,380.0,380.0,19760.0,1,52.0
16578.0,626,1,156.6,1,1,1,111,Lost Customers,156.6,156.6,8143.2,1,52.0
16579.0,426,1,295.05,1,1,1,111,Lost Customers,295.05,295.05,15342.6,1,52.0
16581.0,183,1,105.84,2,1,1,211,Others,105.84,105.84,5503.68,1,52.0
16582.0,113,1,313.62,2,1,1,211,Others,313.62,313.62,16308.24,1,52.0
16583.0,374,2,297.95,2,2,1,221,Others,297.95,148.975,363.71822742474916,299,2.4414715719063547
16584.0,80,5,3156.17,3,3,4,334,Others,3156.17,631.234,1982.7918244406196,581,3.1411359724612735
16585.0,594,2,341.59,1,2,1,121,Others,341.59,170.795,1234.4589108910893,101,7.227722772277229
16586.0,249,3,1462.78,2,3,3,233,Others,1462.78,487.5933333333333,1383.1987046632123,386,2.8367875647668392
16587.0,232,1,225.15,2,1,1,211,Others,225.15,225.15,11707.800000000001,1,52.0
16588.0,386,4,1361.28,1,3,3,133,At Risk,1361.28,340.32,2642.910638297872,188,7.76595744680851
16589.0,71,4,612.36,3,3,2,332,Others,612.36,153.09,591.3000000000001,378,3.8624338624338628
16590.0,401,2,605.9,1,2,2,122,Others,605.9,302.95,15753.4,13,52.0
16591.0,69,1,213.5,3,1,1,311,Potential Loyalist,213.5,213.5,11102.0,1,52.0
16592.0,4,28,7807.91,4,4,4,444,Champions,7807.91,278.8539285714286,3980.2893156424584,716,14.273743016759777
16593.0,51,8,1071.1399999999999,3,4,3,343,Others,1071.1399999999999,133.89249999999998,571.5878654970759,684,4.269005847953216
16594.0,75,1,181.09,3,1,1,311,Potential Loyalist,181.09,181.09,9416.68,1,52.0
16595.0,61,5,1757.75,3,3,3,333,Others,1757.75,351.55,1018.3789682539683,630,2.8968253968253967
16596.0,16,4,458.98,4,3,2,432,Loyal Customers,458.98,114.745,234.9617110799439,713,2.047685834502104
16597.0,4,1,90.04,4,1,1,411,Potential Loyalist,90.04,90.04,4682.08,1,52.0
16598.0,286,1,145.04999999999998,2,1,1,211,Others,145.04999999999998,145.04999999999998,7542.599999999999,1,52.0
16599.0,386,1,172.8,1,1,1,111,Lost Customers,172.8,172.8,8985.6,1,52.0
16600.0,4,13,2153.41,4,4,3,443,Champions,2153.41,165.64692307692306,1096.2268479776847,717,6.617852161785216
16601.0,41,3,677.0,3,3,2,332,Others,677.0,225.66666666666666,424.57903780068733,582,1.8814432989690724
16602.0,36,2,763.33,3,2,2,322,Potential Loyalist,763.33,381.665,791.5211647727273,352,2.0738636363636362
16603.0,75,2,482.47,3,2,2,322,Potential Loyalist,482.47,241.235,11006.346875000001,16,45.625
16604.0,563,2,432.45,1,2,2,122,Others,432.45,216.225,11243.699999999999,5,52.0
16605.0,724,1,60.48,1,1,1,111,Lost Customers,60.48,60.48,3144.96,1,52.0
16606.0,404,2,357.66,1,2,2,122,Others,357.66,178.83,4351.530000000001,30,24.333333333333336
16607.0,18,25,5706.87,4,4,4,444,Champions,5706.87,228.2748,3647.999211908932,571,15.980735551663749
16608.0,454,2,1286.6200000000001,1,2,3,123,Others,1286.6200000000001,643.3100000000001,2246.9679425837326,209,3.4928229665071773
16609.0,15,7,5493.46,4,4,4,444,Champions,5493.46,784.78,8460.391983122363,237,10.780590717299578
16610.0,219,1,75.66,2,1,1,211,Others,75.66,75.66,3934.3199999999997,1,52.0
16611.0,186,6,1785.13,2,3,3,233,Others,1785.13,297.5216666666667,1441.531969026549,452,4.845132743362832
16612.0,33,9,3245.43,3,4,4,344,Champions,3245.43,360.6033333333333,1685.038335704125,703,4.672830725462305
16613.0,70,1,618.59,3,1,2,312,Potential Loyalist,618.59,618.59,32166.68,1,52.0
16614.0,183,3,1179.79,2,3,3,233,Others,1179.79,393.2633333333333,1090.1856962025315,395,2.772151898734177
16615.0,626,1,291.5,1,1,1,111,Lost Customers,291.5,291.5,15158.0,1,52.0
16616.0,15,2,500.42,4,2,2,422,Potential Loyalist,500.42,250.21,1286.2908450704226,142,5.140845070422535
16617.0,236,1,151.85,2,1,1,211,Others,151.85,151.85,7896.2,1,52.0
16618.0,31,5,2647.59,3,3,4,334,Others,2647.59,529.518,3320.860309278351,291,6.271477663230241
16619.0,264,4,1938.33,2,3,3,233,Others,1938.33,484.5825,1809.4384910485935,391,3.7340153452685425
16620.0,4,6,1758.93,4,3,3,433,Loyal Customers,1758.93,293.15500000000003,874.6722752043597,734,2.983651226158038
16621.0,52,4,813.48,3,3,2,332,Others,813.48,203.37,1313.8061946902656,226,6.460176991150442
16622.0,544,1,225.4,1,1,1,111,Lost Customers,225.4,225.4,11720.800000000001,1,52.0
16623.0,246,4,1015.24,2,3,3,233,Others,1015.24,253.81,1070.9901734104046,346,4.219653179190751
16624.0,81,2,810.5699999999999,3,2,2,322,Potential Loyalist,810.5699999999999,405.28499999999997,2550.500431034482,116,6.293103448275861
16625.0,275,5,1654.03,2,3,3,233,Others,1654.03,330.806,2244.3157992565057,269,6.784386617100372
16626.0,1,17,4413.1,4,4,4,444,Champions,4413.1,259.59411764705885,6078.420754716982,265,23.41509433962264
16627.0,79,1,322.8,3,1,1,311,Potential Loyalist,322.8,322.8,16785.600000000002,1,52.0
16628.0,30,7,2318.1,3,4,4,344,Champions,2318.1,331.15714285714284,1382.5269607843138,612,4.17483660130719
16629.0,74,2,408.63,3,2,2,322,Potential Loyalist,408.63,204.315,6779.543181818181,22,33.18181818181818
16630.0,407,1,106.80000000000001,1,1,1,111,Lost Customers,106.80000000000001,106.80000000000001,5553.6,1,52.0
16631.0,482,7,1892.52,1,4,3,143,At Risk,1892.52,270.36,4063.351764705883,170,15.029411764705884
16632.0,486,2,406.4,1,2,2,122,Others,406.4,203.2,1561.4315789473685,95,7.68421052631579
16633.0,17,6,2883.1,4,3,4,434,Champions,2883.1,480.51666666666665,4871.905092592593,216,10.13888888888889
16634.0,223,6,1649.81,2,3,3,233,Others,1649.81,274.9683333333333,1295.0121505376344,465,4.709677419354839
16635.0,407,1,473.0,1,1,2,112,Lost Customers,473.0,473.0,24596.0,1,52.0
16636.0,438,4,3802.04,1,3,4,134,At Risk,3802.04,950.51,6704.080193236715,207,7.053140096618358
16637.0,32,4,1154.47,3,3,3,333,Others,1154.47,288.6175,2183.3240932642484,193,7.564766839378238
16638.0,23,15,2380.13,4,4,4,444,Champions,2380.13,158.67533333333333,1909.335054945055,455,12.032967032967033
16639.0,31,4,1747.98,3,3,3,333,Others,1747.98,436.995,1692.3413793103446,377,3.8726790450928377
16640.0,398,1,179.4,1,1,1,111,Lost Customers,179.4,179.4,9328.800000000001,1,52.0
16641.0,106,2,554.5,2,2,2,222,Others,554.5,277.25,339.5847315436242,596,1.2248322147651007
16642.0,5,3,1077.45,4,3,3,433,Loyal Customers,1077.45,359.15000000000003,959.1932926829268,410,2.670731707317073
16643.0,246,2,923.11,2,2,3,223,Others,923.11,461.555,1914.4042613636364,176,4.1477272727272725
16644.0,178,2,833.78,2,2,2,222,Others,833.78,416.89,8950.873529411763,34,21.470588235294116
16645.0,736,1,160.39,1,1,1,111,Lost Customers,160.39,160.39,8340.279999999999,1,52.0
16646.0,449,1,678.8,1,1,2,112,Lost Customers,678.8,678.8,35297.6,1,52.0
16647.0,170,4,541.9,2,3,2,232,Others,541.9,135.475,528.8596256684492,374,3.9037433155080214
16648.0,43,3,672.8,3,3,2,332,Others,672.8,224.26666666666665,448.9433272394881,547,2.0018281535648996
16649.0,520,1,306.58000000000004,1,1,1,111,Lost Customers,306.58000000000004,306.58000000000004,15942.160000000002,1,52.0
16650.0,72,7,1916.11,3,4,3,343,Others,1916.11,273.72999999999996,1564.6088366890378,447,5.715883668903803
16651.0,587,1,136.2,1,1,1,111,Lost Customers,136.2,136.2,7082.4,1,52.0
16652.0,59,16,17550.39,3,4,4,344,Champions,17550.39,1096.899375,11179.567801047118,573,10.19197207678883
16653.0,16,2,1212.66,4,2,3,423,Potential Loyalist,1212.66,606.33,8047.652727272728,55,13.272727272727273
16654.0,141,8,1484.07,2,4,3,243,Others,1484.07,185.50875,1150.0754777070065,471,6.199575371549894
16655.0,18,13,6423.26,4,4,4,444,Champions,6423.26,494.0969230769231,3557.6477996965095,659,7.20030349013657
16656.0,22,30,16833.170000000002,4,4,4,444,Champions,16833.170000000002,561.1056666666667,8617.260939691445,713,15.357643758765779
16657.0,10,4,874.43,4,3,3,433,Loyal Customers,874.43,218.6075,1308.061270491803,244,5.9836065573770485
16658.0,368,6,690.83,2,3,2,232,Others,690.83,115.13833333333334,1008.6118,250,8.76
16659.0,189,1,39.12,2,1,1,211,Others,39.12,39.12,2034.2399999999998,1,52.0
16660.0,16,7,1879.55,4,4,3,443,Champions,1879.55,268.50714285714287,1011.852138643068,678,3.768436578171092
16661.0,540,4,932.76,1,3,3,133,At Risk,932.76,233.19,1880.9801104972375,181,8.066298342541437
16662.0,394,1,151.05,1,1,1,111,Lost Customers,151.05,151.05,7854.6,1,52.0
16663.0,729,1,165.0,1,1,1,111,Lost Customers,165.0,165.0,8580.0,1,52.0
16664.0,569,1,109.2,1,1,1,111,Lost Customers,109.2,109.2,5678.400000000001,1,52.0
16665.0,362,1,135.39999999999998,2,1,1,211,Others,135.39999999999998,135.39999999999998,7040.799999999999,1,52.0
16666.0,19,2,217.71,4,2,1,421,Potential Loyalist,217.71,108.855,132.21988352745424,601,1.2146422628951747
16667.0,68,2,567.1800000000001,3,2,2,322,Potential Loyalist,567.1800000000001,283.59000000000003,958.4291666666668,216,3.3796296296296298
16668.0,15,13,862.42,4,4,2,442,Loyal Customers,862.42,66.34,511.84276422764225,615,7.715447154471544
16669.0,24,3,1348.88,4,3,3,433,Loyal Customers,1348.88,449.6266666666667,9117.42962962963,54,20.27777777777778
16670.0,17,20,8030.150000000001,4,4,4,444,Champions,8030.150000000001,401.50750000000005,4116.5797050561805,712,10.252808988764045
16671.0,28,3,1692.27,3,3,3,333,Others,1692.27,564.09,4541.754044117647,136,8.051470588235293
16672.0,2,20,8134.9400000000005,4,4,4,444,Champions,8134.9400000000005,406.747,11247.170833333334,264,27.651515151515152
16673.0,679,1,171.13,1,1,1,111,Lost Customers,171.13,171.13,8898.76,1,52.0
16674.0,55,2,304.24,3,2,1,321,Potential Loyalist,304.24,152.12,2582.5023255813953,43,16.97674418604651
16675.0,442,2,608.86,1,2,2,122,Others,608.86,304.43,6173.163888888889,36,20.27777777777778
16676.0,34,6,2361.9,3,3,4,334,Others,2361.9,393.65000000000003,2245.0351562500005,384,5.703125000000001
16677.0,411,2,880.62,1,2,3,123,Others,880.62,440.31,1339.2762500000001,240,3.041666666666667
16678.0,3,12,3109.99,4,4,4,444,Champions,3109.99,259.1658333333333,4054.094107142857,280,15.642857142857144
16679.0,366,3,663.31,2,3,2,232,Others,663.31,221.10333333333332,1345.0452777777778,180,6.083333333333334
16680.0,43,3,821.45,3,3,2,332,Others,821.45,273.81666666666666,610.6502036659878,491,2.230142566191446
16681.0,73,7,1921.84,3,4,3,343,Others,1921.84,274.5485714285714,1234.9852112676053,568,4.498239436619718
16682.0,5,5,1028.0,4,3,3,433,Loyal Customers,1028.0,205.6,2050.382513661202,183,9.972677595628415
16683.0,534,1,320.25,1,1,1,111,Lost Customers,320.25,320.25,16653.0,1,52.0
16684.0,4,55,147142.77,4,4,4,444,Champions,147142.77,2675.3230909090908,73773.50418956044,728,27.57554945054945
16685.0,61,2,324.24,3,2,1,321,Potential Loyalist,324.24,162.12,8430.24,1,52.0
16686.0,47,16,4881.07,3,4,4,344,Champions,4881.07,305.066875,2600.862116788321,685,8.525547445255475
16687.0,391,1,157.63,1,1,1,111,Lost Customers,157.63,157.63,8196.76,1,52.0
16688.0,1,4,1260.86,4,3,3,433,Loyal Customers,1260.86,315.215,7800.235593220338,59,24.745762711864405
16689.0,76,2,422.59999999999997,3,2,2,322,Potential Loyalist,422.59999999999997,211.29999999999998,10987.599999999999,6,52.0
16690.0,72,4,353.03,3,3,2,332,Others,353.03,88.2575,339.9893139841688,379,3.8522427440633242
16691.0,418,2,178.83,1,2,1,121,Others,178.83,89.415,456.4541958041958,143,5.104895104895105
16692.0,256,4,1914.6999999999998,2,3,3,233,Others,1914.6999999999998,478.67499999999995,3777.6513513513505,185,7.891891891891891
16693.0,69,5,1179.48,3,3,3,333,Others,1179.48,235.89600000000002,733.4074957410563,587,3.1090289608177173
16694.0,723,1,98.30000000000001,1,1,1,111,Lost Customers,98.30000000000001,98.30000000000001,5111.6,1,52.0
16695.0,562,2,191.9,1,2,1,121,Others,191.9,95.95,4989.400000000001,1,52.0
16696.0,135,4,657.9000000000001,2,3,2,232,Others,657.9000000000001,164.47500000000002,2144.0491071428573,112,13.035714285714285
16697.0,241,1,112.75,2,1,1,211,Others,112.75,112.75,5863.0,1,52.0
16698.0,227,2,1998.0,2,2,3,223,Others,1998.0,999.0,28048.846153846152,26,28.076923076923077
16699.0,380,7,994.6,2,4,3,243,Others,994.6,142.0857142857143,1022.6169014084506,355,7.197183098591549
16700.0,9,25,8830.77,4,4,4,444,Champions,8830.77,353.23080000000004,4421.441769547326,729,12.517146776406037
16701.0,9,26,9916.73,4,4,4,444,Champions,9916.73,381.4126923076923,4965.166598079561,729,13.017832647462278
16702.0,415,4,1110.83,1,3,3,133,At Risk,1110.83,277.7075,1283.0789556962025,316,4.620253164556962
16704.0,618,2,664.16,1,2,2,122,Others,664.16,332.08,4573.932075471698,53,13.773584905660378
16705.0,1,42,43515.051,4,4,4,444,Champions,43515.051,1036.072642857143,21787.37121399177,729,21.02880658436214
16706.0,37,3,531.35,3,3,2,332,Others,531.35,177.11666666666667,2551.878289473684,76,14.407894736842104
16707.0,400,4,533.41,1,3,2,132,At Risk,533.41,133.3525,814.6219665271967,239,6.108786610878662
16708.0,46,1,656.63,3,1,2,312,Potential Loyalist,656.63,656.63,34144.76,1,52.0
16709.0,85,14,9056.01,3,4,4,344,Champions,9056.01,646.8578571428571,5124.718837209302,645,7.922480620155039
16710.0,19,22,5921.35,4,4,4,444,Champions,5921.35,269.15227272727276,3018.56529329609,716,11.215083798882683
16711.0,3,9,2868.48,4,4,4,444,Champions,2868.48,318.72,1426.423978201635,734,4.475476839237057
16712.0,9,13,4232.87,4,4,4,444,Champions,4232.87,325.6053846153846,3951.4003836317133,391,12.135549872122763
16713.0,19,32,14115.56,4,4,4,444,Champions,14115.56,441.11125,7308.055886524822,705,16.56737588652482
16714.0,219,4,1497.33,2,3,3,233,Others,1497.33,374.3325,1211.8080931263858,451,3.237250554323725
16715.0,78,2,625.52,3,2,2,322,Potential Loyalist,625.52,312.76,471.7247933884297,484,1.5082644628099173
16716.0,267,3,2149.6800000000003,2,3,3,233,Others,2149.6800000000003,716.5600000000001,2161.523966942149,363,3.0165289256198347
16717.0,24,14,6663.68,4,4,4,444,Champions,6663.68,475.9771428571429,3435.3717514124296,708,7.2175141242937855
16718.0,369,5,3006.08,2,3,4,234,Others,3006.08,601.216,3022.642424242424,363,5.027548209366391
16719.0,15,14,3513.62,4,4,4,444,Champions,3513.62,250.97285714285712,1803.7571026722924,711,7.187060478199719
16720.0,26,3,758.74,4,3,2,432,Loyal Customers,758.74,252.91333333333333,398.474964028777,695,1.5755395683453237
16721.0,262,1,292.47,2,1,1,211,Others,292.47,292.47,15208.440000000002,1,52.0
16722.0,17,22,8189.56,4,4,4,444,Champions,8189.56,372.25272727272727,4163.21643454039,718,11.183844011142062
16723.0,91,4,1231.36,3,3,3,333,Others,1231.36,307.84,698.9835147744946,643,2.2706065318818043
16724.0,405,1,147.35,1,1,1,111,Lost Customers,147.35,147.35,7662.2,1,52.0
16725.0,302,14,1688.26,2,4,3,243,Others,1688.26,120.59,1453.3370283018871,424,12.051886792452832
16726.0,26,7,2063.88,4,4,3,443,Champions,2063.88,294.84000000000003,1961.7609375000004,384,6.653645833333334
16727.0,364,4,1377.77,2,3,3,233,Others,1377.77,344.4425,1552.1174382716047,324,4.506172839506172
16728.0,46,4,1048.28,3,3,3,333,Others,1048.28,262.07,1755.1477064220185,218,6.697247706422019
16729.0,38,21,7205.33,3,4,4,344,Champions,7205.33,343.11095238095237,12955.396305418717,203,37.75862068965517
16730.0,52,3,743.11,3,3,2,332,Others,743.11,247.70333333333335,1015.8619850187267,267,4.1011235955056184
16731.0,648,1,170.3,1,1,1,111,Lost Customers,170.3,170.3,8855.6,1,52.0
16732.0,32,4,4387.64,3,3,4,334,Others,4387.64,1096.91,2291.113876967096,699,2.088698140200286
16733.0,530,1,259.68,1,1,1,111,Lost Customers,259.68,259.68,13503.36,1,52.0
16734.0,52,3,646.76,3,3,2,332,Others,646.76,215.58666666666667,3869.95737704918,61,17.950819672131146
16735.0,79,14,6217.41,3,4,4,344,Champions,6217.41,444.1007142857143,3475.275114854517,653,7.82542113323124
16736.0,506,5,2956.56,1,3,4,134,At Risk,2956.56,591.312,4691.932173913044,230,7.934782608695652
16737.0,53,2,835.1999999999999,3,2,2,322,Potential Loyalist,835.1999999999999,417.59999999999997,581.7709923664121,524,1.3931297709923662
16738.0,298,1,3.75,2,1,1,211,Others,3.75,3.75,195.0,1,52.0
16739.0,177,2,786.43,2,2,2,222,Others,786.43,393.215,799.5736768802228,359,2.033426183844011
16740.0,395,1,226.91,1,1,1,111,Lost Customers,226.91,226.91,11799.32,1,52.0
16741.0,625,1,173.06,1,1,1,111,Lost Customers,173.06,173.06,8999.12,1,52.0
16742.0,47,14,2799.87,3,4,4,344,Champions,2799.87,199.9907142857143,1511.7641272189348,676,7.559171597633136
16743.0,29,14,4212.15,3,4,4,344,Champions,4212.15,300.86785714285713,2716.315812720848,566,9.02826855123675
16744.0,11,7,1291.91,4,4,3,443,Champions,1291.91,184.55857142857144,2928.8642857142854,161,15.869565217391303
16745.0,87,17,7180.7,3,4,4,344,Champions,7180.7,422.3941176470588,11648.69111111111,225,27.577777777777776
16746.0,5,42,18046.75,4,4,4,444,Champions,18046.75,429.6845238095238,9023.375,730,21.0
16747.0,38,2,836.06,3,2,2,322,Potential Loyalist,836.06,418.03,10172.063333333334,30,24.333333333333336
16748.0,18,14,3637.33,4,4,4,444,Champions,3637.33,259.8092857142857,1867.2650492264415,711,7.187060478199719
16749.0,591,2,4157.88,1,2,4,124,Others,4157.88,2078.94,11497.168181818182,132,5.53030303030303
16750.0,45,5,623.93,3,3,2,332,Others,623.93,124.78599999999999,1217.8312834224598,187,9.759358288770054
16751.0,31,1,1764.72,3,1,3,313,Potential Loyalist,1764.72,1764.72,91765.44,1,52.0
16752.0,373,1,207.5,2,1,1,211,Others,207.5,207.5,10790.0,1,52.0
16753.0,58,1,223.92000000000002,3,1,1,311,Potential Loyalist,223.92000000000002,223.92000000000002,11643.84,1,52.0
16754.0,372,29,65500.07,2,4,4,244,Others,65500.07,2258.6231034482757,88875.55966542751,269,39.34944237918216
16755.0,114,7,2864.68,2,4,4,244,Others,2864.68,409.23999999999995,1700.1759349593494,615,4.154471544715447
16756.0,215,7,1312.3700000000001,2,4,3,243,Others,1312.3700000000001,187.48142857142858,1127.0942352941177,425,6.011764705882353
16757.0,319,2,270.48,2,2,1,221,Others,270.48,135.24,1096.9466666666667,90,8.11111111111111
16758.0,65,1,369.34000000000003,3,1,2,312,Potential Loyalist,369.34000000000003,369.34000000000003,19205.68,1,52.0
16759.0,8,3,789.79,4,3,2,432,Loyal Customers,789.79,263.2633333333333,12533.623913043477,23,47.60869565217391
16760.0,430,1,228.0,1,1,1,111,Lost Customers,228.0,228.0,11856.0,1,52.0
16761.0,97,1,316.62,2,1,1,211,Others,316.62,316.62,16464.24,1,52.0
16762.0,20,3,1207.24,4,3,3,433,Loyal Customers,1207.24,402.41333333333336,3553.56935483871,124,8.830645161290322
16763.0,199,2,964.6999999999999,2,2,3,223,Others,964.6999999999999,482.34999999999997,653.2755102040816,539,1.3543599257884973
16764.0,4,13,2790.9500000000003,4,4,4,444,Champions,2790.9500000000003,214.68846153846155,7328.753597122302,139,34.13669064748201
16765.0,294,2,454.75,2,2,2,222,Others,454.75,227.375,1886.1789772727273,88,8.295454545454545
16766.0,273,2,1145.6,2,2,3,223,Others,1145.6,572.8,29785.6,1,52.0
16767.0,31,15,8056.76,3,4,4,344,Champions,8056.76,537.1173333333334,5260.6751341681575,559,9.79427549194991
16768.0,48,9,1698.57,3,4,3,343,Others,1698.57,188.73,906.4006578947367,684,4.802631578947368
16769.0,260,4,1117.05,2,3,3,233,Others,1117.05,279.2625,876.824193548387,465,3.139784946236559
16770.0,58,9,1778.93,3,4,3,343,Others,1778.93,197.6588888888889,1560.8400240384617,416,7.896634615384616
16771.0,33,10,3949.6,3,4,4,344,Champions,3949.6,394.96,2068.298421807747,697,5.236728837876614
16772.0,423,3,3698.0499999999997,1,3,4,134,At Risk,3698.0499999999997,1232.6833333333332,4529.49077181208,298,3.674496644295302
16773.0,57,3,421.24,3,3,2,332,Others,421.24,140.41333333333333,227.78162962962963,675,1.6222222222222222
16774.0,68,8,1567.48,3,4,3,343,Others,1567.48,195.935,964.806408094435,593,4.924114671163575
16775.0,10,16,2820.84,4,4,4,444,Champions,2820.84,176.3025,2388.8784222737822,431,13.549883990719259
16776.0,60,2,592.51,3,2,2,322,Potential Loyalist,592.51,296.255,609.2004225352113,355,2.056338028169014
16777.0,80,5,1292.18,3,3,3,333,Others,1292.18,258.43600000000004,854.4306159420291,552,3.306159420289855
16778.0,74,2,245.94,3,2,1,321,Potential Loyalist,245.94,122.97,451.0959798994975,199,3.6683417085427137
16779.0,2,53,32809.03,4,4,4,444,Champions,32809.03,619.0383018867924,16315.117098092644,734,26.355585831062672
16780.0,100,3,596.4,2,3,2,232,Others,596.4,198.79999999999998,711.3921568627451,306,3.5784313725490198
16781.0,372,2,623.0,2,2,2,222,Others,623.0,311.5,765.6397306397307,297,2.457912457912458
16782.0,10,38,9636.12,4,4,4,444,Champions,9636.12,253.58210526315793,4884.977500000001,720,19.26388888888889
16783.0,437,1,391.95,1,1,2,112,Lost Customers,391.95,391.95,20381.399999999998,1,52.0
16784.0,20,5,892.33,4,3,3,433,Loyal Customers,892.33,178.466,541.9308652246257,601,3.0366056572379367
16785.0,410,1,533.78,1,1,2,112,Lost Customers,533.78,533.78,27756.559999999998,1,52.0
16786.0,394,1,51.839999999999996,1,1,1,111,Lost Customers,51.839999999999996,51.839999999999996,2695.68,1,52.0
16787.0,398,4,1017.53,1,3,3,133,At Risk,1017.53,254.3825,1237.9948333333334,300,4.866666666666667
16788.0,123,5,1928.93,2,3,3,233,Others,1928.93,385.786,1287.1287934186473,547,3.3363802559414992
16789.0,8,1,80.8,4,1,1,411,Potential Loyalist,80.8,80.8,4201.599999999999,1,52.0
16790.0,4,6,1545.6200000000001,4,3,3,433,Loyal Customers,1545.6200000000001,257.60333333333335,13395.373333333335,34,52.0
16791.0,29,15,3957.63,3,4,4,344,Champions,3957.63,263.842,2043.1894625176803,707,7.743988684582744
16792.0,282,5,623.46,2,3,2,232,Others,623.46,124.69200000000001,539.2485781990522,422,4.3246445497630335
16793.0,57,1,243.84,3,1,1,311,Potential Loyalist,243.84,243.84,12679.68,1,52.0
16794.0,1,15,2052.7,4,4,3,443,Champions,2052.7,136.84666666666666,1202.6252006420546,623,8.78812199036918
16795.0,365,3,2062.41,2,3,3,233,Others,2062.41,687.4699999999999,2367.231603773585,318,3.4433962264150946
16796.0,89,1,305.62,3,1,1,311,Potential Loyalist,305.62,305.62,15892.24,1,52.0
16797.0,393,5,1802.02,1,3,3,133,At Risk,1802.02,360.404,1912.027034883721,344,5.305232558139535
16798.0,554,3,841.16,1,3,2,132,At Risk,841.16,280.38666666666666,1764.5022988505746,174,6.293103448275862
16799.0,432,2,452.78000000000003,1,2,2,122,Others,452.78000000000003,226.39000000000001,7869.747619047619,21,34.76190476190476
16800.0,11,1,1162.65,4,1,3,413,Potential Loyalist,1162.65,1162.65,60457.8,1,52.0
16801.0,163,4,1594.23,2,3,3,233,Others,1594.23,398.5575,5289.945000000001,110,13.272727272727273
16802.0,679,2,582.61,1,2,2,122,Others,582.61,291.305,4169.659803921569,51,14.313725490196077
16803.0,65,1,332.3,3,1,1,311,Potential Loyalist,332.3,332.3,17279.600000000002,1,52.0
16804.0,23,3,536.99,4,3,2,432,Loyal Customers,536.99,178.99666666666667,793.5277327935223,247,4.433198380566802
16805.0,174,5,1091.34,2,3,3,233,Others,1091.34,218.26799999999997,715.1509874326749,557,3.276481149012567
16806.0,103,4,762.16,2,3,2,232,Others,762.16,190.54,2060.654814814815,135,10.814814814814815
16807.0,143,6,2123.88,2,3,3,233,Others,2123.88,353.98,1615.03375,480,4.5625
16808.0,99,2,288.42,2,2,1,221,Others,288.42,144.21,601.5617142857144,175,4.171428571428572
16809.0,23,9,1727.43,4,4,3,443,Champions,1727.43,191.93666666666667,1083.3538659793815,582,5.644329896907217
16810.0,192,2,842.0400000000001,2,2,2,222,Others,842.0400000000001,421.02000000000004,1348.0026315789476,228,3.2017543859649122
16811.0,5,2,547.07,4,2,2,422,Potential Loyalist,547.07,273.535,14223.820000000002,12,52.0
16812.0,361,4,2392.0,2,3,4,234,Others,2392.0,598.0,31096.0,21,52.0
16813.0,8,10,1652.18,4,4,3,443,Champions,1652.18,165.21800000000002,3076.7637755102046,196,18.622448979591837
16814.0,14,36,11924.85,4,4,4,444,Champions,11924.85,331.24583333333334,7339.916104553119,593,22.158516020236085
16815.0,454,2,406.02,1,2,2,122,Others,406.02,203.01,1807.2841463414634,82,8.902439024390244
16816.0,103,4,417.06,2,3,2,232,Others,417.06,104.265,599.3185039370078,254,5.748031496062992
16817.0,3,13,2560.7,4,4,4,444,Champions,2560.7,196.97692307692307,2178.684149184149,429,11.06060606060606
16818.0,11,11,3349.57,4,4,4,444,Champions,3349.57,304.50636363636363,6302.026030927835,194,20.695876288659793
16819.0,465,2,182.59,1,2,1,121,Others,182.59,91.295,4747.34,1,52.0
16820.0,96,1,497.61,3,1,2,312,Potential Loyalist,497.61,497.61,25875.72,1,52.0
16821.0,382,1,113.35,1,1,1,111,Lost Customers,113.35,113.35,5894.2,1,52.0
16822.0,686,1,181.39,1,1,1,111,Lost Customers,181.39,181.39,9432.279999999999,1,52.0
16823.0,227,7,2243.09,2,4,3,243,Others,2243.09,320.4414285714286,1605.3487254901963,510,5.009803921568627
16824.0,16,3,686.24,4,3,2,432,Loyal Customers,686.24,228.74666666666667,662.6391534391535,378,2.8968253968253967
16825.0,39,5,1826.89,3,3,3,333,Others,1826.89,365.37800000000004,1347.1007070707071,495,3.6868686868686864
16826.0,51,1,341.7,3,1,1,311,Potential Loyalist,341.7,341.7,17768.399999999998,1,52.0
16827.0,393,5,392.13,1,3,2,132,At Risk,392.13,78.426,733.986923076923,195,9.358974358974358
16828.0,93,2,128.5,3,2,1,321,Potential Loyalist,128.5,64.25,2468.552631578947,19,38.421052631578945
16829.0,157,2,513.32,2,2,2,222,Others,513.32,256.66,811.0900432900435,231,3.1601731601731604
16830.0,39,4,1207.5,3,3,3,333,Others,1207.5,301.875,641.5393013100437,687,2.1251819505094613
16831.0,565,1,91.8,1,1,1,111,Lost Customers,91.8,91.8,4773.599999999999,1,52.0
16832.0,184,5,417.61,2,3,2,232,Others,417.61,83.522,556.305291970803,274,6.660583941605839
16833.0,1,6,2409.04,4,3,4,434,Champions,2409.04,401.50666666666666,1415.941384863124,621,3.526570048309179
16834.0,228,2,898.96,2,2,3,223,Others,898.96,449.48,735.6959641255605,446,1.6367713004484303
16835.0,128,6,1456.66,2,3,3,233,Others,1456.66,242.77666666666667,1205.6256235827664,441,4.965986394557823
16836.0,40,4,782.37,3,3,2,332,Others,782.37,195.5925,534.766011235955,534,2.7340823970037453
16837.0,31,11,3170.98,3,4,4,344,Champions,3170.98,288.2709090909091,5408.447196261681,214,18.761682242990652
16838.0,197,4,1159.61,2,3,3,233,Others,1159.61,289.9025,910.231505376344,465,3.139784946236559
16839.0,9,44,21758.25,4,4,4,444,Champions,21758.25,494.5056818181818,12087.916666666666,657,24.444444444444443
16840.0,603,2,139.85,1,2,1,121,Others,139.85,69.925,718.9471830985915,71,10.28169014084507
16841.0,37,12,4006.06,3,4,4,344,Champions,4006.06,333.8383333333333,2215.4725757575757,660,6.636363636363637
16842.0,101,3,1264.19,2,3,3,233,Others,1264.19,421.3966666666667,2295.6684079601996,201,5.447761194029852
16843.0,43,35,19571.43,3,4,4,344,Champions,19571.43,559.1837142857142,10413.370189504372,686,18.622448979591837
16844.0,563,2,614.34,1,2,2,122,Others,614.34,307.17,11211.705,20,36.5
16845.0,618,1,253.88,1,1,1,111,Lost Customers,253.88,253.88,13201.76,1,52.0
16846.0,50,3,842.41,3,3,2,332,Others,842.41,280.80333333333334,522.0367572156198,589,1.8590831918505943
16847.0,43,2,614.89,3,2,2,322,Potential Loyalist,614.89,307.445,391.0014808362369,574,1.2717770034843205
16848.0,53,4,1411.62,3,3,3,333,Others,1411.62,352.905,1359.4757255936672,379,3.8522427440633242
16849.0,187,1,124.57,2,1,1,211,Others,124.57,124.57,6477.639999999999,1,52.0
16850.0,334,1,332.41,2,1,1,211,Others,332.41,332.41,17285.32,1,52.0
16851.0,4,3,342.45,4,3,2,432,Loyal Customers,342.45,114.14999999999999,2659.452127659574,47,23.29787234042553
16852.0,10,2,144.91000000000003,4,2,1,421,Potential Loyalist,144.91000000000003,72.45500000000001,320.55848484848497,165,4.424242424242425
16854.0,417,2,1408.96,1,2,3,123,Others,1408.96,704.48,2306.1452914798206,223,3.2735426008968607
16855.0,24,2,328.4,4,2,1,421,Potential Loyalist,328.4,164.2,6308.736842105262,19,38.421052631578945
16856.0,15,3,358.49,4,3,2,432,Loyal Customers,358.49,119.49666666666667,306.43758782201405,427,2.5644028103044496
16857.0,443,1,352.8,1,1,2,112,Lost Customers,352.8,352.8,18345.600000000002,1,52.0
16858.0,369,10,4292.59,2,4,4,244,Others,4292.59,429.259,4413.508028169014,355,10.28169014084507
16859.0,145,7,1932.41,2,4,3,243,Others,1932.41,276.05857142857144,1410.6593000000003,500,5.11
16860.0,453,3,1610.62,1,3,3,133,At Risk,1610.62,536.8733333333333,2812.805263157895,209,5.239234449760766
16861.0,60,5,946.59,3,3,3,333,Others,946.59,189.318,771.2172991071429,448,4.073660714285714
16862.0,547,4,662.33,1,3,2,132,At Risk,662.33,165.5825,1569.808116883117,154,9.480519480519481
16863.0,31,3,834.27,3,3,2,332,Others,834.27,278.09,805.5781746031745,378,2.8968253968253967
16864.0,434,2,409.25,1,2,2,122,Others,409.25,204.625,910.8307926829268,164,4.451219512195122
16865.0,402,1,130.95,1,1,1,111,Lost Customers,130.95,130.95,6809.4,1,52.0
16866.0,141,3,207.73999999999998,2,3,1,231,Others,207.73999999999998,69.24666666666666,3600.826666666666,20,52.0
16867.0,690,1,76.74000000000001,1,1,1,111,Lost Customers,76.74000000000001,76.74000000000001,3990.4800000000005,1,52.0
16868.0,394,3,384.56,1,3,2,132,At Risk,384.56,128.18666666666667,705.3487437185929,199,5.50251256281407
16869.0,23,4,817.12,4,3,2,432,Loyal Customers,817.12,204.28,1962.1631578947367,152,9.605263157894736
16870.0,469,1,450.15999999999997,1,1,2,112,Lost Customers,450.15999999999997,450.15999999999997,23408.32,1,52.0
16871.0,22,6,2812.34,4,3,4,434,Champions,2812.34,468.72333333333336,4139.129435483871,248,8.830645161290322
16872.0,77,6,1213.13,3,3,3,333,Others,1213.13,202.18833333333336,1150.1102597402598,385,5.688311688311688
16873.0,5,12,14617.39,4,4,4,444,Champions,14617.39,1218.1158333333333,8047.281070889895,663,6.60633484162896
16874.0,379,1,209.89000000000001,2,1,1,211,Others,209.89000000000001,209.89000000000001,10914.28,1,52.0
16875.0,67,11,4234.53,3,4,4,344,Champions,4234.53,384.9572727272727,2430.194103773585,636,6.312893081761007
16876.0,404,1,136.01,1,1,1,111,Lost Customers,136.01,136.01,7072.5199999999995,1,52.0
16877.0,12,6,846.62,4,3,2,432,Loyal Customers,846.62,141.10333333333332,1584.698974358974,195,11.23076923076923
16878.0,84,1,13.3,3,1,1,311,Potential Loyalist,13.3,13.3,691.6,1,52.0
16880.0,31,8,1813.21,3,4,3,343,Others,1813.21,226.65125,1432.514393939394,462,6.320346320346321
16881.0,67,1,432.0,3,1,2,312,Potential Loyalist,432.0,432.0,22464.0,1,52.0
16882.0,67,3,705.12,3,3,2,332,Others,705.12,235.04,1029.4751999999999,250,4.38
16883.0,187,19,2246.06,2,4,3,243,Others,2246.06,118.21368421052631,1496.0071167883211,548,12.655109489051094
16884.0,38,4,1070.97,3,3,3,333,Others,1070.97,267.7425,734.7820488721804,532,2.744360902255639
16885.0,15,4,684.6,4,3,2,432,Loyal Customers,684.6,171.15,675.3486486486486,370,3.9459459459459456
16886.0,456,1,134.0,1,1,1,111,Lost Customers,134.0,134.0,6968.0,1,52.0
16887.0,35,3,658.17,3,3,2,332,Others,658.17,219.39,341.7241109530583,703,1.5576102418207682
16888.0,401,3,434.2,1,3,2,132,At Risk,434.2,144.73333333333332,528.2766666666666,300,3.6500000000000004
16889.0,195,6,2526.65,2,3,4,234,Others,2526.65,421.10833333333335,2485.787735849057,371,5.902964959568734
16890.0,477,3,285.41,1,3,1,131,At Risk,285.41,95.13666666666667,992.1395238095239,105,10.428571428571429
16891.0,2,11,1727.94,4,4,3,443,Champions,1727.94,157.08545454545455,860.4339699863576,733,5.477489768076399
16892.0,1,7,754.75,4,4,2,442,Loyal Customers,754.75,107.82142857142857,377.8926611796982,729,3.50480109739369
16893.0,367,2,249.89000000000001,2,2,1,221,Others,249.89000000000001,124.94500000000001,6497.14,9,52.0
16894.0,502,3,1306.96,1,3,3,133,At Risk,1306.96,435.65333333333336,14455.769696969697,33,33.18181818181818
16895.0,65,5,1102.9,3,3,3,333,Others,1102.9,220.58,669.8144758735441,601,3.0366056572379367
16896.0,555,1,103.95,1,1,1,111,Lost Customers,103.95,103.95,5405.400000000001,1,52.0
16897.0,299,2,289.78,2,2,1,221,Others,289.78,144.89,7534.279999999999,14,52.0
16898.0,26,5,885.21,4,3,3,433,Loyal Customers,885.21,177.042,587.4575454545455,550,3.3181818181818183
16899.0,8,8,1695.77,4,4,3,443,Champions,1695.77,211.97125,1591.1466580976864,389,7.5064267352185094
16900.0,17,3,887.11,4,3,3,433,Loyal Customers,887.11,295.7033333333333,7039.024999999999,46,23.804347826086953
16901.0,729,1,204.26,1,1,1,111,Lost Customers,204.26,204.26,10621.52,1,52.0
16902.0,116,1,1706.88,2,1,3,213,Others,1706.88,1706.88,88757.76000000001,1,52.0
16903.0,29,3,1041.75,3,3,3,333,Others,1041.75,347.25,985.074481865285,386,2.8367875647668392
16904.0,4,21,4675.36,4,4,4,444,Champions,4675.36,222.63619047619045,4203.217733990146,406,18.879310344827584
16905.0,5,17,4706.77,4,4,4,444,Champions,4706.77,276.86882352941177,2376.170193637621,723,8.582295988934993
16906.0,82,7,1410.92,3,4,3,343,Others,1410.92,201.56,1044.5959432048683,493,5.182555780933063
16907.0,29,9,1470.89,3,4,3,343,Others,1470.89,163.43222222222224,1080.2310865191148,497,6.609657947686117
16908.0,722,1,252.59,1,1,1,111,Lost Customers,252.59,252.59,13134.68,1,52.0
16909.0,72,1,379.14,3,1,2,312,Potential Loyalist,379.14,379.14,19715.28,1,52.0
16910.0,4,8,1508.96,4,4,3,443,Champions,1508.96,188.62,6404.306976744186,86,33.95348837209302
16911.0,636,2,255.25,1,2,1,121,Others,255.25,127.625,3726.6500000000005,25,29.200000000000003
16912.0,29,15,4460.51,3,4,4,344,Champions,4460.51,297.36733333333336,2322.5194721825965,701,7.8102710413694725
16913.0,290,3,423.90999999999997,2,3,2,232,Others,423.90999999999997,141.3033333333333,428.6070637119112,361,3.0332409972299166
16914.0,36,1,183.76,3,1,1,311,Potential Loyalist,183.76,183.76,9555.52,1,52.0
16915.0,9,11,1543.18,4,4,3,443,Champions,1543.18,140.2890909090909,1005.8226785714286,560,7.169642857142858
16916.0,24,4,902.02,4,3,3,433,Loyal Customers,902.02,225.505,842.0391304347827,391,3.7340153452685425
16917.0,277,2,1851.88,2,2,3,223,Others,1851.88,925.94,1904.0456338028168,355,2.056338028169014
16918.0,50,16,3206.54,3,4,4,344,Champions,3206.54,200.40875,1703.620232896652,687,8.500727802037845
16919.0,156,24,4909.66,2,4,4,244,Others,4909.66,204.56916666666666,5600.0809375,320,27.375
16920.0,411,1,355.45,1,1,2,112,Lost Customers,355.45,355.45,18483.399999999998,1,52.0
16921.0,61,3,409.21,3,3,2,332,Others,409.21,136.40333333333334,277.10881261595546,539,2.0315398886827456
16922.0,573,1,611.08,1,1,2,112,Lost Customers,611.08,611.08,31776.160000000003,1,52.0
16923.0,12,32,13157.130000000001,4,4,4,444,Champions,13157.130000000001,411.16031250000003,7221.582631578948,665,17.56390977443609
16924.0,21,3,829.89,4,3,2,432,Loyal Customers,829.89,276.63,4885.642741935483,62,17.661290322580644
16925.0,540,1,125.65,1,1,1,111,Lost Customers,125.65,125.65,6533.8,1,52.0
16926.0,371,5,1169.6100000000001,2,3,3,233,Others,1169.6100000000001,233.92200000000003,2754.242903225807,155,11.774193548387098
16927.0,116,3,543.05,2,3,2,232,Others,543.05,181.01666666666665,809.0336734693876,245,4.469387755102041
16928.0,80,29,3897.5299999999997,3,4,4,344,Champions,3897.5299999999997,134.39758620689653,2394.9468855218856,594,17.819865319865322
16929.0,4,7,1295.39,4,4,3,443,Champions,1295.39,185.0557142857143,3131.240728476821,151,16.920529801324502
16930.0,26,3,378.89,4,3,2,432,Loyal Customers,378.89,126.29666666666667,3292.734523809524,42,26.071428571428573
16931.0,5,23,5032.22,4,4,4,444,Champions,5032.22,218.79217391304348,4697.596675191817,391,21.47058823529412
16932.0,53,3,412.55,3,3,2,332,Others,412.55,137.51666666666668,291.25870406189557,517,2.117988394584139
16933.0,1,9,3099.3,4,4,4,444,Champions,3099.3,344.3666666666667,1553.90728021978,728,4.512362637362637
16934.0,55,6,2083.14,3,3,3,333,Others,2083.14,347.19,1343.3676678445229,566,3.8692579505300353
16935.0,382,3,530.86,1,3,2,132,At Risk,530.86,176.95333333333335,4968.305128205128,39,28.076923076923077
16936.0,26,2,548.29,4,2,2,422,Potential Loyalist,548.29,274.145,557.4536211699163,359,2.033426183844011
16937.0,499,1,196.25,1,1,1,111,Lost Customers,196.25,196.25,10205.0,1,52.0
16938.0,9,9,6995.360000000001,4,4,4,444,Champions,6995.360000000001,777.2622222222222,3922.129646697389,651,5.046082949308756
16939.0,489,3,433.85,1,3,2,132,At Risk,433.85,144.61666666666667,989.7203125000001,160,6.84375
16940.0,52,8,6427.66,3,4,4,344,Champions,6427.66,803.4575,3455.222238586156,679,4.300441826215022
16941.0,612,1,33.0,1,1,1,111,Lost Customers,33.0,33.0,1716.0,1,52.0
16942.0,13,9,1904.99,4,4,3,443,Champions,1904.99,211.66555555555556,3234.052790697674,215,15.27906976744186
16943.0,212,5,1299.49,2,3,3,233,Others,1299.49,259.898,1151.2472087378642,412,4.429611650485437
16944.0,610,1,101.36,1,1,1,111,Lost Customers,101.36,101.36,5270.72,1,52.0
16945.0,22,33,8548.16,4,4,4,444,Champions,8548.16,259.0351515151515,4400.674753173484,709,16.988716502115658
16946.0,383,5,1222.04,1,3,3,133,At Risk,1222.04,244.408,1689.5628787878788,264,6.912878787878788
16947.0,236,5,955.21,2,3,3,233,Others,955.21,191.042,850.3698780487805,410,4.451219512195122
16948.0,139,7,868.77,2,4,3,243,Others,868.77,124.11,613.3482591876208,517,4.941972920696324
16949.0,4,6,1286.27,4,3,3,433,Loyal Customers,1286.27,214.37833333333333,1504.7709935897435,312,7.019230769230769
16950.0,57,10,3541.77,3,4,4,344,Champions,3541.77,354.177,2061.7959330143544,627,5.821371610845295
16951.0,135,3,1277.75,2,3,3,233,Others,1277.75,425.9166666666667,2759.6375739644973,169,6.479289940828402
16952.0,109,5,795.83,2,3,2,232,Others,795.83,159.166,470.02904530744337,618,2.953074433656958
16953.0,30,1,20.8,3,1,1,311,Potential Loyalist,20.8,20.8,1081.6000000000001,1,52.0
16954.0,1,20,6081.88,4,4,4,444,Champions,6081.88,304.094,3221.895791001452,689,10.595065312046446
16955.0,185,6,1120.31,2,3,3,233,Others,1120.31,186.71833333333333,831.1242886178861,492,4.451219512195122
16956.0,18,1,308.74,4,1,1,411,Potential Loyalist,308.74,308.74,16054.48,1,52.0
16957.0,239,2,416.64,2,2,2,222,Others,416.64,208.32,3620.7999999999997,42,17.38095238095238
16958.0,435,1,778.49,1,1,2,112,Lost Customers,778.49,778.49,40481.48,1,52.0
16959.0,87,1,117.35000000000001,3,1,1,311,Potential Loyalist,117.35000000000001,117.35000000000001,6102.200000000001,1,52.0
16960.0,39,8,1990.88,3,4,3,343,Others,1990.88,248.86,1195.1828947368422,608,4.802631578947368
16961.0,116,3,794.56,2,3,2,232,Others,794.56,264.8533333333333,698.8298795180722,415,2.63855421686747
16962.0,410,1,251.04,1,1,1,111,Lost Customers,251.04,251.04,13054.08,1,52.0
16963.0,187,1,110.55000000000001,2,1,1,211,Others,110.55000000000001,110.55000000000001,5748.6,1,52.0
16964.0,733,2,207.85,1,2,1,121,Others,207.85,103.925,5404.099999999999,1,52.0
16965.0,227,1,201.19,2,1,1,211,Others,201.19,201.19,10461.88,1,52.0
16966.0,8,7,2154.97,4,4,3,443,Champions,2154.97,307.8528571428571,3405.039177489177,231,11.06060606060606
16967.0,189,1,319.02,2,1,1,211,Others,319.02,319.02,16589.04,1,52.0
16968.0,4,2,439.43,4,2,2,422,Potential Loyalist,439.43,219.715,1557.2033980582523,103,7.0873786407766985
16969.0,39,3,650.41,3,3,2,332,Others,650.41,216.8033333333333,1561.8398026315788,152,7.203947368421052
16970.0,626,1,71.4,1,1,1,111,Lost Customers,71.4,71.4,3712.8,1,52.0
16971.0,38,1,357.21,3,1,2,312,Potential Loyalist,357.21,357.21,18574.92,1,52.0
16972.0,383,2,749.0,1,2,2,122,Others,749.0,374.5,3745.0,73,10.0
16973.0,386,1,127.0,1,1,1,111,Lost Customers,127.0,127.0,6604.0,1,52.0
16974.0,523,2,365.5,1,2,2,122,Others,365.5,182.75,3253.8414634146343,41,17.804878048780488
16975.0,423,3,926.12,1,3,3,133,At Risk,926.12,308.70666666666665,4122.3634146341465,82,13.353658536585366
16976.0,267,1,251.51999999999998,2,1,1,211,Others,251.51999999999998,251.51999999999998,13079.039999999999,1,52.0
16977.0,395,4,496.0,1,3,2,132,At Risk,496.0,124.0,767.1186440677966,236,6.186440677966101
16978.0,78,3,768.88,3,3,2,332,Others,768.88,256.29333333333335,477.28095238095244,588,1.8622448979591837
16979.0,4,9,2859.74,4,4,4,444,Champions,2859.74,317.74888888888887,2340.370179372197,446,7.365470852017936
16980.0,255,3,1422.8300000000002,2,3,3,233,Others,1422.8300000000002,474.2766666666667,3001.9245664739888,173,6.329479768786127
16982.0,61,1,384.06,3,1,2,312,Potential Loyalist,384.06,384.06,19971.12,1,52.0
16983.0,13,11,3490.5299999999997,4,4,4,444,Champions,3490.5299999999997,317.3209090909091,2942.363625866051,433,9.272517321016167
16984.0,88,9,10350.53,3,4,4,344,Champions,10350.53,1150.058888888889,6831.724141048824,553,5.940325497287522
16985.0,17,23,10923.16,4,4,4,444,Champions,10923.16,474.92,5607.529395218003,711,11.80731364275668
16986.0,30,11,4888.75,3,4,4,344,Champions,4888.75,444.4318181818182,2775.1069206842926,643,6.244167962674961
16987.0,3,11,2521.4,4,4,4,444,Champions,2521.4,229.21818181818182,1253.8297002724796,734,5.470027247956404
16988.0,5,2,382.67,4,2,2,422,Potential Loyalist,382.67,191.335,373.46136363636367,374,1.9518716577540107
16989.0,7,6,1133.25,4,3,3,433,Loyal Customers,1133.25,188.875,2892.561188811189,143,15.314685314685315
16990.0,219,2,344.0,2,2,2,222,Others,344.0,172.0,618.5221674876847,203,3.5960591133004924
16991.0,421,1,1041.21,1,1,3,113,Lost Customers,1041.21,1041.21,54142.92,1,52.0
16992.0,11,13,5476.5,4,4,4,444,Champions,5476.5,421.2692307692308,3051.7900763358775,655,7.244274809160305
16993.0,464,2,1950.9499999999998,1,2,3,123,Others,1950.9499999999998,975.4749999999999,6358.006696428571,112,6.517857142857142
16996.0,30,9,2123.61,3,4,3,343,Others,2123.61,235.95666666666668,2002.8879844961243,387,8.488372093023257
16997.0,288,3,702.0,2,3,2,232,Others,702.0,234.0,6925.135135135135,37,29.594594594594593
16998.0,150,5,402.0,2,3,2,232,Others,402.0,80.4,499.08163265306126,294,6.207482993197279
16999.0,23,2,484.82,4,2,2,422,Potential Loyalist,484.82,242.41,3539.186,50,14.600000000000001
17000.0,396,2,406.3,1,2,2,122,Others,406.3,203.15,10563.800000000001,11,52.0
17001.0,1,19,6640.8,4,4,4,444,Champions,6640.8,349.5157894736842,3890.677367576244,623,11.131621187800963
17002.0,86,7,2571.55,3,4,4,344,Champions,2571.55,367.36428571428576,1691.1995495495496,555,4.603603603603603
17003.0,402,4,828.21,1,3,2,132,At Risk,828.21,207.0525,1717.5946022727273,176,8.295454545454545
17004.0,46,4,2324.36,3,3,4,334,Others,2324.36,581.09,2250.375066312997,377,3.8726790450928377
17005.0,471,2,622.36,1,2,2,122,Others,622.36,311.18,1925.0966101694914,118,6.186440677966101
17006.0,5,8,1635.27,4,4,3,443,Champions,1635.27,204.40875,934.0744131455399,639,4.569640062597809
17007.0,51,7,1120.1,3,4,3,343,Others,1120.1,160.0142857142857,1059.1619170984454,386,6.619170984455958
17008.0,429,1,81.36,1,1,1,111,Lost Customers,81.36,81.36,4230.72,1,52.0
17009.0,551,1,242.06,1,1,1,111,Lost Customers,242.06,242.06,12587.12,1,52.0
17010.0,18,1,195.36,4,1,1,411,Potential Loyalist,195.36,195.36,10158.720000000001,1,52.0
17011.0,30,3,671.7,3,3,2,332,Others,671.7,223.9,394.7995169082126,621,1.7632850241545894
17012.0,725,1,360.61,1,1,2,112,Lost Customers,360.61,360.61,18751.72,1,52.0
17014.0,8,3,583.4300000000001,4,3,2,432,Loyal Customers,583.4300000000001,194.4766666666667,3671.585344827586,58,18.879310344827584
17015.0,29,3,1838.6100000000001,3,3,3,333,Others,1838.6100000000001,612.87,4301.8759615384615,156,7.019230769230769
17016.0,577,1,552.4,1,1,2,112,Lost Customers,552.4,552.4,28724.8,1,52.0
17017.0,3,29,12576.99,4,4,4,444,Champions,12576.99,433.68931034482756,6262.75763983629,733,14.440654843110506
17018.0,41,6,2287.7,3,3,4,334,Others,2287.7,381.2833333333333,1203.1851585014408,694,3.155619596541787
17019.0,11,11,3602.29,4,4,4,444,Champions,3602.29,327.4809090909091,1811.0686639118458,726,5.53030303030303
17020.0,542,2,935.62,1,2,3,123,Others,935.62,467.81,3283.666346153846,104,7.019230769230769
17021.0,442,6,1182.22,1,3,3,133,At Risk,1182.22,197.03666666666666,2955.5499999999997,146,15.0
17022.0,31,2,260.0,3,2,1,321,Potential Loyalist,260.0,130.0,236.6583541147132,401,1.8204488778054861
17023.0,417,3,800.18,1,3,2,132,At Risk,800.18,266.72666666666663,1043.0917857142856,280,3.910714285714286
17024.0,45,3,95.85,3,3,1,331,Others,95.85,31.95,312.36830357142856,112,9.776785714285714
17025.0,61,5,1349.67,3,3,3,333,Others,1349.67,269.934,849.3612931034484,580,3.146551724137931
17026.0,185,3,175.82999999999998,2,3,1,231,Others,175.82999999999998,58.60999999999999,277.8266233766234,231,4.740259740259741
17027.0,79,9,1310.63,3,4,3,343,Others,1310.63,145.62555555555556,734.8386328725039,651,5.046082949308756
17028.0,581,3,1593.83,1,3,3,133,At Risk,1593.83,531.2766666666666,4155.3425,140,7.821428571428572
17029.0,111,7,2137.3,2,4,3,243,Others,2137.3,305.3285714285715,1410.6952983725137,553,4.620253164556962
17030.0,64,1,146.87,3,1,1,311,Potential Loyalist,146.87,146.87,7637.24,1,52.0
17031.0,12,6,2773.85,4,3,4,434,Champions,2773.85,462.30833333333334,1779.3589630931458,569,3.8488576449912126
17032.0,548,8,2984.32,1,4,4,144,At Risk,2984.32,373.04,6018.103867403315,181,16.132596685082873
17033.0,86,4,1332.79,3,3,3,333,Others,1332.79,333.1975,1564.2069131832795,311,4.694533762057877
17034.0,16,5,1276.42,4,3,3,433,Loyal Customers,1276.42,255.28400000000002,937.4110663983904,497,3.6720321931589535
17035.0,246,4,613.59,2,3,2,232,Others,613.59,153.3975,456.1310590631365,491,2.973523421588595
17036.0,383,1,176.9,1,1,1,111,Lost Customers,176.9,176.9,9198.800000000001,1,52.0
17037.0,88,1,1267.32,3,1,3,313,Potential Loyalist,1267.32,1267.32,65900.64,1,52.0
17038.0,30,2,743.17,3,2,2,322,Potential Loyalist,743.17,371.585,706.3985677083334,384,1.901041666666667
17039.0,604,1,1954.99,1,1,3,113,Lost Customers,1954.99,1954.99,101659.48,1,52.0
17040.0,138,2,463.25,2,2,2,222,Others,463.25,231.625,410.4035194174757,412,1.7718446601941746
17041.0,27,6,1655.2,3,3,3,333,Others,1655.2,275.8666666666667,1054.3595113438046,573,3.8219895287958114
17042.0,3,5,1036.58,4,3,3,433,Loyal Customers,1036.58,207.31599999999997,1550.621721311475,244,7.479508196721311
17043.0,32,8,2593.65,3,4,4,344,Champions,2593.65,324.20625,1356.27829512894,698,4.183381088825215
17044.0,25,12,11962.3,4,4,4,444,Champions,11962.3,996.8583333333332,6175.727722772277,707,6.1951909476661955
17045.0,113,5,827.6800000000001,2,3,2,232,Others,827.6800000000001,165.536,956.0227848101266,316,5.775316455696203
17046.0,157,5,1906.07,2,3,3,233,Others,1906.07,381.214,1502.6253779697622,463,3.9416846652267816
17047.0,85,6,2289.23,3,3,4,334,Others,2289.23,381.53833333333336,1293.4503869969042,646,3.390092879256966
17048.0,118,7,2071.68,2,4,3,243,Others,2071.68,295.9542857142857,1321.9636363636362,572,4.466783216783217
17049.0,3,19,9942.53,4,4,4,444,Champions,9942.53,523.291052631579,5643.893390357699,643,10.78538102643857
17050.0,96,11,4648.59,3,4,4,344,Champions,4648.59,422.59909090909093,2900.402307692308,585,6.863247863247864
17051.0,194,4,706.49,2,3,2,232,Others,706.49,176.6225,595.5400692840648,433,3.3718244803695154
17052.0,28,1,399.09,3,1,2,312,Potential Loyalist,399.09,399.09,20752.68,1,52.0
17053.0,131,1,498.48,2,1,2,212,Others,498.48,498.48,25920.96,1,52.0
17054.0,28,5,1356.33,3,3,3,333,Others,1356.33,271.26599999999996,2291.9465277777776,216,8.449074074074074
17055.0,446,1,232.85,1,1,1,111,Lost Customers,232.85,232.85,12108.199999999999,1,52.0
17056.0,738,1,128.60000000000002,1,1,1,111,Lost Customers,128.60000000000002,128.60000000000002,6687.200000000001,1,52.0
17057.0,596,1,294.74,1,1,1,111,Lost Customers,294.74,294.74,15326.48,1,52.0
17058.0,82,3,1179.89,3,3,3,333,Others,1179.89,393.2966666666667,2725.695253164557,158,6.930379746835443
17059.0,30,9,4864.57,3,4,4,344,Champions,4864.57,540.5077777777777,2723.263880368098,652,5.038343558282208
17060.0,266,1,234.24,2,1,1,211,Others,234.24,234.24,12180.48,1,52.0
17061.0,74,11,5232.2300000000005,3,4,4,344,Champions,5232.2300000000005,475.65727272727275,12087.113607594938,158,25.411392405063292
17062.0,314,6,889.75,2,3,3,233,Others,889.75,148.29166666666666,2598.0699999999997,125,17.52
17063.0,21,13,3638.53,4,4,4,444,Champions,3638.53,279.8869230769231,1852.250278940028,717,6.617852161785216
17064.0,59,3,855.45,3,3,2,332,Others,855.45,285.15000000000003,1165.0718283582091,268,4.085820895522388
17065.0,638,2,194.7,1,2,1,121,Others,194.7,97.35,5062.2,1,52.0
17066.0,726,1,228.34,1,1,1,111,Lost Customers,228.34,228.34,11873.68,1,52.0
17067.0,725,3,454.54,1,3,2,132,At Risk,454.54,151.51333333333335,7878.6933333333345,6,52.0
17068.0,12,47,8987.68,4,4,4,444,Champions,8987.68,191.2272340425532,5395.5644736842105,608,28.215460526315788
17069.0,28,14,5517.2300000000005,3,4,4,344,Champions,5517.2300000000005,394.08785714285716,2844.334675141243,708,7.2175141242937855
17070.0,114,2,437.42,2,2,2,222,Others,437.42,218.71,539.3861486486487,296,2.4662162162162162
17071.0,28,13,3793.71,3,4,4,344,Champions,3793.71,291.82384615384615,2110.8294969512194,656,7.233231707317073
17072.0,625,1,273.35,1,1,1,111,Lost Customers,273.35,273.35,14214.2,1,52.0
17073.0,18,4,1446.09,4,3,3,433,Loyal Customers,1446.09,361.5225,5800.251098901099,91,16.043956043956044
17074.0,563,1,203.05,1,1,1,111,Lost Customers,203.05,203.05,10558.6,1,52.0
17075.0,18,10,2236.63,4,4,3,443,Champions,2236.63,223.663,1153.0649011299436,708,5.155367231638418
17076.0,36,6,1242.75,3,3,3,333,Others,1242.75,207.125,648.9324034334763,699,3.133047210300429
17077.0,578,1,306.0,1,1,1,111,Lost Customers,306.0,306.0,15912.0,1,52.0
17078.0,36,2,378.2,3,2,2,322,Potential Loyalist,378.2,189.1,9833.199999999999,1,52.0
17079.0,78,1,118.80000000000001,3,1,1,311,Potential Loyalist,118.80000000000001,118.80000000000001,6177.6,1,52.0
17080.0,22,7,957.53,4,4,3,443,Champions,957.53,136.79,694.8279324055666,503,5.079522862823062
17081.0,25,6,949.39,4,3,3,433,Loyal Customers,949.39,158.23166666666665,550.9178855325914,629,3.481717011128776
17082.0,33,6,4732.03,3,3,4,334,Others,4732.03,788.6716666666666,2499.552749638205,691,3.1693198263386395
17083.0,109,9,4049.79,2,4,4,244,Others,4049.79,449.9766666666667,2644.3172629695887,559,5.8765652951699465
17084.0,35,3,5001.21,3,3,4,334,Others,5001.21,1667.07,5056.625069252077,361,3.0332409972299166
17085.0,123,28,7847.67,2,4,4,244,Others,7847.67,280.2739285714286,4695.736967213115,610,16.75409836065574
17086.0,7,6,2050.08,4,3,3,433,Loyal Customers,2050.08,341.68,13362.128571428571,56,39.107142857142854
17087.0,738,1,221.53,1,1,1,111,Lost Customers,221.53,221.53,11519.56,1,52.0
17088.0,28,4,1991.01,3,3,3,333,Others,1991.01,497.7525,3229.8606666666665,225,6.488888888888889
17089.0,386,1,128.45,1,1,1,111,Lost Customers,128.45,128.45,6679.4,1,52.0
17090.0,4,13,3080.1800000000003,4,4,4,444,Champions,3080.1800000000003,236.9369230769231,2235.1206759443344,503,9.433399602385686
17091.0,3,19,7495.75,4,4,4,444,Champions,7495.75,394.5131578947368,3799.9288194444443,720,9.631944444444445
17092.0,50,11,5511.41,3,4,4,344,Champions,5511.41,501.0372727272727,3218.66344,625,6.424
17093.0,593,1,235.88,1,1,1,111,Lost Customers,235.88,235.88,12265.76,1,52.0
17094.0,322,2,402.20000000000005,2,2,2,222,Others,402.20000000000005,201.10000000000002,1453.4950495049509,101,7.227722772277229
17095.0,23,7,2572.25,4,4,4,444,Champions,2572.25,367.4642857142857,1339.3313124108417,701,3.644793152639087
17096.0,15,11,3697.93,4,4,4,444,Champions,3697.93,336.17545454545456,2499.5267592592595,540,7.435185185185186
17097.0,2,9,1143.36,4,4,3,443,Champions,1143.36,127.03999999999999,975.0616822429906,428,7.675233644859813
17098.0,382,3,591.0699999999999,1,3,2,132,At Risk,591.0699999999999,197.0233333333333,1356.8588050314465,159,6.886792452830189
17099.0,533,1,582.17,1,1,2,112,Lost Customers,582.17,582.17,30272.839999999997,1,52.0
17100.0,18,2,971.74,4,2,3,423,Potential Loyalist,971.74,485.87,25265.24,1,52.0
17101.0,10,7,2507.05,4,4,4,444,Champions,2507.05,358.15000000000003,1697.7240259740258,539,4.74025974025974
17102.0,262,1,25.5,2,1,1,211,Others,25.5,25.5,1326.0,1,52.0
17103.0,722,1,424.3,1,1,2,112,Lost Customers,424.3,424.3,22063.600000000002,1,52.0
17104.0,424,1,474.03,1,1,2,112,Lost Customers,474.03,474.03,24649.559999999998,1,52.0
17105.0,159,2,665.78,2,2,2,222,Others,665.78,332.89,1653.1272108843536,147,4.965986394557823
17106.0,389,1,481.58,1,1,2,112,Lost Customers,481.58,481.58,25042.16,1,52.0
17107.0,33,10,16052.72,3,4,4,344,Champions,16052.72,1605.272,9112.352721617419,643,5.67651632970451
17108.0,664,1,174.95,1,1,1,111,Lost Customers,174.95,174.95,9097.4,1,52.0
17109.0,29,8,1291.71,3,4,3,343,Others,1291.71,161.46375,1007.4233974358974,468,6.239316239316239
17110.0,165,3,499.9,2,3,2,232,Others,499.9,166.63333333333333,410.95382882882876,444,2.466216216216216
17111.0,47,2,459.58,3,2,2,322,Potential Loyalist,459.58,229.79,443.77433862433867,378,1.9312169312169314
17112.0,503,1,197.57,1,1,1,111,Lost Customers,197.57,197.57,10273.64,1,52.0
17113.0,574,6,2305.59,1,3,4,134,At Risk,2305.59,384.26500000000004,6841.791463414635,123,17.804878048780488
17114.0,6,8,801.12,4,4,2,442,Loyal Customers,801.12,100.14,888.7805471124622,329,8.875379939209727
17115.0,8,7,2761.4900000000002,4,4,4,444,Champions,2761.4900000000002,394.49857142857144,1388.3524104683195,726,3.5192837465564737
17116.0,648,1,389.78,1,1,2,112,Lost Customers,389.78,389.78,20268.559999999998,1,52.0
17117.0,288,1,116.19999999999999,2,1,1,211,Others,116.19999999999999,116.19999999999999,6042.4,1,52.0
17118.0,318,1,157.02,2,1,1,211,Others,157.02,157.02,8165.040000000001,1,52.0
17119.0,3,2,606.91,4,2,2,422,Potential Loyalist,606.91,303.455,3955.752678571428,56,13.035714285714285
17120.0,233,1,307.46,2,1,1,211,Others,307.46,307.46,15987.919999999998,1,52.0
17121.0,403,1,314.74,1,1,1,111,Lost Customers,314.74,314.74,16366.48,1,52.0
17122.0,119,4,570.5,2,3,2,232,Others,570.5,142.625,547.9802631578948,380,3.842105263157895
17123.0,162,3,977.17,2,3,3,233,Others,977.17,325.7233333333333,869.9196341463413,410,2.670731707317073
17124.0,185,1,294.24,2,1,1,211,Others,294.24,294.24,15300.48,1,52.0
17125.0,50,1,230.5,3,1,1,311,Potential Loyalist,230.5,230.5,11986.0,1,52.0
17126.0,152,9,2016.43,2,4,3,243,Others,2016.43,224.04777777777778,2351.427955271565,313,10.495207667731629
17127.0,429,5,1155.0300000000002,1,3,3,133,At Risk,1155.0300000000002,231.00600000000003,1377.7318627450982,306,5.9640522875816995
17128.0,335,1,157.09,2,1,1,211,Others,157.09,157.09,8168.68,1,52.0
17129.0,520,1,31.85,1,1,1,111,Lost Customers,31.85,31.85,1656.2,1,52.0
17131.0,5,5,2463.17,4,3,4,434,Champions,2463.17,492.634,12843.672142857144,70,26.071428571428573
17132.0,452,2,1220.9099999999999,1,2,3,123,Others,1220.9099999999999,610.4549999999999,12378.670833333332,36,20.27777777777778
17133.0,16,12,14622.33,4,4,4,444,Champions,14622.33,1218.5275,8720.834068627451,612,7.1568627450980395
17134.0,107,3,625.3,2,3,2,232,Others,625.3,208.4333333333333,681.297014925373,335,3.2686567164179103
17135.0,16,10,1722.18,4,4,3,443,Champions,1722.18,172.21800000000002,1116.5110124333926,563,6.483126110124334
17136.0,662,1,231.68,1,1,1,111,Lost Customers,231.68,231.68,12047.36,1,52.0
17137.0,416,6,1099.81,1,3,3,133,At Risk,1099.81,183.30166666666665,1538.0484674329502,261,8.39080459770115
17138.0,276,7,4417.27,2,4,4,244,Others,4417.27,631.0385714285715,4061.2180100755663,397,6.435768261964735
17139.0,16,25,19566.76,4,4,4,444,Champions,19566.76,782.6704,10487.323641703377,681,13.399412628487518
17140.0,247,1,454.12,2,1,2,212,Others,454.12,454.12,23614.24,1,52.0
17141.0,418,4,727.58,1,3,2,132,At Risk,727.58,181.895,998.371052631579,266,5.488721804511278
17142.0,239,4,1275.25,2,3,3,233,Others,1275.25,318.8125,1045.991573033708,445,3.2808988764044944
17143.0,417,2,880.97,1,2,3,123,Others,880.97,440.485,3281.1637755102042,98,7.448979591836735
17144.0,1,2,984.57,4,2,3,423,Potential Loyalist,984.57,492.285,4329.735542168674,83,8.795180722891565
17145.0,513,4,3120.91,1,3,4,134,At Risk,3120.91,780.2275,7856.0837931034475,145,10.068965517241379
17146.0,106,13,5852.64,2,4,4,244,Others,5852.64,450.20307692307694,3747.743157894737,570,8.324561403508772
17147.0,23,9,3199.95,4,4,4,444,Champions,3199.95,355.54999999999995,1730.343333333333,675,4.866666666666666
17148.0,52,1,124.88,3,1,1,311,Potential Loyalist,124.88,124.88,6493.76,1,52.0
17149.0,451,1,143.10000000000002,1,1,1,111,Lost Customers,143.10000000000002,143.10000000000002,7441.200000000001,1,52.0
17150.0,377,6,1357.95,2,3,3,233,Others,1357.95,226.32500000000002,1388.3802521008406,357,6.1344537815126055
17151.0,735,1,231.90000000000003,1,1,1,111,Lost Customers,231.90000000000003,231.90000000000003,12058.800000000001,1,52.0
17152.0,195,4,2016.5,2,3,3,233,Others,2016.5,504.125,3200.097826086957,230,6.347826086956522
17153.0,24,1,213.78,4,1,1,411,Potential Loyalist,213.78,213.78,11116.56,1,52.0
17154.0,75,1,329.34,3,1,1,311,Potential Loyalist,329.34,329.34,17125.68,1,52.0
17155.0,18,7,892.46,4,4,3,443,Champions,892.46,127.49428571428572,453.05688456189154,719,3.553546592489569
17156.0,492,1,591.87,1,1,2,112,Lost Customers,591.87,591.87,30777.24,1,52.0
17157.0,8,19,5151.9,4,4,4,444,Champions,5151.9,271.15263157894736,2586.579779917469,727,9.53920220082531
17158.0,32,5,1980.0,3,3,3,333,Others,1980.0,396.0,1186.6995073891626,609,2.9967159277504107
17159.0,22,5,2099.59,4,3,3,433,Loyal Customers,2099.59,419.918,1230.0968699839486,623,2.929373996789727
17160.0,31,17,10209.16,3,4,4,344,Champions,10209.16,600.5388235294117,5293.101420454545,704,8.813920454545455
17161.0,444,1,856.01,1,1,2,112,Lost Customers,856.01,856.01,44512.52,1,52.0
17162.0,29,10,1715.46,3,4,3,343,Others,1715.46,171.546,2268.6336956521736,276,13.22463768115942
17163.0,22,4,699.78,4,3,2,432,Loyal Customers,699.78,174.945,391.1480857580398,653,2.23583460949464
17164.0,33,7,2467.35,3,4,4,344,Champions,2467.35,352.4785714285714,3752.428125,240,10.645833333333334
17165.0,284,6,1794.32,2,3,3,233,Others,1794.32,299.05333333333334,1475.0603603603602,444,4.932432432432432
17166.0,39,2,206.34,3,2,1,321,Potential Loyalist,206.34,103.17,456.44909090909096,165,4.424242424242425
17167.0,380,3,867.11,2,3,2,232,Others,867.11,289.0366666666667,4869.156153846155,65,16.846153846153847
17168.0,499,1,400.2,1,1,2,112,Lost Customers,400.2,400.2,20810.399999999998,1,52.0
17169.0,58,3,1156.73,3,3,3,333,Others,1156.73,385.57666666666665,811.9354807692308,520,2.105769230769231
17170.0,374,2,178.68,2,2,1,221,Others,178.68,89.34,4645.68,14,52.0
17171.0,289,2,384.59,2,2,2,222,Others,384.59,192.295,377.3530913978494,372,1.9623655913978495
17172.0,79,3,956.5699999999999,3,3,3,333,Others,956.5699999999999,318.8566666666666,539.6414992272024,647,1.6924265842349304
17173.0,5,8,3766.6,4,4,4,444,Champions,3766.6,470.825,10998.472000000002,125,23.360000000000003
17174.0,218,1,59.9,2,1,1,211,Others,59.9,59.9,3114.7999999999997,1,52.0
17175.0,44,4,1443.69,3,3,3,333,Others,1443.69,360.9225,2091.0589285714286,252,5.7936507936507935
17176.0,202,3,902.3199999999999,2,3,3,233,Others,902.3199999999999,300.7733333333333,693.3616842105262,475,2.3052631578947365
17177.0,505,1,119.5,1,1,1,111,Lost Customers,119.5,119.5,6214.0,1,52.0
17178.0,731,1,432.96,1,1,2,112,Lost Customers,432.96,432.96,22513.92,1,52.0
17179.0,178,6,1507.26,2,3,3,233,Others,1507.26,251.21,1432.6820312500004,384,5.703125000000001
17180.0,56,11,2236.77,3,4,3,343,Others,2236.77,203.34272727272727,1295.9064285714285,630,6.373015873015873
17181.0,57,3,309.85,3,3,1,331,Others,309.85,103.28333333333335,210.21421933085503,538,2.0353159851301115
17182.0,423,2,321.3,1,2,1,121,Others,321.3,160.65,397.5406779661017,295,2.4745762711864407
17183.0,8,6,3347.31,4,3,4,434,Champions,3347.31,557.885,12595.54793814433,97,22.577319587628864
17184.0,569,2,198.41000000000003,1,2,1,121,Others,198.41000000000003,99.20500000000001,449.8114906832298,161,4.534161490683229
17185.0,592,3,229.46,1,3,1,131,At Risk,229.46,76.48666666666666,3977.3066666666664,6,52.0
17186.0,47,2,144.0,3,2,1,321,Potential Loyalist,144.0,72.0,3744.0,13,52.0
17187.0,227,2,467.71,2,2,2,222,Others,467.71,233.855,570.9503344481606,299,2.4414715719063547
17188.0,11,13,4592.93,4,4,4,444,Champions,4592.93,353.3023076923077,2331.598678720445,719,6.599443671766342
17189.0,106,5,953.63,2,3,3,233,Others,953.63,190.726,551.6243264659272,631,2.892234548335975
17190.0,59,7,1726.57,3,4,3,343,Others,1726.57,246.65285714285713,1077.261623931624,585,4.367521367521368
17191.0,28,15,4310.34,3,4,4,344,Champions,4310.34,287.356,2215.879014084507,710,7.711267605633803
17192.0,536,1,75.28,1,1,1,111,Lost Customers,75.28,75.28,3914.56,1,52.0
17193.0,36,9,2310.04,3,4,4,344,Champions,2310.04,256.6711111111111,1201.0891737891736,702,4.679487179487179
17194.0,274,3,812.5,2,3,2,232,Others,812.5,270.8333333333333,1158.447265625,256,4.27734375
17195.0,655,1,562.98,1,1,2,112,Lost Customers,562.98,562.98,29274.96,1,52.0
17196.0,428,1,327.75,1,1,1,111,Lost Customers,327.75,327.75,17043.0,1,52.0
17197.0,30,1,1013.01,3,1,3,313,Potential Loyalist,1013.01,1013.01,52676.52,1,52.0
17198.0,24,3,692.22,4,3,2,432,Loyal Customers,692.22,230.74,728.127665706052,347,3.155619596541787
17199.0,582,1,135.04000000000002,1,1,1,111,Lost Customers,135.04000000000002,135.04000000000002,7022.080000000001,1,52.0
17200.0,387,4,356.71,1,3,2,132,At Risk,356.71,89.1775,493.17859848484846,264,5.53030303030303
17201.0,54,4,1143.1,3,3,3,333,Others,1143.1,285.775,680.6386623164763,613,2.3817292006525284
17202.0,421,1,160.65,1,1,1,111,Lost Customers,160.65,160.65,8353.800000000001,1,52.0
17203.0,36,10,5564.09,3,4,4,344,Champions,5564.09,556.409,5769.581960227272,352,10.369318181818182
17204.0,175,9,5504.6900000000005,2,4,4,244,Others,5504.6900000000005,611.6322222222223,5401.107123655914,372,8.830645161290322
17205.0,54,3,999.35,3,3,3,333,Others,999.35,333.1166666666667,715.2210784313726,510,2.1470588235294117
17206.0,53,1,204.24,3,1,1,311,Potential Loyalist,204.24,204.24,10620.48,1,52.0
17207.0,652,1,292.62,1,1,1,111,Lost Customers,292.62,292.62,15216.24,1,52.0
17208.0,396,1,111.15,1,1,1,111,Lost Customers,111.15,111.15,5779.8,1,52.0
17209.0,649,3,595.7,1,3,2,132,At Risk,595.7,198.5666666666667,2499.201149425288,87,12.586206896551724
17210.0,393,1,251.72,1,1,1,111,Lost Customers,251.72,251.72,13089.44,1,52.0
17211.0,27,13,3773.35,3,4,4,344,Champions,3773.35,290.2576923076923,1970.3472818311873,699,6.7882689556509295
17212.0,253,3,794.41,2,3,2,232,Others,794.41,264.80333333333334,1244.4620171673819,233,4.6995708154506435
17213.0,40,13,4869.400000000001,3,4,4,344,Champions,4869.400000000001,374.5692307692308,2598.437134502924,684,6.937134502923977
17214.0,60,6,1059.1200000000001,3,3,3,333,Others,1059.1200000000001,176.52,1297.2442953020136,298,7.348993288590604
17215.0,464,1,186.15,1,1,1,111,Lost Customers,186.15,186.15,9679.800000000001,1,52.0
17216.0,554,1,63.6,1,1,1,111,Lost Customers,63.6,63.6,3307.2000000000003,1,52.0
17217.0,234,2,210.1,2,2,1,221,Others,210.1,105.05,199.18571428571428,385,1.896103896103896
17218.0,4,18,3891.39,4,4,4,444,Champions,3891.39,216.18833333333333,2094.9223451327434,678,9.690265486725664
17219.0,32,2,259.13,3,2,1,321,Potential Loyalist,259.13,129.565,246.3084635416667,384,1.901041666666667
17220.0,24,21,4457.31,4,4,4,444,Champions,4457.31,212.25285714285715,2450.177936746988,664,11.543674698795181
17221.0,7,5,976.62,4,3,3,433,Loyal Customers,976.62,195.324,595.1023372287145,599,3.046744574290484
17222.0,65,6,1579.51,3,3,3,333,Others,1579.51,263.25166666666667,912.2170094936708,632,3.4651898734177213
17223.0,310,3,558.04,2,3,2,232,Others,558.04,186.01333333333332,3182.5718749999996,64,17.109375
17224.0,501,1,100.86,1,1,1,111,Lost Customers,100.86,100.86,5244.72,1,52.0
17225.0,582,1,131.15,1,1,1,111,Lost Customers,131.15,131.15,6819.8,1,52.0
17226.0,309,3,895.47,2,3,3,233,Others,895.47,298.49,918.108286516854,356,3.0758426966292136
17227.0,19,12,1878.93,4,4,3,443,Champions,1878.93,156.57750000000001,1017.5214391691396,674,6.498516320474778
17228.0,16,13,2820.03,4,4,4,444,Champions,2820.03,216.92538461538464,1657.5055555555557,621,7.640901771336554
17229.0,96,2,318.76,3,2,1,321,Potential Loyalist,318.76,159.38,2529.2913043478256,46,15.869565217391303
17230.0,264,18,9388.49,2,4,4,244,Others,9388.49,521.5827777777778,7337.899036402569,467,14.068522483940043
17231.0,12,25,7064.8,4,4,4,444,Champions,7064.8,282.592,3586.442280945758,719,12.691237830319889
17232.0,3,2,417.77,4,2,2,422,Potential Loyalist,417.77,208.885,10862.02,11,52.0
17233.0,35,3,560.86,3,3,2,332,Others,560.86,186.95333333333335,297.11741654571847,689,1.5892597968069666
17234.0,183,1,149.89000000000001,2,1,1,211,Others,149.89000000000001,149.89000000000001,7794.280000000001,1,52.0
17235.0,25,8,1562.98,4,4,3,443,Champions,1562.98,195.3725,1082.5193548387097,527,5.540796963946869
17236.0,13,12,1929.26,4,4,3,443,Champions,1929.26,160.77166666666668,1119.5228934817171,629,6.963434022257552
17237.0,11,4,994.13,4,3,3,433,Loyal Customers,994.13,248.5325,980.6958108108107,370,3.9459459459459456
17238.0,3,32,7331.67,4,4,4,444,Champions,7331.67,229.1146875,3635.9504755434778,736,15.869565217391303
17239.0,313,4,1189.45,2,3,3,233,Others,1189.45,297.3625,2038.2593896713613,213,6.854460093896713
17240.0,596,1,130.6,1,1,1,111,Lost Customers,130.6,130.6,6791.2,1,52.0
17241.0,385,12,2736.64,1,4,4,144,At Risk,2736.64,228.0533333333333,3619.1072463768114,276,15.869565217391305
17242.0,108,5,2889.28,2,3,4,234,Others,2889.28,577.856,1830.8805555555555,576,3.1684027777777777
17243.0,1,69,20203.58,4,4,4,444,Champions,20203.58,292.80550724637686,10019.438451086959,736,34.21875
17244.0,53,5,1826.04,3,3,3,333,Others,1826.04,365.20799999999997,980.1538235294117,680,2.683823529411765
17245.0,205,2,371.63,2,2,2,222,Others,371.63,185.815,280.2581611570248,484,1.5082644628099173
17246.0,547,2,38.92,1,2,1,121,Others,38.92,19.46,74.3759162303665,191,3.821989528795812
17247.0,15,1,280.09000000000003,4,1,1,411,Potential Loyalist,280.09000000000003,280.09000000000003,14564.680000000002,1,52.0
17248.0,120,2,500.54,2,2,2,222,Others,500.54,250.27,506.0861495844875,361,2.0221606648199444
17249.0,429,1,68.03,1,1,1,111,Lost Customers,68.03,68.03,3537.56,1,52.0
17250.0,4,2,381.97,4,2,2,422,Potential Loyalist,381.97,190.985,542.4865758754864,257,2.840466926070039
17251.0,363,3,798.98,2,3,2,232,Others,798.98,266.32666666666665,805.6013812154696,362,3.0248618784530388
17252.0,117,2,348.91,2,2,2,222,Others,348.91,174.455,1845.6833333333336,69,10.579710144927537
17253.0,18,1,178.26,4,1,1,411,Potential Loyalist,178.26,178.26,9269.52,1,52.0
17254.0,5,3,469.48,4,3,2,432,Loyal Customers,469.48,156.49333333333334,432.7277777777778,396,2.765151515151515
17255.0,41,4,781.7,3,3,2,332,Others,781.7,195.425,704.4950617283951,405,3.6049382716049383
17256.0,107,5,498.93,2,3,2,232,Others,498.93,99.786,370.1411585365854,492,3.709349593495935
17257.0,436,2,189.78,1,2,1,121,Others,189.78,94.89,4934.28,1,52.0
17258.0,397,2,417.3,1,2,2,122,Others,417.3,208.65,568.3376865671642,268,2.7238805970149254
17259.0,148,6,1452.39,2,3,3,233,Others,1452.39,242.06500000000003,1045.6062130177518,507,4.319526627218935
17260.0,411,1,120.95,1,1,1,111,Lost Customers,120.95,120.95,6289.400000000001,1,52.0
17261.0,510,1,221.59,1,1,1,111,Lost Customers,221.59,221.59,11522.68,1,52.0
17262.0,52,11,2488.76,3,4,4,344,Champions,2488.76,226.25090909090912,1351.7818452380955,672,5.974702380952381
17263.0,208,1,63.440000000000005,2,1,1,211,Others,63.440000000000005,63.440000000000005,3298.88,1,52.0
17264.0,424,1,268.28,1,1,1,111,Lost Customers,268.28,268.28,13950.559999999998,1,52.0
17265.0,139,2,550.01,2,2,2,222,Others,550.01,275.005,4896.430487804878,41,17.804878048780488
17266.0,2,5,501.71999999999997,4,3,2,432,Loyal Customers,501.71999999999997,100.344,287.03416927899684,638,2.8605015673981193
17267.0,127,2,317.2,2,2,1,221,Others,317.2,158.6,8247.199999999999,1,52.0
17268.0,108,11,1733.8899999999999,2,4,3,243,Others,1733.8899999999999,157.62636363636364,1015.842455858748,623,6.4446227929374
17269.0,386,1,491.81,1,1,2,112,Lost Customers,491.81,491.81,25574.12,1,52.0
17270.0,469,2,601.4499999999999,1,2,2,122,Others,601.4499999999999,300.72499999999997,837.8979007633586,262,2.7862595419847325
17271.0,736,1,204.3,1,1,1,111,Lost Customers,204.3,204.3,10623.6,1,52.0
17272.0,42,4,2148.63,3,3,3,333,Others,2148.63,537.1575,3564.7725000000005,220,6.636363636363637
17273.0,424,1,141.12,1,1,1,111,Lost Customers,141.12,141.12,7338.24,1,52.0
17274.0,35,2,573.22,3,2,2,322,Potential Loyalist,573.22,286.61,581.1813888888889,360,2.0277777777777777
17275.0,383,1,114.1,1,1,1,111,Lost Customers,114.1,114.1,5933.2,1,52.0
17276.0,402,1,502.49,1,1,2,112,Lost Customers,502.49,502.49,26129.48,1,52.0
17277.0,228,2,1065.3500000000001,2,2,3,223,Others,1065.3500000000001,532.6750000000001,4093.186842105264,95,7.68421052631579
17278.0,241,2,271.24,2,2,1,221,Others,271.24,135.62,306.50959752321984,323,2.260061919504644
17279.0,58,1,187.82999999999998,3,1,1,311,Potential Loyalist,187.82999999999998,187.82999999999998,9767.16,1,52.0
17280.0,438,1,118.85999999999999,1,1,1,111,Lost Customers,118.85999999999999,118.85999999999999,6180.719999999999,1,52.0
17281.0,374,6,797.8499999999999,2,3,2,232,Others,797.8499999999999,132.975,973.9640468227425,299,7.3244147157190636
17282.0,130,5,2308.54,2,3,4,234,Others,2308.54,461.70799999999997,2015.8303827751195,418,4.366028708133971
17283.0,379,1,188.46,2,1,1,211,Others,188.46,188.46,9799.92,1,52.0
17284.0,60,8,2788.06,3,4,4,344,Champions,2788.06,348.5075,2650.109114583334,384,7.604166666666668
17285.0,628,2,407.94,1,2,2,122,Others,407.94,203.97,4379.355882352941,34,21.470588235294116
17286.0,22,3,389.18,4,3,2,432,Loyal Customers,389.18,129.72666666666666,375.7955026455026,378,2.8968253968253967
17287.0,26,21,3826.86,4,4,4,444,Champions,3826.86,182.23142857142858,1967.3294366197183,710,10.795774647887324
17288.0,9,11,2468.43,4,4,4,444,Champions,2468.43,224.40272727272725,2340.19987012987,385,10.428571428571429
17289.0,32,9,2041.8,3,4,3,343,Others,2041.8,226.86666666666667,1223.7389162561578,609,5.394088669950739
17290.0,4,8,1487.96,4,4,3,443,Champions,1487.96,185.995,752.2235457063712,722,4.044321329639889
17291.0,308,1,550.8000000000001,2,1,2,212,Others,550.8000000000001,550.8000000000001,28641.600000000002,1,52.0
17292.0,472,2,271.75,1,2,1,121,Others,271.75,135.875,926.9976635514017,107,6.822429906542055
17293.0,8,17,3750.63,4,4,4,444,Champions,3750.63,220.62529411764706,1883.0535763411283,727,8.535075653370015
17294.0,669,2,467.78999999999996,1,2,2,122,Others,467.78999999999996,233.89499999999998,12162.539999999999,1,52.0
17295.0,29,3,547.0,3,3,2,332,Others,547.0,182.33333333333334,5704.4285714285725,35,31.28571428571429
17296.0,730,1,338.13,1,1,1,111,Lost Customers,338.13,338.13,17582.76,1,52.0
17297.0,17,1,128.18,4,1,1,411,Potential Loyalist,128.18,128.18,6665.360000000001,1,52.0
17298.0,101,5,954.26,2,3,3,233,Others,954.26,190.852,645.0090740740741,540,3.3796296296296298
17299.0,12,6,993.23,4,3,3,433,Loyal Customers,993.23,165.53833333333333,772.9828358208955,469,4.669509594882729
17300.0,391,2,393.64,1,2,2,122,Others,393.64,196.82,1596.4288888888887,90,8.11111111111111
17301.0,21,2,294.39,4,2,1,421,Potential Loyalist,294.39,147.195,178.19626865671643,603,1.2106135986733002
17302.0,15,5,1135.63,4,3,3,433,Loyal Customers,1135.63,227.12600000000003,1429.3274137931037,290,6.293103448275862
17303.0,361,1,250.04,2,1,1,211,Others,250.04,250.04,13002.08,1,52.0
17304.0,534,1,111.5,1,1,1,111,Lost Customers,111.5,111.5,5798.0,1,52.0
17305.0,649,1,2135.46,1,1,3,113,Lost Customers,2135.46,2135.46,111043.92,1,52.0
17306.0,11,21,9782.35,4,4,4,444,Champions,9782.35,465.8261904761905,9085.388676844786,393,19.503816793893133
17307.0,395,11,3999.8900000000003,1,4,4,144,At Risk,3999.8900000000003,363.6263636363637,4982.798122866895,293,13.703071672354948
17308.0,393,2,4511.76,1,2,4,124,Others,4511.76,2255.88,27911.73559322034,59,12.372881355932202
17309.0,95,3,320.39,3,3,1,331,Others,320.39,106.79666666666667,202.67305025996532,577,1.8977469670710572
17310.0,387,2,1025.1,1,2,3,123,Others,1025.1,512.55,2545.316326530612,147,4.965986394557823
17311.0,78,6,3566.56,3,3,4,334,Others,3566.56,594.4266666666666,2184.2187919463086,596,3.674496644295302
17312.0,139,3,644.3,2,3,2,232,Others,644.3,214.76666666666665,11167.866666666665,20,52.0
17313.0,31,1,2328.84,3,1,4,314,Potential Loyalist,2328.84,2328.84,121099.68000000001,1,52.0
17314.0,25,17,4904.43,4,4,4,444,Champions,4904.43,288.4958823529412,2517.7453586497886,711,8.727144866385371
17315.0,2,43,9599.58,4,4,4,444,Champions,9599.58,223.2460465116279,8036.345642201834,436,35.99770642201835
17316.0,420,1,124.45,1,1,1,111,Lost Customers,124.45,124.45,6471.400000000001,1,52.0
17317.0,46,3,2600.34,3,3,4,334,Others,2600.34,866.7800000000001,22072.653488372096,43,25.46511627906977
17318.0,725,1,157.32999999999998,1,1,1,111,Lost Customers,157.32999999999998,157.32999999999998,8181.159999999999,1,52.0
17319.0,669,1,29.1,1,1,1,111,Lost Customers,29.1,29.1,1513.2,1,52.0
17320.0,100,6,2444.85,2,3,4,234,Others,2444.85,407.47499999999997,1522.8161262798633,586,3.737201365187713
17321.0,8,6,1665.21,4,3,3,433,Loyal Customers,1665.21,277.535,1068.1927065026364,569,3.8488576449912126
17322.0,376,5,922.59,2,3,3,233,Others,922.59,184.518,935.4037500000001,360,5.069444444444445
17323.0,15,12,1551.04,4,4,3,443,Champions,1551.04,129.25333333333333,828.8866764275257,683,6.412884333821377
17324.0,18,12,2171.07,4,4,3,443,Champions,2171.07,180.9225,1127.2269559032718,703,6.230440967283073
17325.0,280,3,609.5699999999999,2,3,2,232,Others,609.5699999999999,203.18999999999997,616.3242382271467,361,3.0332409972299166
17326.0,408,2,312.35,1,2,1,121,Others,312.35,156.175,942.2128099173555,121,6.033057851239669
17327.0,410,2,152.35,1,2,1,121,Others,152.35,76.175,365.8404605263158,152,4.802631578947368
17328.0,673,1,104.7,1,1,1,111,Lost Customers,104.7,104.7,5444.400000000001,1,52.0
17329.0,14,5,998.53,4,3,3,433,Loyal Customers,998.53,199.706,505.49715672676837,721,2.53120665742025
17330.0,23,4,423.8,4,3,2,432,Loyal Customers,423.8,105.95,247.89583333333331,624,2.3397435897435894
17331.0,124,1,175.2,2,1,1,211,Others,175.2,175.2,9110.4,1,52.0
17332.0,528,5,838.27,1,3,2,132,At Risk,838.27,167.654,2390.379296875,128,14.2578125
17333.0,86,1,494.25,3,1,2,312,Potential Loyalist,494.25,494.25,25701.0,1,52.0
17334.0,302,3,635.15,2,3,2,232,Others,635.15,211.71666666666667,2229.1322115384614,104,10.528846153846153
17335.0,384,2,497.04,1,2,2,122,Others,497.04,248.52,604.7320000000001,300,2.4333333333333336
17336.0,472,1,81.12,1,1,1,111,Lost Customers,81.12,81.12,4218.24,1,52.0
17337.0,151,4,1981.06,2,3,3,233,Others,1981.06,495.265,4576.499367088607,158,9.240506329113924
17338.0,17,17,11889.33,4,4,4,444,Champions,11889.33,699.3723529411765,6988.092512077295,621,9.99194847020934
17339.0,94,3,302.36,3,3,1,331,Others,302.36,100.78666666666668,265.93108433734943,415,2.63855421686747
17340.0,30,18,19617.95,3,4,4,344,Champions,19617.95,1089.8861111111112,11312.088072669825,633,10.379146919431278
17341.0,157,5,1272.21,2,3,3,233,Others,1272.21,254.442,1212.419451697128,383,4.765013054830287
17342.0,380,4,1227.54,2,3,3,233,Others,1227.54,306.885,1545.0072413793102,290,5.0344827586206895
17343.0,355,6,1259.94,2,3,3,233,Others,1259.94,209.99,1210.2055263157897,380,5.7631578947368425
17344.0,46,2,457.36,3,2,2,322,Potential Loyalist,457.36,228.68,244.77478005865103,682,1.0703812316715542
17345.0,15,10,1586.6299999999999,4,4,3,443,Champions,1586.6299999999999,158.66299999999998,802.105193905817,722,5.055401662049861
17346.0,4,26,4998.61,4,4,4,444,Champions,4998.61,192.25423076923076,3056.101591289782,597,15.896147403685092
17347.0,86,1,228.96,3,1,1,311,Potential Loyalist,228.96,228.96,11905.92,1,52.0
17348.0,15,9,2442.29,4,4,4,444,Champions,2442.29,271.36555555555555,1428.5830929487179,624,5.264423076923077
17349.0,179,5,772.41,2,3,2,232,Others,772.41,154.482,623.7381637168141,452,4.037610619469026
17350.0,8,7,1893.701,4,4,3,443,Champions,1893.701,270.5287142857143,1034.7318338323353,668,3.8248502994011977
17351.0,36,12,1988.23,3,4,3,343,Others,1988.23,165.68583333333333,1047.191847041847,693,6.32034632034632
17352.0,696,1,36.25,1,1,1,111,Lost Customers,36.25,36.25,1885.0,1,52.0
17353.0,129,4,3242.0,2,3,4,234,Others,3242.0,810.5,2390.5656565656564,495,2.9494949494949494
17354.0,51,4,3133.96,3,3,4,334,Others,3133.96,783.49,3034.2053050397876,377,3.8726790450928377
17355.0,386,1,273.31,1,1,1,111,Lost Customers,273.31,273.31,14212.12,1,52.0
17356.0,312,5,946.47,2,3,3,233,Others,946.47,189.294,918.7807180851065,376,4.8537234042553195
17357.0,24,2,384.39,4,2,2,422,Potential Loyalist,384.39,192.195,9994.14,1,52.0
17358.0,303,5,861.01,2,3,2,232,Others,861.01,172.202,897.9104285714286,350,5.214285714285714
17359.0,11,2,284.46,4,2,1,421,Potential Loyalist,284.46,142.23,163.25141509433962,636,1.1477987421383649
17360.0,17,6,1200.51,4,3,3,433,Loyal Customers,1200.51,200.085,1050.8061151079137,417,5.2517985611510785
17361.0,49,5,871.79,3,3,3,333,Others,871.79,174.358,507.50135566188203,627,2.9106858054226477
17362.0,239,7,1024.04,2,4,3,243,Others,1024.04,146.29142857142855,807.2885529157667,463,5.518358531317495
17363.0,395,3,920.46,1,3,3,133,At Risk,920.46,306.82,15954.64,6,52.0
17364.0,1,28,11972.92,4,4,4,444,Champions,11972.92,427.6042857142857,5978.270588235294,731,13.980848153214774
17365.0,13,15,8184.49,4,4,4,444,Champions,8184.49,545.6326666666666,4499.0042921686745,664,8.245481927710843
17366.0,432,2,1077.24,1,2,3,123,Others,1077.24,538.62,17095.33043478261,23,31.739130434782606
17367.0,238,1,167.55,2,1,1,211,Others,167.55,167.55,8712.6,1,52.0
17368.0,23,14,2758.29,4,4,4,444,Champions,2758.29,197.0207142857143,1438.2512142857145,700,7.300000000000001
17369.0,456,1,979.1999999999999,1,1,3,113,Lost Customers,979.1999999999999,979.1999999999999,50918.399999999994,1,52.0
17370.0,73,4,446.18,3,3,2,332,Others,446.18,111.545,1696.413541666667,96,15.208333333333336
17371.0,17,6,655.37,4,3,2,432,Loyal Customers,655.37,109.22833333333334,335.02808123249304,714,3.0672268907563027
17372.0,41,28,4347.31,3,4,4,344,Champions,4347.31,155.26107142857146,2283.11964028777,695,14.70503597122302
17373.0,40,7,1167.5,3,4,3,343,Others,1167.5,166.78571428571428,699.7331691297209,609,4.195402298850575
17374.0,219,3,727.11,2,3,2,232,Others,727.11,242.37,1507.9269886363636,176,6.221590909090909
17375.0,199,4,660.55,2,3,2,232,Others,660.55,165.1375,1039.227370689655,232,6.293103448275861
17376.0,71,4,453.64,3,3,2,332,Others,453.64,113.41,366.3243362831858,452,3.230088495575221
17377.0,24,78,17644.27,4,4,4,444,Champions,17644.27,226.20858974358976,9032.480434782608,713,39.92987377279102
17378.0,374,1,10.95,2,1,1,211,Others,10.95,10.95,569.4,1,52.0
17379.0,11,1,389.71999999999997,4,1,2,412,Potential Loyalist,389.71999999999997,389.71999999999997,20265.44,1,52.0
17380.0,434,3,645.0,1,3,2,132,At Risk,645.0,215.0,2354.2500000000005,100,10.950000000000001
17381.0,9,38,36398.65,4,4,4,444,Champions,36398.65,957.8592105263158,24648.43645640074,539,25.732838589981448
17382.0,65,8,902.28,3,4,3,343,Others,902.28,112.785,653.4369047619048,504,5.7936507936507935
17383.0,4,2,304.09,4,2,1,421,Potential Loyalist,304.09,152.045,247.2001113585746,449,1.6258351893095768
17384.0,19,3,507.55,4,3,2,432,Loyal Customers,507.55,169.18333333333334,414.44239373601795,447,2.4496644295302015
17385.0,15,1,256.11,4,1,1,411,Potential Loyalist,256.11,256.11,13317.720000000001,1,52.0
17386.0,8,7,2812.77,4,4,4,444,Champions,2812.77,401.82428571428574,2723.2388594164454,377,6.777188328912466
17387.0,20,2,746.81,4,2,2,422,Potential Loyalist,746.81,373.405,19417.059999999998,13,52.0
17388.0,78,11,2675.37,3,4,4,344,Champions,2675.37,243.21545454545455,1500.0154377880185,651,6.167434715821813
17389.0,1,61,57215.33,4,4,4,444,Champions,57215.33,937.9562295081968,28451.764918256133,734,30.333787465940055
17390.0,421,1,149.3,1,1,1,111,Lost Customers,149.3,149.3,7763.6,1,52.0
17391.0,164,2,508.8,2,2,2,222,Others,508.8,254.4,13228.800000000001,1,52.0
17392.0,307,3,585.92,2,3,2,232,Others,585.92,195.30666666666664,1495.5300699300699,143,7.6573426573426575
17393.0,411,2,381.15,1,2,2,122,Others,381.15,190.575,1806.75,77,9.480519480519481
17394.0,219,1,203.86999999999998,2,1,1,211,Others,203.86999999999998,203.86999999999998,10601.239999999998,1,52.0
17395.0,508,1,97.5,1,1,1,111,Lost Customers,97.5,97.5,5070.0,1,52.0
17396.0,39,14,8409.6,3,4,4,344,Champions,8409.6,600.6857142857143,7635.582089552239,402,12.711442786069652
17397.0,22,3,1198.28,4,3,3,433,Loyal Customers,1198.28,399.4266666666667,1110.0817258883249,394,2.779187817258883
17398.0,115,3,653.38,2,3,2,232,Others,653.38,217.79333333333332,1703.4550000000002,140,7.821428571428572
17400.0,126,8,4623.28,2,4,4,244,Others,4623.28,577.91,2836.129747899159,595,4.9075630252100835
17401.0,541,1,114.85,1,1,1,111,Lost Customers,114.85,114.85,5972.2,1,52.0
17402.0,5,23,4635.5599999999995,4,4,4,444,Champions,4635.5599999999995,201.54608695652172,2356.517270194986,718,11.692200557103064
17403.0,36,2,382.87,3,2,2,322,Potential Loyalist,382.87,191.435,337.55446859903384,414,1.7632850241545894
17404.0,4,23,47781.12,4,4,4,444,Champions,47781.12,2077.44,25021.676901004306,697,12.044476327116213
17405.0,1,3,1031.41,4,3,3,433,Loyal Customers,1031.41,343.80333333333334,2526.608389261745,149,7.348993288590604
17406.0,333,13,4186.95,2,4,4,244,Others,4186.95,322.0730769230769,3820.5918749999996,400,11.8625
17407.0,412,1,552.9,1,1,2,112,Lost Customers,552.9,552.9,28750.8,1,52.0
17408.0,163,3,316.09000000000003,2,3,1,231,Others,316.09000000000003,105.36333333333334,329.63671428571433,350,3.1285714285714286
17409.0,185,10,7793.51,2,4,4,244,Others,7793.51,779.351,5238.731399631676,543,6.721915285451197
17410.0,16,5,1214.72,4,3,3,433,Loyal Customers,1214.72,242.94400000000002,2228.0040201005027,199,9.170854271356784
17411.0,12,5,1425.38,4,3,3,433,Loyal Customers,1425.38,285.076,718.5962707182322,724,2.520718232044199
17412.0,3,16,4220.22,4,4,4,444,Champions,4220.22,263.76375,2098.6107629427793,734,7.956403269754769
17413.0,405,2,560.14,1,2,2,122,Others,560.14,280.07,1239.097575757576,165,4.424242424242425
17414.0,44,6,2249.52,3,3,4,334,Others,2249.52,374.92,1186.5242774566475,692,3.1647398843930636
17415.0,80,1,507.84,3,1,2,312,Potential Loyalist,507.84,507.84,26407.68,1,52.0
17416.0,30,22,17298.45,3,4,4,344,Champions,17298.45,786.2931818181819,9084.797482014388,695,11.553956834532373
17417.0,549,1,164.18,1,1,1,111,Lost Customers,164.18,164.18,8537.36,1,52.0
17418.0,42,3,670.0600000000001,3,3,2,332,Others,670.0600000000001,223.35333333333335,710.9648255813954,344,3.183139534883721
17419.0,11,18,6126.25,4,4,4,444,Champions,6126.25,340.34722222222223,3327.5018601190473,672,9.776785714285714
17420.0,50,6,953.58,3,3,3,333,Others,953.58,158.93,991.61452991453,351,6.239316239316239
17421.0,386,3,1059.41,1,3,3,133,At Risk,1059.41,353.1366666666667,1107.9789398280805,349,3.1375358166189113
17422.0,16,11,3594.76,4,4,4,444,Champions,3594.76,326.79636363636365,2532.987258687259,518,7.750965250965251
17423.0,46,3,1118.95,3,3,3,333,Others,1118.95,372.98333333333335,1176.9935158501441,347,3.155619596541787
17425.0,19,2,759.17,4,2,2,422,Potential Loyalist,759.17,379.585,6758.464634146341,41,17.804878048780488
17426.0,8,13,8077.77,4,4,4,444,Champions,8077.77,621.3669230769231,4522.06449386503,652,7.27760736196319
17427.0,72,1,100.8,3,1,1,311,Potential Loyalist,100.8,100.8,5241.599999999999,1,52.0
17428.0,1,45,31466.760000000002,4,4,4,444,Champions,31466.760000000002,699.2613333333334,15583.944911804616,737,22.286295793758484
17429.0,128,5,1357.46,2,3,3,233,Others,1357.46,271.492,1646.0893687707642,301,6.06312292358804
17430.0,33,4,622.57,3,3,2,332,Others,622.57,155.6425,509.5023542600897,446,3.2735426008968607
17431.0,313,1,403.3,2,1,2,212,Others,403.3,403.3,20971.600000000002,1,52.0
17432.0,18,9,1728.99,4,4,3,443,Champions,1728.99,192.11,880.1692468619248,717,4.581589958158996
17433.0,88,2,569.96,3,2,2,322,Potential Loyalist,569.96,284.98,700.4558922558923,297,2.457912457912458
17434.0,2,7,2373.82,4,4,4,444,Champions,2373.82,339.1171428571429,10566.393902439026,82,31.158536585365855
17435.0,411,1,331.35,1,1,1,111,Lost Customers,331.35,331.35,17230.2,1,52.0
17436.0,2,5,534.06,4,3,2,432,Loyal Customers,534.06,106.81199999999998,267.03,730,2.5
17437.0,530,1,369.68,1,1,2,112,Lost Customers,369.68,369.68,19223.36,1,52.0
17438.0,254,5,1422.77,2,3,3,233,Others,1422.77,284.554,1341.8890180878552,387,4.715762273901809
17439.0,656,1,325.74,1,1,1,111,Lost Customers,325.74,325.74,16938.48,1,52.0
17440.0,157,4,323.58,2,3,1,231,Others,323.58,80.895,301.2926020408163,392,3.7244897959183674
17441.0,732,1,293.35,1,1,1,111,Lost Customers,293.35,293.35,15254.2,1,52.0
17442.0,37,15,4620.3,3,4,4,344,Champions,4620.3,308.02000000000004,2698.2552,625,8.76
17443.0,220,1,534.24,2,1,2,212,Others,534.24,534.24,27780.48,1,52.0
17444.0,148,3,2940.04,2,3,4,234,Others,2940.04,980.0133333333333,42924.584,25,43.800000000000004
17446.0,177,2,120.9,2,2,1,221,Others,120.9,60.45,331.79323308270676,133,5.488721804511278
17447.0,40,2,541.53,3,2,2,322,Potential Loyalist,541.53,270.765,6376.079032258065,31,23.548387096774196
17448.0,497,46,14523.67,1,4,4,144,At Risk,14523.67,315.7319565217391,16418.061739130433,147,52.0
17449.0,2,13,4868.15,4,4,4,444,Champions,4868.15,374.4730769230769,2440.762019230769,728,6.517857142857142
17450.0,8,51,244784.25,4,4,4,444,Champions,244784.25,4799.691176470588,208266.31993006993,429,43.39160839160839
17451.0,1,7,1721.4,4,4,3,443,Champions,1721.4,245.91428571428574,6041.451923076924,104,24.567307692307693
17453.0,18,2,486.71999999999997,4,2,2,422,Potential Loyalist,486.71999999999997,243.35999999999999,3862.0173913043473,46,15.869565217391303
17454.0,192,10,1547.94,2,4,3,243,Others,1547.94,154.794,1129.9962000000003,500,7.300000000000001
17455.0,204,1,131.7,2,1,1,211,Others,131.7,131.7,6848.4,1,52.0
17456.0,365,2,975.5600000000001,2,2,3,223,Others,975.5600000000001,487.78000000000003,3956.4377777777777,90,8.11111111111111
17457.0,127,14,5984.8099999999995,2,4,4,244,Others,5984.8099999999995,427.4864285714285,3610.6704958677683,605,8.446280991735538
17458.0,15,2,529.58,4,2,2,422,Potential Loyalist,529.58,264.79,528.1330601092895,366,1.9945355191256828
17459.0,43,2,657.3,3,2,2,322,Potential Loyalist,657.3,328.65,14994.656249999998,16,45.625
17460.0,94,16,2157.9700000000003,3,4,3,343,Others,2157.9700000000003,134.87312500000002,1330.5051520270272,592,9.864864864864865
17461.0,23,3,735.82,4,3,2,432,Loyal Customers,735.82,245.27333333333334,12754.213333333333,6,52.0
17462.0,60,2,675.69,3,2,2,322,Potential Loyalist,675.69,337.845,1105.95,223,3.2735426008968607
17463.0,16,7,2535.26,4,4,4,444,Champions,2535.26,362.18,1617.7795454545455,572,4.466783216783217
17464.0,158,3,907.14,2,3,3,233,Others,907.14,302.38,718.2344902386117,461,2.3752711496746204
17465.0,426,7,2542.79,1,4,4,144,At Risk,2542.79,363.2557142857143,2993.9301612903228,310,8.241935483870968
17466.0,10,2,763.28,4,2,2,422,Potential Loyalist,763.28,381.64,4097.017647058823,68,10.735294117647058
17467.0,395,1,102.6,1,1,1,111,Lost Customers,102.6,102.6,5335.2,1,52.0
17468.0,10,3,194.8,4,3,1,431,Loyal Customers,194.8,64.93333333333334,195.33516483516485,364,3.008241758241758
17469.0,16,17,5051.25,4,4,4,444,Champions,5051.25,297.13235294117646,2611.481940509915,706,8.788951841359774
17470.0,45,11,2626.47,3,4,4,344,Champions,2626.47,238.76999999999998,2070.543304535637,463,8.67170626349892
17471.0,475,1,321.65000000000003,1,1,1,111,Lost Customers,321.65000000000003,321.65000000000003,16725.800000000003,1,52.0
17472.0,191,4,922.35,2,3,3,233,Others,922.35,230.5875,770.3838672768878,437,3.3409610983981692
17473.0,409,2,607.0,1,2,2,122,Others,607.0,303.5,4713.936170212766,47,15.53191489361702
17474.0,600,1,1047.0,1,1,3,113,Lost Customers,1047.0,1047.0,54444.0,1,52.0
17475.0,79,1,194.37,3,1,1,311,Potential Loyalist,194.37,194.37,10107.24,1,52.0
17476.0,396,2,489.86,1,2,2,122,Others,489.86,244.93,524.3369501466276,341,2.1407624633431084
17477.0,613,2,1144.3,1,2,3,123,Others,1144.3,572.15,12284.397058823528,34,21.470588235294116
17478.0,408,2,1272.8,1,2,3,123,Others,1272.8,636.4,2064.7644444444445,225,3.2444444444444445
17479.0,633,1,389.26000000000005,1,1,2,112,Lost Customers,389.26000000000005,389.26000000000005,20241.520000000004,1,52.0
17480.0,78,2,882.23,3,2,3,323,Potential Loyalist,882.23,441.115,879.8195355191256,366,1.9945355191256828
17481.0,4,4,1255.59,4,3,3,433,Loyal Customers,1255.59,313.8975,5092.115,90,16.22222222222222
17482.0,487,2,775.64,1,2,2,122,Others,775.64,387.82,3111.083516483516,91,8.021978021978022
17483.0,65,4,591.73,3,3,2,332,Others,591.73,147.9325,618.8580229226362,349,4.183381088825215
17484.0,576,2,209.57,1,2,1,121,Others,209.57,104.785,1627.5117021276594,47,15.53191489361702
17486.0,261,1,396.87,2,1,2,212,Others,396.87,396.87,20637.24,1,52.0
17487.0,728,1,160.55,1,1,1,111,Lost Customers,160.55,160.55,8348.6,1,52.0
17488.0,641,1,336.5,1,1,1,111,Lost Customers,336.5,336.5,17498.0,1,52.0
17489.0,59,2,376.64,3,2,2,322,Potential Loyalist,376.64,188.32,898.5202614379084,153,4.771241830065359
17490.0,1,9,2750.5,4,4,4,444,Champions,2750.5,305.6111111111111,1767.4867957746478,568,5.783450704225352
17491.0,1,17,5653.67,4,4,4,444,Champions,5653.67,332.56882352941176,3503.5476230899835,589,10.534804753820035
17492.0,248,3,1122.42,2,3,3,233,Others,1122.42,374.14000000000004,1517.3455555555556,270,4.055555555555555
17493.0,385,1,100.91000000000001,1,1,1,111,Lost Customers,100.91000000000001,100.91000000000001,5247.320000000001,1,52.0
17494.0,502,1,54.699999999999996,1,1,1,111,Lost Customers,54.699999999999996,54.699999999999996,2844.3999999999996,1,52.0
17495.0,8,3,806.72,4,3,2,432,Loyal Customers,806.72,268.9066666666667,768.806266318538,383,2.8590078328981723
17496.0,359,4,1412.89,2,3,3,233,Others,1412.89,353.2225,1539.4174626865674,335,4.358208955223881
17497.0,390,2,287.25,1,2,1,121,Others,287.25,143.625,476.5738636363637,220,3.3181818181818183
17498.0,76,1,272.22,3,1,1,311,Potential Loyalist,272.22,272.22,14155.440000000002,1,52.0
17499.0,290,2,1341.39,2,2,3,223,Others,1341.39,670.695,1806.6691881918823,271,2.693726937269373
17500.0,17,3,1138.0,4,3,3,433,Loyal Customers,1138.0,379.3333333333333,19725.333333333332,12,52.0
17501.0,221,2,288.6,2,2,1,221,Others,288.6,144.3,7503.6,1,52.0
17502.0,9,4,689.1,4,3,2,432,Loyal Customers,689.1,172.275,8958.300000000001,19,52.0
17503.0,3,2,558.96,4,2,2,422,Potential Loyalist,558.96,279.48,5829.154285714286,35,20.857142857142858
17504.0,206,18,9490.17,2,4,4,244,Others,9490.17,527.2316666666667,7481.4515118790505,463,14.190064794816415
17505.0,162,5,2435.48,2,3,4,234,Others,2435.48,487.096,2006.6595936794583,443,4.119638826185102
17506.0,76,1,302.2,3,1,1,311,Potential Loyalist,302.2,302.2,15714.4,1,52.0
17507.0,262,2,605.58,2,2,2,222,Others,605.58,302.79,4702.908510638298,47,15.53191489361702
17508.0,281,8,4579.23,2,4,4,244,Others,4579.23,572.40375,3706.0287139689576,451,6.47450110864745
17509.0,58,8,6083.64,3,4,4,344,Champions,6083.64,760.455,39543.66,5,52.0
17510.0,25,2,514.56,4,2,2,422,Potential Loyalist,514.56,257.28,475.479493670886,395,1.8481012658227847
17511.0,3,60,172132.87,4,4,4,444,Champions,172132.87,2868.8811666666666,85597.40810626703,734,29.83651226158038
17512.0,29,18,5467.820000000001,3,4,4,344,Champions,5467.820000000001,303.76777777777784,2851.077571428572,700,9.385714285714286
17513.0,72,3,1158.8,3,3,3,333,Others,1158.8,386.26666666666665,1039.2186732186733,407,2.6904176904176906
17514.0,128,2,522.0,2,2,2,222,Others,522.0,261.0,352.181146025878,541,1.3493530499075785
17515.0,31,9,1602.51,3,4,3,343,Others,1602.51,178.05666666666667,1127.006069364162,519,6.329479768786127
17516.0,15,6,947.5,4,3,3,433,Loyal Customers,947.5,157.91666666666666,952.7203856749311,363,6.033057851239669
17517.0,309,1,153.94,2,1,1,211,Others,153.94,153.94,8004.88,1,52.0
17518.0,426,2,329.42,1,2,1,121,Others,329.42,164.71,616.6066666666667,195,3.7435897435897436
17519.0,17,15,4774.17,4,4,4,444,Champions,4774.17,318.278,2416.8821775312067,721,7.593619972260749
17520.0,54,1,546.81,3,1,2,312,Potential Loyalist,546.81,546.81,28434.119999999995,1,52.0
17521.0,30,5,1278.06,3,3,3,333,Others,1278.06,255.612,1154.6829207920794,404,4.517326732673268
17522.0,2,5,1070.71,4,3,3,433,Loyal Customers,1070.71,214.142,1809.3016203703703,216,8.449074074074074
17523.0,11,4,652.74,4,3,2,432,Loyal Customers,652.74,163.185,8485.62,7,52.0
17524.0,361,3,539.14,2,3,2,232,Others,539.14,179.71333333333334,2589.290789473684,76,14.407894736842104
17525.0,360,3,1161.9,2,3,3,233,Others,1161.9,387.3,6146.282608695653,69,15.869565217391305
17526.0,5,12,3939.24,4,4,4,444,Champions,3939.24,328.27,2005.3313807531379,717,6.108786610878661
17527.0,54,4,939.37,3,3,3,333,Others,939.37,234.8425,2090.671036585366,164,8.902439024390244
17528.0,1,8,3628.5,4,4,4,444,Champions,3628.5,453.5625,18920.035714285714,70,41.714285714285715
17529.0,610,2,1240.25,1,2,3,123,Others,1240.25,620.125,5203.347701149426,87,8.39080459770115
17530.0,1,12,2791.69,4,4,4,444,Champions,2791.69,232.64083333333335,1392.0312158469944,732,5.9836065573770485
17531.0,190,3,1266.82,2,3,3,233,Others,1266.82,422.2733333333333,1080.3488317757008,428,2.5584112149532707
17532.0,386,1,65.34,1,1,1,111,Lost Customers,65.34,65.34,3397.6800000000003,1,52.0
17533.0,435,1,34.8,1,1,1,111,Lost Customers,34.8,34.8,1809.6,1,52.0
17534.0,54,5,1668.83,3,3,3,333,Others,1668.83,333.76599999999996,1018.6002508361204,598,3.0518394648829434
17535.0,280,1,164.4,2,1,1,211,Others,164.4,164.4,8548.800000000001,1,52.0
17536.0,177,3,364.83,2,3,2,232,Others,364.83,121.61,263.68900990099013,505,2.1683168316831685
17537.0,30,2,887.67,3,2,3,323,Potential Loyalist,887.67,443.835,1186.8115384615382,273,2.673992673992674
17538.0,26,1,98.42,4,1,1,411,Potential Loyalist,98.42,98.42,5117.84,1,52.0
17539.0,618,4,1176.84,1,3,3,133,At Risk,1176.84,294.21,3977.2833333333333,108,13.518518518518519
17540.0,25,6,1590.6000000000001,4,3,3,433,Loyal Customers,1590.6000000000001,265.1,1009.6852173913044,575,3.808695652173913
17541.0,510,1,119.86,1,1,1,111,Lost Customers,119.86,119.86,6232.72,1,52.0
17542.0,270,3,340.85,2,3,1,231,Others,340.85,113.61666666666667,335.33760107816715,371,2.951482479784367
17543.0,550,1,120.05,1,1,1,111,Lost Customers,120.05,120.05,6242.599999999999,1,52.0
17544.0,390,3,944.82,1,3,3,133,At Risk,944.82,314.94,16376.88,1,52.0
17545.0,43,6,1409.8600000000001,3,3,3,333,Others,1409.8600000000001,234.9766666666667,963.6683520599253,534,4.1011235955056184
17547.0,376,2,727.85,2,2,2,222,Others,727.85,363.925,919.256920415225,289,2.5259515570934257
17548.0,234,4,731.26,2,3,2,232,Others,731.26,182.815,1647.5919753086418,162,9.012345679012345
17549.0,24,2,148.86,4,2,1,421,Potential Loyalist,148.86,74.43,2012.366666666667,27,27.037037037037038
17550.0,197,9,2506.64,2,4,4,244,Others,2506.64,278.5155555555555,1938.3974576271185,472,6.959745762711864
17551.0,359,1,290.34,2,1,1,211,Others,290.34,290.34,15097.679999999998,1,52.0
17552.0,60,12,2786.77,3,4,4,344,Champions,2786.77,232.23083333333332,1793.9524691358026,567,7.7248677248677255
17553.0,130,4,3757.6,2,3,4,234,Others,3757.6,939.4,2851.4012474012475,481,3.0353430353430353
17554.0,1,5,1952.45,4,3,3,433,Loyal Customers,1952.45,390.49,4881.125,146,12.5
17555.0,20,5,1045.74,4,3,3,433,Loyal Customers,1045.74,209.148,674.3729681978798,566,3.224381625441696
17556.0,206,2,300.67,2,2,1,221,Others,300.67,150.335,634.3615606936416,173,4.219653179190751
17557.0,14,4,575.46,4,3,2,432,Loyal Customers,575.46,143.865,292.53885793871865,718,2.033426183844011
17558.0,393,1,259.17,1,1,1,111,Lost Customers,259.17,259.17,13476.84,1,52.0
17559.0,513,1,167.62,1,1,1,111,Lost Customers,167.62,167.62,8716.24,1,52.0
17560.0,95,8,1895.8,3,4,3,343,Others,1895.8,236.975,1224.7203539823008,565,5.168141592920354
17561.0,19,4,703.02,4,3,2,432,Loyal Customers,703.02,175.755,359.89102384291726,713,2.047685834502104
17562.0,14,7,1122.38,4,4,3,443,Champions,1122.38,160.34,2576.532704402516,159,16.069182389937108
17563.0,578,2,392.38,1,2,2,122,Others,392.38,196.19,4339.960606060606,33,22.12121212121212
17564.0,24,3,454.01,4,3,2,432,Loyal Customers,454.01,151.33666666666667,3012.975454545455,55,19.90909090909091
17565.0,587,1,131.83,1,1,1,111,Lost Customers,131.83,131.83,6855.160000000001,1,52.0
17566.0,8,2,869.77,4,2,3,423,Potential Loyalist,869.77,434.885,18674.473529411764,17,42.94117647058823
17567.0,7,9,4838.08,4,4,4,444,Champions,4838.08,537.5644444444445,4068.8921658986173,434,7.5691244239631335
17568.0,633,1,374.45,1,1,2,112,Lost Customers,374.45,374.45,19471.399999999998,1,52.0
17569.0,332,1,344.14,2,1,2,212,Others,344.14,344.14,17895.28,1,52.0
17570.0,382,1,100.0,1,1,1,111,Lost Customers,100.0,100.0,5200.0,1,52.0
17571.0,50,5,1630.91,3,3,3,333,Others,1630.91,326.182,1209.9230691056912,492,3.709349593495935
17572.0,71,10,652.21,3,4,2,342,Others,652.21,65.221,364.5584226646248,653,5.5895865237366
17573.0,29,3,380.6,3,3,2,332,Others,380.6,126.86666666666667,2170.609375,64,17.109375
17574.0,243,1,185.65,2,1,1,211,Others,185.65,185.65,9653.800000000001,1,52.0
17575.0,667,1,171.7,1,1,1,111,Lost Customers,171.7,171.7,8928.4,1,52.0
17576.0,8,41,8711.95,4,4,4,444,Champions,8711.95,212.48658536585367,4367.941964285715,728,20.556318681318682
17577.0,645,2,348.75,1,2,2,122,Others,348.75,174.375,5534.510869565217,23,31.739130434782606
17578.0,218,7,1047.33,2,4,3,243,Others,1047.33,149.6185714285714,1229.1815112540191,311,8.215434083601286
17579.0,5,4,753.28,4,3,2,432,Loyal Customers,753.28,188.32,479.8380453752181,573,2.5479930191972073
17580.0,253,5,541.02,2,3,2,232,Others,541.02,108.204,1168.4751479289941,169,10.798816568047338
17581.0,1,43,17951.17,4,4,4,444,Champions,17951.17,417.4690697674418,8914.526598639453,735,21.353741496598637
17582.0,236,5,1446.95,2,3,3,233,Others,1446.95,289.39,1364.6944444444443,387,4.715762273901809
17583.0,560,1,135.95,1,1,1,111,Lost Customers,135.95,135.95,7069.4,1,52.0
17584.0,7,6,5309.42,4,3,4,434,Champions,5309.42,884.9033333333333,2866.7726331360946,676,3.239644970414201
17585.0,109,7,2064.71,2,4,3,243,Others,2064.71,294.9585714285714,2047.8781249999997,368,6.942934782608695
17586.0,619,1,167.4,1,1,1,111,Lost Customers,167.4,167.4,8704.800000000001,1,52.0
17587.0,628,1,176.71,1,1,1,111,Lost Customers,176.71,176.71,9188.92,1,52.0
17588.0,100,7,2939.55,2,4,4,244,Others,2939.55,419.9357142857143,1998.018156424581,537,4.757914338919925
17589.0,60,18,13837.94,3,4,4,344,Champions,13837.94,768.7744444444445,8678.433161512028,582,11.288659793814434
17590.0,2,3,1468.02,4,3,3,433,Loyal Customers,1468.02,489.34,14481.818918918918,37,29.594594594594593
17591.0,73,8,2339.32,3,4,4,344,Champions,2339.32,292.415,1383.8764991896273,617,4.73257698541329
17592.0,739,1,148.3,1,1,1,111,Lost Customers,148.3,148.3,7711.6,1,52.0
17593.0,4,11,8092.32,4,4,4,444,Champions,8092.32,735.6654545454545,4040.6248974008204,731,5.492476060191518
17594.0,85,4,2497.88,3,3,4,334,Others,2497.88,624.47,1756.697880539499,519,2.813102119460501
17595.0,12,2,386.69,4,2,2,422,Potential Loyalist,386.69,193.345,5880.9104166666675,24,30.41666666666667
17596.0,23,13,4491.46,4,4,4,444,Champions,4491.46,345.49692307692305,2338.634664764622,701,6.768901569186876
17597.0,214,5,3484.09,2,3,4,234,Others,3484.09,696.818,3446.3220867208674,369,4.94579945799458
17598.0,381,1,409.98,1,1,2,112,Lost Customers,409.98,409.98,21318.96,1,52.0
17599.0,478,1,52.05,1,1,1,111,Lost Customers,52.05,52.05,2706.6,1,52.0
17600.0,18,1,161.67000000000002,4,1,1,411,Potential Loyalist,161.67000000000002,161.67000000000002,8406.84,1,52.0
17601.0,239,2,413.08,2,2,2,222,Others,413.08,206.54,1069.3205673758864,141,5.177304964539006
17602.0,2,14,7354.43,4,4,4,444,Champions,7354.43,525.3164285714286,4357.738555194805,616,8.295454545454545
17603.0,78,4,1788.38,3,3,3,333,Others,1788.38,447.095,1002.7015360983105,651,2.242703533026114
17604.0,217,6,942.38,2,3,3,233,Others,942.38,157.06333333333333,741.3118534482758,464,4.719827586206896
17605.0,590,1,160.75,1,1,1,111,Lost Customers,160.75,160.75,8359.0,1,52.0
17606.0,737,1,87.30000000000001,1,1,1,111,Lost Customers,87.30000000000001,87.30000000000001,4539.6,1,52.0
17607.0,376,1,333.81,2,1,1,211,Others,333.81,333.81,17358.12,1,52.0
17608.0,33,4,488.06,3,3,2,332,Others,488.06,122.015,310.89336823734726,573,2.5479930191972073
17609.0,41,11,1887.8999999999999,3,4,3,343,Others,1887.8999999999999,171.62727272727273,1213.175176056338,568,7.068661971830986
17610.0,540,5,1511.94,1,3,3,133,At Risk,1511.94,302.38800000000003,2859.3683937823835,193,9.455958549222798
17611.0,7,28,8337.53,4,4,4,444,Champions,8337.53,297.7689285714286,4163.062175102599,731,13.980848153214774
17612.0,53,18,5394.86,3,4,4,344,Champions,5394.86,299.71444444444444,2943.3840059790737,669,9.820627802690584
17613.0,23,14,4544.55,4,4,4,444,Champions,4544.55,324.6107142857143,5882.130319148936,282,18.120567375886523
17614.0,57,1,386.32,3,1,2,312,Potential Loyalist,386.32,386.32,20088.64,1,52.0
17615.0,130,6,721.8,2,3,2,232,Others,721.8,120.3,742.1323943661971,355,6.169014084507042
17616.0,174,4,734.4,2,3,2,232,Others,734.4,183.6,967.7111913357401,277,5.270758122743683
17617.0,559,1,385.19,1,1,2,112,Lost Customers,385.19,385.19,20029.88,1,52.0
17618.0,6,11,4001.64,4,4,4,444,Champions,4001.64,363.7854545454545,2151.102503681885,679,5.913107511045656
17619.0,312,1,214.37,2,1,1,211,Others,214.37,214.37,11147.24,1,52.0
17620.0,60,1,81.44,3,1,1,311,Potential Loyalist,81.44,81.44,4234.88,1,52.0
17621.0,21,6,3175.12,4,3,4,434,Champions,3175.12,529.1866666666666,2826.6312195121945,410,5.341463414634146
17622.0,598,2,1130.21,1,2,3,123,Others,1130.21,565.105,29385.46,1,52.0
17623.0,33,7,2365.77,3,4,4,344,Champions,2365.77,337.96714285714285,1247.8411127167628,692,3.6921965317919074
17624.0,15,4,1568.63,4,3,3,433,Loyal Customers,1568.63,392.1575,813.2811789772727,704,2.0738636363636362
17625.0,18,8,5978.9,4,4,4,444,Champions,5978.9,747.3625,3091.0743626062317,706,4.135977337110481
17626.0,603,1,254.0,1,1,1,111,Lost Customers,254.0,254.0,13208.0,1,52.0
17627.0,479,1,296.36,1,1,1,111,Lost Customers,296.36,296.36,15410.720000000001,1,52.0
17628.0,81,1,75.75,3,1,1,311,Potential Loyalist,75.75,75.75,3939.0,1,52.0
17629.0,6,10,2455.52,4,4,4,444,Champions,2455.52,245.552,2159.6742168674696,415,8.795180722891565
17630.0,170,2,503.59999999999997,2,2,2,222,Others,503.59999999999997,251.79999999999998,2964.741935483871,62,11.774193548387098
17631.0,2,7,998.49,4,4,3,443,Champions,998.49,142.64142857142858,500.6165521978022,728,3.5096153846153846
17633.0,31,7,2057.39,3,4,3,343,Others,2057.39,293.91285714285715,2103.4939775910366,357,7.1568627450980395
17634.0,36,9,2358.59,3,4,4,344,Champions,2358.59,262.0655555555556,2860.0842192691034,301,10.913621262458472
17635.0,424,3,1265.58,1,3,3,133,At Risk,1265.58,421.85999999999996,2782.7512048192766,166,6.596385542168674
17636.0,19,1,285.56,4,1,1,411,Potential Loyalist,285.56,285.56,14849.12,1,52.0
17637.0,31,2,547.0600000000001,3,2,2,322,Potential Loyalist,547.0600000000001,273.53000000000003,2405.74578313253,83,8.795180722891565
17638.0,647,2,842.4,1,2,2,122,Others,842.4,421.2,4155.081081081081,74,9.864864864864865
17639.0,276,6,615.17,2,3,2,232,Others,615.17,102.52833333333332,1084.7200483091788,207,10.579710144927537
17640.0,87,6,3168.94,3,3,4,334,Others,3168.94,528.1566666666666,2145.9426716140997,539,4.063079777365491
17642.0,120,5,1824.49,2,3,3,233,Others,1824.49,364.898,1084.5909609120522,614,2.972312703583062
17643.0,373,2,439.7,2,2,2,222,Others,439.7,219.85,1215.8371212121212,132,5.53030303030303
17644.0,1,20,6028.6,4,4,4,444,Champions,6028.6,301.43,3333.998484848485,660,11.06060606060606
17646.0,219,12,3898.79,2,4,4,244,Others,3898.79,324.89916666666664,2823.528472222222,504,8.69047619047619
17647.0,65,3,331.65999999999997,3,3,1,331,Others,331.65999999999997,110.55333333333333,200.42367549668873,604,1.8129139072847682
17648.0,61,5,2216.37,3,3,3,333,Others,2216.37,443.274,2496.836574074074,324,5.632716049382716
17649.0,138,3,1578.89,2,3,3,233,Others,1578.89,526.2966666666667,1725.4336826347308,334,3.2784431137724552
17650.0,21,1,166.08,4,1,1,411,Potential Loyalist,166.08,166.08,8636.16,1,52.0
17651.0,12,16,5703.52,4,4,4,444,Champions,5703.52,356.47,4050.164980544748,514,11.361867704280156
17652.0,25,12,4867.72,4,4,4,444,Champions,4867.72,405.6433333333334,6967.520784313726,255,17.176470588235293
17653.0,37,4,1207.56,3,3,3,333,Others,1207.56,301.89,5310.354216867469,83,17.59036144578313
17654.0,277,1,117.55,2,1,1,211,Others,117.55,117.55,6112.599999999999,1,52.0
17655.0,11,9,2976.38,4,4,4,444,Champions,2976.38,330.7088888888889,2675.8096059113304,406,8.091133004926109
17656.0,73,5,1674.69,3,3,3,333,Others,1674.69,334.938,11113.85181818182,55,33.18181818181819
17657.0,430,1,126.0,1,1,1,111,Lost Customers,126.0,126.0,6552.0,1,52.0
17658.0,26,2,595.42,4,2,2,422,Potential Loyalist,595.42,297.71,1174.7475675675673,185,3.9459459459459456
17659.0,17,14,3586.9900000000002,4,4,4,444,Champions,3586.9900000000002,256.21357142857147,3557.7482336956527,368,13.88586956521739
17660.0,141,2,342.22,2,2,1,221,Others,342.22,171.11,209.93327731092435,595,1.2268907563025209
17662.0,662,2,412.92,1,2,2,122,Others,412.92,206.46,2511.9300000000003,60,12.166666666666668
17663.0,26,17,5175.83,4,4,4,444,Champions,5175.83,304.4605882352941,3051.9837641357026,619,10.024232633279484
17664.0,19,4,1166.23,4,3,3,433,Loyal Customers,1166.23,291.5575,708.2761231281198,601,2.4292845257903495
17665.0,493,1,563.1,1,1,2,112,Lost Customers,563.1,563.1,29281.2,1,52.0
17666.0,4,5,2047.8,4,3,3,433,Loyal Customers,2047.8,409.56,1429.1529636711282,523,3.4894837476099427
17667.0,66,9,3950.7,3,4,4,344,Champions,3950.7,438.96666666666664,2452.3903061224487,588,5.586734693877551
17668.0,1,2,347.75,4,2,2,422,Potential Loyalist,347.75,173.875,3525.7986111111113,36,20.27777777777778
17669.0,43,10,6142.35,3,4,4,344,Champions,6142.35,614.235,3905.849738675958,574,6.358885017421603
17670.0,228,1,205.7,2,1,1,211,Others,205.7,205.7,10696.4,1,52.0
17671.0,16,5,2009.16,4,3,3,433,Loyal Customers,2009.16,401.832,2037.065,360,5.069444444444445
17672.0,50,7,5778.63,3,4,4,344,Champions,5778.63,825.5185714285715,3342.6306656101433,631,4.049128367670365
17673.0,2,13,4173.88,4,4,4,444,Champions,4173.88,321.0676923076923,2425.901592356688,628,7.555732484076433
17674.0,74,2,551.04,3,2,2,322,Potential Loyalist,551.04,275.52,684.1142857142856,294,2.4829931972789114
17675.0,1,70,37642.48,4,4,4,444,Champions,37642.48,537.7497142857143,18872.946703296704,728,35.09615384615385
17676.0,4,10,2448.64,4,4,4,444,Champions,2448.64,244.86399999999998,1453.2578861788616,615,5.934959349593496
17677.0,2,54,35058.46,4,4,4,444,Champions,35058.46,649.2307407407408,17748.041470180306,721,27.337031900138697
17678.0,264,2,599.76,2,2,2,222,Others,599.76,299.88,645.7592920353982,339,2.1533923303834808
17679.0,53,7,3577.61,3,4,4,344,Champions,3577.61,511.08714285714285,1911.8999267935578,683,3.7408491947291362
17680.0,24,3,497.45,4,3,2,432,Loyal Customers,497.45,165.81666666666666,372.83213552361394,487,2.248459958932238
17681.0,597,5,731.2,1,3,2,132,At Risk,731.2,146.24,2780.0833333333335,96,19.010416666666668
17682.0,10,11,4065.28,4,4,4,444,Champions,4065.28,369.5709090909091,2351.548652931854,631,6.362916006339145
17683.0,386,3,819.01,1,3,2,132,At Risk,819.01,273.00333333333333,1779.3967261904763,168,6.517857142857143
17684.0,44,1,239.41,3,1,1,311,Potential Loyalist,239.41,239.41,12449.32,1,52.0
17685.0,17,12,5454.95,4,4,4,444,Champions,5454.95,454.57916666666665,3067.88405238829,649,6.748844375963021
17686.0,7,9,8296.81,4,4,4,444,Champions,8296.81,921.8677777777777,5757.292110266159,526,6.245247148288973
17687.0,421,1,432.68,1,1,2,112,Lost Customers,432.68,432.68,22499.36,1,52.0
17688.0,394,1,304.2,1,1,1,111,Lost Customers,304.2,304.2,15818.4,1,52.0
17689.0,388,2,317.08,1,2,1,121,Others,317.08,158.54,1361.5788235294117,85,8.588235294117647
17690.0,30,20,6963.8,3,4,4,344,Champions,6963.8,348.19,3946.8742236024846,644,11.335403726708075
17691.0,358,4,637.5500000000001,2,3,2,232,Others,637.5500000000001,159.38750000000002,1237.7965425531916,188,7.76595744680851
17692.0,127,12,2975.8,2,4,4,244,Others,2975.8,247.98333333333335,2629.9443099273612,413,10.605326876513319
17693.0,137,1,200.47,2,1,1,211,Others,200.47,200.47,10424.44,1,52.0
17694.0,142,3,1695.97,2,3,3,233,Others,1695.97,565.3233333333334,1470.377790973872,421,2.6009501187648456
17695.0,132,5,1746.04,2,3,3,233,Others,1746.04,349.20799999999997,1160.846265938069,549,3.324225865209472
17696.0,38,27,7679.59,3,4,4,344,Champions,7679.59,284.42925925925925,4062.391811594203,690,14.282608695652174
17697.0,236,1,338.95,2,1,1,211,Others,338.95,338.95,17625.399999999998,1,52.0
17698.0,261,1,154.95,2,1,1,211,Others,154.95,154.95,8057.4,1,52.0
17699.0,477,2,442.0,1,2,2,122,Others,442.0,221.0,1920.5952380952378,84,8.69047619047619
17700.0,17,14,6679.97,4,4,4,444,Champions,6679.97,477.1407142857143,3376.993144044321,722,7.077562326869805
17701.0,253,1,417.95,2,1,2,212,Others,417.95,417.95,21733.399999999998,1,52.0
17702.0,30,6,3144.04,3,3,4,334,Others,3144.04,524.0066666666667,3101.552972972973,370,5.918918918918918
17703.0,35,4,1094.84,3,3,3,333,Others,1094.84,273.71,1046.1167539267017,382,3.821989528795812
17704.0,169,2,885.19,2,2,3,223,Others,885.19,442.595,4550.6246478873245,71,10.28169014084507
17705.0,3,11,2083.9,4,4,3,443,Champions,2083.9,189.44545454545457,1327.4406631762654,573,7.006980802792321
17706.0,4,31,20272.15,4,4,4,444,Champions,20272.15,653.9403225806452,10801.948540145986,685,16.51824817518248
17707.0,185,8,609.3000000000001,2,4,2,242,Others,609.3000000000001,76.16250000000001,406.5712979890311,547,5.338208409506398
17708.0,188,4,884.1800000000001,2,3,3,233,Others,884.1800000000001,221.04500000000002,1373.30085106383,235,6.212765957446808
17709.0,170,5,671.01,2,3,2,232,Others,671.01,134.202,565.6319861431871,433,4.214780600461894
17710.0,424,1,293.5,1,1,1,111,Lost Customers,293.5,293.5,15262.0,1,52.0
17711.0,11,2,385.1,4,2,2,422,Potential Loyalist,385.1,192.55,503.8046594982079,279,2.6164874551971327
17712.0,45,1,522.91,3,1,2,312,Potential Loyalist,522.91,522.91,27191.32,1,52.0
17713.0,382,4,1198.09,1,3,3,133,At Risk,1198.09,299.5225,2634.3545180722886,166,8.795180722891565
17714.0,321,5,1410.18,2,3,3,233,Others,1410.18,282.036,2680.8109375000004,192,9.505208333333334
17715.0,201,2,489.59999999999997,2,2,2,222,Others,489.59999999999997,244.79999999999998,455.87755102040813,392,1.8622448979591837
17716.0,23,24,15956.97,4,4,4,444,Champions,15956.97,664.87375,8157.274579831933,714,12.268907563025211
17717.0,421,1,376.92,1,1,2,112,Lost Customers,376.92,376.92,19599.84,1,52.0
17718.0,232,2,439.18,2,2,2,222,Others,439.18,219.59,389.0793689320388,412,1.7718446601941746
17719.0,38,15,5396.04,3,4,4,344,Champions,5396.04,359.736,9076.288479262672,217,25.23041474654378
17720.0,26,10,2666.91,4,4,4,444,Champions,2666.91,266.691,1763.4459239130433,552,6.61231884057971
17721.0,659,1,307.21000000000004,1,1,1,111,Lost Customers,307.21000000000004,307.21000000000004,15974.920000000002,1,52.0
17722.0,96,5,3520.2200000000003,3,3,4,334,Others,3520.2200000000003,704.0440000000001,4605.305734767026,279,6.541218637992832
17723.0,127,7,3378.4000000000005,2,4,4,244,Others,3378.4000000000005,482.6285714285715,4972.241935483872,248,10.30241935483871
17724.0,71,3,1033.0,3,3,3,333,Others,1033.0,344.3333333333333,5627.537313432836,67,16.34328358208955
17725.0,16,11,3439.08,4,4,4,444,Champions,3439.08,312.64363636363635,5021.0568,250,16.060000000000002
17726.0,395,7,1092.06,1,4,3,143,At Risk,1092.06,156.00857142857143,1393.712937062937,286,8.933566433566433
17727.0,15,1,1060.25,4,1,3,413,Potential Loyalist,1060.25,1060.25,55133.0,1,52.0
17728.0,4,5,4238.76,4,3,4,434,Champions,4238.76,847.7520000000001,3445.762583518932,449,4.064587973273943
17729.0,596,1,438.65000000000003,1,1,2,112,Lost Customers,438.65000000000003,438.65000000000003,22809.800000000003,1,52.0
17730.0,3,20,7773.8,4,4,4,444,Champions,7773.8,388.69,4842.04266211604,586,12.457337883959044
17731.0,79,6,1708.99,3,3,3,333,Others,1708.99,284.83166666666665,1059.0515280135824,589,3.7181663837011887
17732.0,373,8,2166.42,2,4,3,243,Others,2166.42,270.8025,6876.028695652175,115,25.39130434782609
17733.0,39,2,692.19,3,2,2,322,Potential Loyalist,692.19,346.095,1138.0601351351352,222,3.288288288288288
17734.0,54,6,1442.32,3,3,3,333,Others,1442.32,240.38666666666666,895.3176870748299,588,3.7244897959183674
17735.0,2,26,16790.33,4,4,4,444,Champions,16790.33,645.7819230769231,12380.748383838383,495,19.17171717171717
17736.0,9,3,377.44,4,3,2,432,Loyal Customers,377.44,125.81333333333333,1324.6692307692306,104,10.528846153846153
17737.0,9,2,168.24,4,2,1,421,Potential Loyalist,168.24,84.12,1253.2163265306124,49,14.89795918367347
17738.0,19,13,4183.56,4,4,4,444,Champions,4183.56,321.81230769230774,2499.1806873977093,611,7.765957446808511
17739.0,12,18,7730.59,4,4,4,444,Champions,7730.59,429.4772222222222,3918.9796527777776,720,9.125
17740.0,389,6,426.9,1,3,2,132,At Risk,426.9,71.14999999999999,505.90422077922074,308,7.1103896103896105
17741.0,407,2,101.1,1,2,1,121,Others,101.1,50.55,241.1862745098039,153,4.771241830065359
17742.0,113,11,2098.48,2,4,3,243,Others,2098.48,190.7709090909091,1225.51232,625,6.424
17743.0,448,1,229.2,1,1,1,111,Lost Customers,229.2,229.2,11918.4,1,52.0
17744.0,4,7,2649.14,4,4,4,444,Champions,2649.14,378.4485714285714,2564.81724137931,377,6.777188328912466
17745.0,478,2,600.34,1,2,2,122,Others,600.34,300.17,2809.2833333333333,78,9.358974358974358
17746.0,240,4,904.1800000000001,2,3,3,233,Others,904.1800000000001,226.04500000000002,891.9613513513514,370,3.9459459459459456
17747.0,113,1,71.4,2,1,1,211,Others,71.4,71.4,3712.8,1,52.0
17748.0,527,1,358.15,1,1,2,112,Lost Customers,358.15,358.15,18623.8,1,52.0
17749.0,178,3,1026.18,2,3,3,233,Others,1026.18,342.06,1017.8144021739129,368,2.975543478260869
17750.0,5,9,1710.45,4,4,3,443,Champions,1710.45,190.05,3951.356012658228,158,20.79113924050633
17751.0,421,1,157.85999999999999,1,1,1,111,Lost Customers,157.85999999999999,157.85999999999999,8208.72,1,52.0
17752.0,359,1,80.64,2,1,1,211,Others,80.64,80.64,4193.28,1,52.0
17753.0,464,4,382.06,1,3,2,132,At Risk,382.06,95.515,585.9323529411765,238,6.1344537815126055
17754.0,1,13,4451.22,4,4,4,444,Champions,4451.22,342.4015384615385,2234.794085281981,727,6.526822558459423
17756.0,376,3,728.75,2,3,2,232,Others,728.75,242.91666666666666,12631.666666666666,18,52.0
17757.0,1,56,9074.05,4,4,4,444,Champions,9074.05,162.03660714285712,4779.261544011543,693,29.494949494949495
17758.0,19,12,4964.03,4,4,4,444,Champions,4964.03,413.6691666666666,3300.3113843351543,549,7.978142076502732
17759.0,17,5,1261.88,4,3,3,433,Loyal Customers,1261.88,252.37600000000003,813.7565371024735,566,3.224381625441696
17760.0,22,6,746.39,4,3,2,432,Loyal Customers,746.39,124.39833333333333,434.501355661882,627,3.4928229665071773
17761.0,33,1,712.78,3,1,2,312,Potential Loyalist,712.78,712.78,37064.56,1,52.0
17762.0,456,1,129.75,1,1,1,111,Lost Customers,129.75,129.75,6747.0,1,52.0
17763.0,263,4,86.15,2,3,1,231,Others,86.15,21.5375,79.60696202531645,395,3.6962025316455693
17764.0,51,5,1513.57,3,3,3,333,Others,1513.57,302.714,806.5008029197081,685,2.664233576642336
17765.0,159,4,524.0,2,3,2,232,Others,524.0,131.0,661.7993079584775,289,5.051903114186851
17766.0,381,2,299.61,1,2,1,121,Others,299.61,149.805,7789.860000000001,1,52.0
17767.0,15,2,413.05,4,2,2,422,Potential Loyalist,413.05,206.525,382.6478426395939,394,1.8527918781725887
17768.0,8,7,3292.73,4,4,4,444,Champions,3292.73,470.39,1648.6233882030178,729,3.50480109739369
17769.0,13,17,7053.38,4,4,4,444,Champions,7053.38,414.90470588235297,3808.4078402366868,676,9.178994082840237
17770.0,199,5,1143.27,2,3,3,233,Others,1143.27,228.654,5027.63313253012,83,21.987951807228914
17771.0,57,4,387.41,3,3,2,332,Others,387.41,96.8525,265.79821428571427,532,2.744360902255639
17772.0,11,3,360.75,4,3,2,432,Loyal Customers,360.75,120.25,345.6003937007874,381,2.874015748031496
17773.0,514,2,575.37,1,2,2,122,Others,575.37,287.685,1200.0574285714288,175,4.171428571428572
17774.0,97,9,3273.83,2,4,4,244,Others,3273.83,363.75888888888886,2089.0698426573426,572,5.743006993006993
17775.0,255,1,56.4,2,1,1,211,Others,56.4,56.4,2932.7999999999997,1,52.0
17776.0,387,2,330.56,1,2,1,121,Others,330.56,165.28,359.0904761904762,336,2.1726190476190474
17777.0,25,3,647.56,4,3,2,432,Loyal Customers,647.56,215.85333333333332,3151.458666666667,75,14.600000000000001
17778.0,662,1,197.70000000000002,1,1,1,111,Lost Customers,197.70000000000002,197.70000000000002,10280.400000000001,1,52.0
17779.0,21,3,650.32,4,3,2,432,Loyal Customers,650.32,216.77333333333334,1945.6295081967212,122,8.975409836065573
17780.0,667,3,346.56,1,3,2,132,At Risk,346.56,115.52,6007.04,17,52.0
17781.0,159,2,188.02,2,2,1,221,Others,188.02,94.01,737.9279569892474,93,7.849462365591398
17782.0,383,2,679.02,1,2,2,122,Others,679.02,339.51,17654.52,1,52.0
17783.0,72,3,376.96,3,3,2,332,Others,376.96,125.65333333333332,312.70545454545453,440,2.4886363636363638
17784.0,550,1,112.86,1,1,1,111,Lost Customers,112.86,112.86,5868.72,1,52.0
17785.0,53,3,403.38,3,3,2,332,Others,403.38,134.46,287.5658203125,512,2.138671875
17786.0,85,2,266.85,3,2,1,321,Potential Loyalist,266.85,133.425,421.64610389610397,231,3.1601731601731604
17787.0,153,4,1817.54,2,3,3,233,Others,1817.54,454.385,3043.1288990825688,218,6.697247706422019
17788.0,74,2,1117.9,3,2,3,323,Potential Loyalist,1117.9,558.95,7418.79090909091,55,13.272727272727273
17789.0,281,2,397.15,2,2,2,222,Others,397.15,198.575,382.47955145118726,379,1.9261213720316621
17790.0,27,20,2779.41,3,4,4,344,Champions,2779.41,138.9705,1962.252707930367,517,14.119922630560927
17791.0,30,1,106.1,3,1,1,311,Potential Loyalist,106.1,106.1,5517.2,1,52.0
17792.0,467,2,368.35,1,2,2,122,Others,368.35,184.175,9577.1,11,52.0
17793.0,25,1,300.34,4,1,1,411,Potential Loyalist,300.34,300.34,15617.679999999998,1,52.0
17794.0,687,2,147.3,1,2,1,121,Others,147.3,73.65,3829.8,1,52.0
17795.0,180,2,342.83,2,2,2,222,Others,342.83,171.415,1472.1523529411763,85,8.588235294117647
17796.0,40,7,1236.39,3,4,3,343,Others,1236.39,176.62714285714287,1184.4681102362204,381,6.7060367454068235
17797.0,22,8,1971.87,4,4,3,443,Champions,1971.87,246.48375,1026.7226105563482,701,4.165477888730385
17798.0,582,1,178.07,1,1,1,111,Lost Customers,178.07,178.07,9259.64,1,52.0
17799.0,22,20,6246.93,4,4,4,444,Champions,6246.93,312.3465,3243.4273826458034,703,10.38406827880512
17800.0,37,9,1187.21,3,4,3,343,Others,1187.21,131.91222222222223,1463.9582770270272,296,11.097972972972974
17801.0,451,3,770.03,1,3,2,132,At Risk,770.03,256.6766666666667,1171.0872916666667,240,4.5625
17802.0,82,10,4946.22,3,4,4,344,Champions,4946.22,494.622,2803.3700310559007,644,5.667701863354037
17803.0,392,1,184.66,1,1,1,111,Lost Customers,184.66,184.66,9602.32,1,52.0
17804.0,376,3,383.78000000000003,2,3,2,232,Others,383.78000000000003,127.92666666666668,386.9604972375691,362,3.0248618784530388
17805.0,74,2,927.03,3,2,3,323,Potential Loyalist,927.03,463.515,631.2797574626866,536,1.3619402985074627
17806.0,11,1,546.04,4,1,2,412,Potential Loyalist,546.04,546.04,28394.079999999998,1,52.0
17807.0,395,3,437.87,1,3,2,132,At Risk,437.87,145.95666666666668,517.225080906149,309,3.5436893203883497
17808.0,549,4,262.64,1,3,1,131,At Risk,262.64,65.66,2995.7374999999997,32,45.625
17809.0,16,20,10085.89,4,4,4,444,Champions,10085.89,504.29449999999997,5112.9859027777775,720,10.13888888888889
17810.0,669,2,373.16,1,2,2,122,Others,373.16,186.58,9080.226666666667,15,48.66666666666667
17811.0,4,47,9519.8,4,4,4,444,Champions,9519.8,202.54893617021276,7879.199546485261,441,38.900226757369616
17812.0,13,7,911.99,4,4,3,443,Champions,911.99,130.28428571428572,643.861411992263,517,4.941972920696324
17813.0,14,5,1698.07,4,3,3,433,Loyal Customers,1698.07,339.614,10873.606140350877,57,32.01754385964912
17814.0,375,2,1609.37,2,2,3,223,Others,1609.37,804.685,12498.298936170211,47,15.53191489361702
17815.0,393,1,591.96,1,1,2,112,Lost Customers,591.96,591.96,30781.920000000002,1,52.0
17816.0,37,6,96.11,3,3,1,331,Others,96.11,16.018333333333334,51.06280931586609,687,3.1877729257641922
17817.0,4,6,788.15,4,3,2,432,Loyal Customers,788.15,131.35833333333332,689.8675059952037,417,5.2517985611510785
17818.0,738,1,124.78,1,1,1,111,Lost Customers,124.78,124.78,6488.56,1,52.0
17819.0,72,12,6021.05,3,4,4,344,Champions,6021.05,501.75416666666666,3360.3719418960245,654,6.697247706422019
17820.0,374,1,180.60999999999999,2,1,1,211,Others,180.60999999999999,180.60999999999999,9391.72,1,52.0
17821.0,406,1,334.62,1,1,1,111,Lost Customers,334.62,334.62,17400.24,1,52.0
17822.0,420,5,2162.93,1,3,3,133,At Risk,2162.93,432.58599999999996,5639.0675,140,13.035714285714286
17823.0,421,2,449.25,1,2,2,122,Others,449.25,224.625,11680.5,1,52.0
17824.0,51,1,298.4,3,1,1,311,Potential Loyalist,298.4,298.4,15516.8,1,52.0
17825.0,599,4,701.96,1,3,2,132,At Risk,701.96,175.49,2033.4555555555555,126,11.587301587301587
17826.0,374,1,133.34,2,1,1,211,Others,133.34,133.34,6933.68,1,52.0
17827.0,5,6,2376.17,4,3,4,434,Champions,2376.17,396.02833333333336,1407.9578733766234,616,3.5551948051948052
17828.0,23,4,1820.09,4,3,3,433,Loyal Customers,1820.09,455.0225,4100.820061728395,162,9.012345679012345
17829.0,299,5,4756.74,2,3,4,234,Others,4756.74,951.348,4876.994662921348,356,5.126404494382022
17830.0,2,3,398.7,4,3,2,432,Loyal Customers,398.7,132.9,507.05749128919865,287,3.8153310104529616
17831.0,33,1,35.400000000000006,3,1,1,311,Potential Loyalist,35.400000000000006,35.400000000000006,1840.8000000000002,1,52.0
17832.0,50,1,155.37,3,1,1,311,Potential Loyalist,155.37,155.37,8079.24,1,52.0
17833.0,723,1,338.46000000000004,1,1,1,111,Lost Customers,338.46000000000004,338.46000000000004,17599.920000000002,1,52.0
17834.0,415,2,689.6700000000001,1,2,2,122,Others,689.6700000000001,344.83500000000004,8390.985000000002,30,24.333333333333336
17835.0,3,3,342.24,4,3,1,431,Loyal Customers,342.24,114.08,5932.16,20,52.0
17836.0,47,1,110.21000000000001,3,1,1,311,Potential Loyalist,110.21000000000001,110.21000000000001,5730.92,1,52.0
17837.0,42,8,1541.23,3,4,3,343,Others,1541.23,192.65375,4687.907916666667,120,24.333333333333336
17838.0,27,13,5604.64,3,4,4,344,Champions,5604.64,431.1261538461539,3386.909933774835,604,7.855960264900662
17839.0,42,1,318.15,3,1,1,311,Potential Loyalist,318.15,318.15,16543.8,1,52.0
17840.0,444,1,175.9,1,1,1,111,Lost Customers,175.9,175.9,9146.800000000001,1,52.0
17841.0,2,211,68545.25,4,4,4,444,Champions,68545.25,324.8590047393365,16892.668246445497,735,52.0
17842.0,602,1,430.69,1,1,2,112,Lost Customers,430.69,430.69,22395.88,1,52.0
17843.0,303,2,320.4,2,2,1,221,Others,320.4,160.2,1082.8333333333333,108,6.7592592592592595
17844.0,107,1,51.559999999999995,2,1,1,211,Others,51.559999999999995,51.559999999999995,2681.12,1,52.0
17845.0,555,4,596.09,1,3,2,132,At Risk,596.09,149.0225,7749.17,21,52.0
17846.0,85,1,2033.1,3,1,3,313,Potential Loyalist,2033.1,2033.1,105721.2,1,52.0
17847.0,516,2,129.69,1,2,1,121,Others,129.69,64.845,366.95232558139537,129,5.658914728682171
17848.0,81,30,3559.11,3,4,4,344,Champions,3559.11,118.637,1992.4465490797547,652,16.794478527607364
17849.0,218,8,1063.76,2,4,3,243,Others,1063.76,132.97,933.3471153846153,416,7.019230769230769
17850.0,372,155,51208.87,2,4,4,244,Others,51208.87,330.3798064516129,17179.749935483873,362,52.0
17851.0,422,6,1552.35,1,3,3,133,At Risk,1552.35,258.72499999999997,1810.2484025559102,313,6.996805111821086
17852.0,12,5,657.8100000000001,4,3,2,432,Loyal Customers,657.8100000000001,131.562,333.93692628650905,719,2.5382475660639776
17853.0,407,3,1596.29,1,3,3,133,At Risk,1596.29,532.0966666666667,1770.960030395137,329,3.3282674772036476
17854.0,185,6,1068.5,2,3,3,233,Others,1068.5,178.08333333333334,714.290293040293,546,4.010989010989011
17855.0,373,1,208.97,2,1,1,211,Others,208.97,208.97,10866.44,1,52.0
17856.0,2,4,1418.03,4,3,3,433,Loyal Customers,1418.03,354.5075,1855.128853046595,279,5.232974910394265
17857.0,4,24,27347.04,4,4,4,444,Champions,27347.04,1139.46,15669.81098901099,637,13.751962323390895
17858.0,6,30,12518.65,4,4,4,444,Champions,12518.65,417.2883333333333,6285.154401650619,727,15.061898211829437
17859.0,305,1,141.92000000000002,2,1,1,211,Others,141.92000000000002,141.92000000000002,7379.840000000001,1,52.0
17860.0,369,4,717.39,2,3,2,232,Others,717.39,179.3475,729.3798050139276,359,4.066852367688022
17861.0,3,18,5088.29,4,4,4,444,Champions,5088.29,282.6827777777778,2558.1623278236916,726,9.049586776859504
17862.0,324,4,1254.89,2,3,3,233,Others,1254.89,313.7225,1916.463807531381,239,6.108786610878662
17863.0,59,12,5360.48,3,4,4,344,Champions,5360.48,446.70666666666665,3299.4522765598645,593,7.386172006745362
17864.0,13,5,876.57,4,3,3,433,Loyal Customers,876.57,175.31400000000002,772.8213768115942,414,4.408212560386473
17865.0,31,46,26312.190000000002,3,4,4,344,Champions,26312.190000000002,572.0041304347826,13564.900211864408,708,23.714689265536723
17866.0,143,3,1134.95,2,3,3,233,Others,1134.95,378.31666666666666,711.7813573883162,582,1.8814432989690724
17867.0,30,15,1582.0500000000002,3,4,3,343,Others,1582.0500000000002,105.47000000000001,816.7584865629422,707,7.743988684582744
17868.0,386,1,227.15,1,1,1,111,Lost Customers,227.15,227.15,11811.800000000001,1,52.0
17869.0,107,7,813.64,2,4,2,242,Others,813.64,116.23428571428572,674.9513636363638,440,5.8068181818181825
17870.0,2,13,2753.29,4,4,4,444,Champions,2753.29,211.79153846153847,2651.5853562005273,379,12.519788918205803
17871.0,205,5,1068.95,2,3,3,233,Others,1068.95,213.79000000000002,799.5220286885246,488,3.7397540983606556
17872.0,382,1,235.87,1,1,1,111,Lost Customers,235.87,235.87,12265.24,1,52.0
17873.0,80,18,6265.33,3,4,4,344,Champions,6265.33,348.07388888888886,3556.524805598756,643,10.217729393468119
17874.0,185,6,683.46,2,3,2,232,Others,683.46,113.91000000000001,3563.755714285715,70,31.28571428571429
17875.0,688,1,167.1,1,1,1,111,Lost Customers,167.1,167.1,8689.199999999999,1,52.0
17876.0,400,3,3424.02,1,3,4,134,At Risk,3424.02,1141.34,4544.608363636364,275,3.981818181818182
17877.0,170,1,237.61,2,1,1,211,Others,237.61,237.61,12355.720000000001,1,52.0
17878.0,44,3,1378.93,3,3,3,333,Others,1378.93,459.6433333333334,1433.930056980057,351,3.1196581196581197
17879.0,174,1,178.51999999999998,2,2,1,221,Others,178.51999999999998,178.51999999999998,9283.039999999999,1,52.0
17880.0,365,3,824.9200000000001,2,3,2,232,Others,824.9200000000001,274.97333333333336,824.9200000000001,365,3.0
17881.0,304,1,133.35000000000002,2,2,1,221,Others,133.35000000000002,133.35000000000002,6934.200000000001,1,52.0
17882.0,379,2,291.56,2,2,1,221,Others,291.56,145.78,7580.56,1,52.0
17883.0,3,7,988.42,4,4,3,443,Champions,988.42,141.20285714285714,556.7489197530864,648,3.942901234567901
17884.0,4,20,2698.47,4,4,4,444,Champions,2698.47,134.9235,1347.3892612859095,731,9.986320109439124
17885.0,12,1,156.34,4,2,1,421,Potential Loyalist,156.34,156.34,8129.68,1,52.0
17886.0,32,6,1572.55,3,3,3,333,Others,1572.55,262.09166666666664,1030.4860861759423,557,3.9317773788150805
17887.0,129,1,111.35,2,2,1,221,Others,111.35,111.35,5790.2,1,52.0
17888.0,21,25,1807.44,4,4,3,443,Champions,1807.44,72.2976,947.8672413793105,696,13.110632183908047
17889.0,212,7,746.42,2,4,2,242,Others,746.42,106.63142857142857,671.0426108374384,406,6.293103448275861
17890.0,323,2,586.89,2,2,2,222,Others,586.89,293.445,5637.232894736841,38,19.210526315789473
17891.0,162,1,203.85999999999999,2,2,1,221,Others,203.85999999999999,203.85999999999999,10600.72,1,52.0
17892.0,56,3,244.1,3,3,1,331,Others,244.1,81.36666666666666,899.9646464646464,99,11.06060606060606
17893.0,225,1,107.21,2,2,1,221,Others,107.21,107.21,5574.92,1,52.0
17894.0,72,18,2304.58,3,4,4,344,Champions,2304.58,128.03222222222223,2118.82040302267,397,16.549118387909317
17895.0,44,1,95.45,3,2,1,321,Potential Loyalist,95.45,95.45,4963.400000000001,1,52.0
17896.0,23,1,256.32,4,2,1,421,Potential Loyalist,256.32,256.32,13328.64,1,52.0
17897.0,173,9,2099.89,2,4,3,243,Others,2099.89,233.3211111111111,1901.8854838709676,403,8.15136476426799
17898.0,85,4,299.18,3,3,1,331,Others,299.18,74.795,227.02848232848234,481,3.0353430353430353
17899.0,159,1,154.55,2,2,1,221,Others,154.55,154.55,8036.6,1,52.0
17900.0,190,2,112.19999999999999,2,2,1,221,Others,112.19999999999999,56.099999999999994,2917.2,1,52.0
17901.0,29,3,260.08,3,3,1,331,Others,260.08,86.69333333333333,192.94552845528455,492,2.225609756097561
17902.0,547,1,216.39999999999998,1,2,1,121,Others,216.39999999999998,216.39999999999998,11252.8,1,52.0
17903.0,394,1,381.09000000000003,1,2,2,122,Others,381.09000000000003,381.09000000000003,19816.68,1,52.0
17904.0,21,1,181.07,4,2,1,421,Potential Loyalist,181.07,181.07,9415.64,1,52.0
17905.0,71,13,2178.87,3,4,3,343,Others,2178.87,167.6053846153846,1308.0387335526314,608,7.8042763157894735
17906.0,247,1,72.9,2,2,1,221,Others,72.9,72.9,3790.8,1,52.0
17907.0,641,1,291.76,1,2,1,121,Others,291.76,291.76,15171.52,1,52.0
17908.0,374,5,1142.47,2,3,3,233,Others,1142.47,228.494,1188.0386039886039,351,5.199430199430199
17909.0,737,1,110.05,1,2,1,121,Others,110.05,110.05,5722.599999999999,1,52.0
17910.0,726,1,261.7,1,2,1,121,Others,261.7,261.7,13608.4,1,52.0
17911.0,9,1,366.23,4,2,2,422,Potential Loyalist,366.23,366.23,19043.96,1,52.0
17912.0,310,6,374.55,2,3,2,232,Others,374.55,62.425000000000004,2103.242307692308,65,33.69230769230769
17913.0,59,14,3429.29,3,4,4,344,Champions,3429.29,244.9492857142857,1848.8786558345641,677,7.548005908419498
17914.0,4,1,329.36,4,2,1,421,Potential Loyalist,329.36,329.36,17126.72,1,52.0
17915.0,551,1,225.78,1,2,1,121,Others,225.78,225.78,11740.56,1,52.0
17916.0,629,2,43.87,1,2,1,121,Others,43.87,21.935,153.96682692307692,104,7.019230769230769
17917.0,45,3,335.03,3,3,1,331,Others,335.03,111.67666666666666,385.7600946372239,317,3.454258675078864
17918.0,501,3,396.39,1,3,2,132,At Risk,396.39,132.13,6870.76,4,52.0
17919.0,88,2,1840.32,3,2,3,323,Potential Loyalist,1840.32,920.16,1919.190857142857,350,2.085714285714286
17920.0,4,54,23581.78,4,4,4,444,Champions,23581.78,436.6996296296296,11807.064060356653,729,27.037037037037038
17921.0,64,10,2394.36,3,4,4,344,Champions,2394.36,239.436,1955.1261744966446,447,8.165548098434005
17922.0,543,1,170.4,1,2,1,121,Others,170.4,170.4,8860.800000000001,1,52.0
17923.0,282,3,497.0,2,3,2,232,Others,497.0,165.66666666666666,692.385496183206,262,4.179389312977099
17924.0,12,8,3257.7000000000003,4,4,4,444,Champions,3257.7000000000003,407.21250000000003,2957.8619402985078,402,7.263681592039801
17925.0,373,1,244.08,2,2,1,221,Others,244.08,244.08,12692.16,1,52.0
17926.0,133,5,1035.49,2,3,3,233,Others,1035.49,207.098,847.4301569506727,446,4.091928251121076
17927.0,722,1,294.0,1,2,1,121,Others,294.0,294.0,15288.0,1,52.0
17928.0,45,3,341.24,3,3,1,331,Others,341.24,113.74666666666667,237.24304761904764,525,2.085714285714286
17929.0,11,12,3082.1,4,4,4,444,Champions,3082.1,256.84166666666664,1564.626564673157,719,6.0917941585535464
17930.0,36,13,4275.22,3,4,4,344,Champions,4275.22,328.86307692307696,2562.3239737274225,609,7.791461412151068
17931.0,134,14,3402.24,2,4,4,244,Others,3402.24,243.01714285714283,2356.3901328273246,527,9.696394686907022
17932.0,29,3,1331.57,3,3,3,333,Others,1331.57,443.8566666666666,2670.4563186813184,182,6.016483516483516
17933.0,632,1,114.69,1,2,1,121,Others,114.69,114.69,5963.88,1,52.0
17934.0,52,3,1049.15,3,3,3,333,Others,1049.15,349.7166666666667,1081.7507062146892,354,3.0932203389830506
17935.0,138,7,686.14,2,4,2,242,Others,686.14,98.02,420.20318791946306,596,4.2869127516778525
17936.0,5,1,380.13,4,2,2,422,Potential Loyalist,380.13,380.13,19766.76,1,52.0
17937.0,9,7,4301.22,4,4,4,444,Champions,4301.22,614.46,4447.437110481586,353,7.237960339943343
17938.0,420,1,144.29,1,2,1,121,Others,144.29,144.29,7503.08,1,52.0
17939.0,160,1,99.14,2,2,1,221,Others,99.14,99.14,5155.28,1,52.0
17940.0,49,16,30306.79,3,4,4,344,Champions,30306.79,1894.174375,16101.86077147016,687,8.500727802037845
17941.0,131,4,1433.28,2,3,3,233,Others,1433.28,358.32,916.1947460595447,571,2.5569176882662
17942.0,8,1,77.50000000000001,4,2,1,421,Potential Loyalist,77.50000000000001,77.50000000000001,4030.000000000001,1,52.0
17944.0,423,1,74.99,1,2,1,121,Others,74.99,74.99,3899.4799999999996,1,52.0
17945.0,697,3,360.35,1,3,2,132,At Risk,360.35,120.11666666666667,6246.0666666666675,1,52.0
17946.0,233,2,149.57999999999998,2,2,1,221,Others,149.57999999999998,74.78999999999999,2099.8730769230765,26,28.076923076923077
17947.0,37,1,176.68,3,2,1,321,Potential Loyalist,176.68,176.68,9187.36,1,52.0
17948.0,147,1,358.56000000000006,2,2,2,222,Others,358.56000000000006,358.56000000000006,18645.120000000003,1,52.0
17949.0,1,118,117314.08,4,4,4,444,Champions,117314.08,994.1871186440678,51697.73016949153,736,52.0
17950.0,72,7,1166.29,3,4,3,343,Others,1166.29,166.61285714285714,674.6368462757528,631,4.049128367670365
17951.0,40,4,1340.5800000000002,3,3,3,333,Others,1340.5800000000002,335.14500000000004,1344.2629120879121,364,4.010989010989011
17952.0,378,4,788.46,2,3,2,232,Others,788.46,197.115,1765.5699386503068,163,8.957055214723926
17953.0,540,1,159.17000000000002,1,2,1,121,Others,159.17000000000002,159.17000000000002,8276.84,1,52.0
17954.0,5,19,3804.38,4,4,4,444,Champions,3804.38,200.2305263157895,1915.3085517241382,725,9.565517241379311
17955.0,199,6,949.9,2,3,3,233,Others,949.9,158.31666666666666,744.0203862660943,466,4.6995708154506435
17956.0,249,1,12.75,2,2,1,221,Others,12.75,12.75,663.0,1,52.0
17957.0,66,1,111.68,3,2,1,321,Potential Loyalist,111.68,111.68,5807.360000000001,1,52.0
17958.0,117,2,973.88,2,2,3,223,Others,973.88,486.94,581.7777414075287,611,1.1947626841243864
17959.0,592,1,140.75,1,2,1,121,Others,140.75,140.75,7319.0,1,52.0
17960.0,171,3,135.08,2,3,1,231,Others,135.08,45.02666666666667,104.90255319148936,470,2.329787234042553
17961.0,21,100,2866.74,4,4,4,444,Champions,2866.74,28.667399999999997,1459.3585774058577,717,50.90655509065551
17962.0,142,4,666.96,2,3,2,232,Others,666.96,166.74,441.0152173913044,552,2.6449275362318843
17963.0,471,4,643.16,1,3,2,132,At Risk,643.16,160.79,1081.8129032258064,217,6.728110599078341
17964.0,32,2,463.21,3,2,2,322,Potential Loyalist,463.21,231.605,497.2695588235294,340,2.1470588235294117
17965.0,38,29,7006.65,3,4,4,344,Champions,7006.65,241.60862068965517,3722.6015283842794,687,15.407569141193596
17966.0,38,10,1963.92,3,4,3,343,Others,1963.92,196.392,1099.4337423312884,652,5.598159509202454
17967.0,372,2,223.42,2,2,1,221,Others,223.42,111.71,1853.3704545454543,44,16.59090909090909
17968.0,374,4,590.4399999999999,2,3,2,232,Others,590.4399999999999,147.60999999999999,1561.6710144927536,138,10.579710144927537
17969.0,166,20,2354.29,2,4,4,244,Others,2354.29,117.7145,1518.225883392226,566,12.897526501766784
17970.0,211,1,562.79,2,2,2,222,Others,562.79,562.79,29265.079999999998,1,52.0
17971.0,548,1,161.94,1,2,1,121,Others,161.94,161.94,8420.88,1,52.0
17972.0,242,1,135.19,2,2,1,221,Others,135.19,135.19,7029.88,1,52.0
17973.0,52,1,337.04,3,2,1,321,Potential Loyalist,337.04,337.04,17526.08,1,52.0
17974.0,25,6,1739.09,4,3,3,433,Loyal Customers,1739.09,289.8483333333333,1661.6959424083768,382,5.732984293193717
17975.0,15,24,6696.33,4,4,4,444,Champions,6696.33,279.01375,5145.600947368421,475,18.44210526315789
17976.0,372,1,321.79,2,2,1,221,Others,321.79,321.79,16733.08,1,52.0
17977.0,29,2,1511.45,3,2,3,323,Potential Loyalist,1511.45,755.725,1491.0249999999999,370,1.9729729729729728
17978.0,365,4,1159.99,2,3,3,233,Others,1159.99,289.9975,1156.8206284153005,366,3.9890710382513657
17979.0,36,4,732.41,3,3,2,332,Others,732.41,183.1025,1193.4359375,224,6.517857142857142
17980.0,166,4,1012.72,2,3,3,233,Others,1012.72,253.18,1628.3823788546256,227,6.431718061674009
17981.0,411,1,239.12,1,2,1,121,Others,239.12,239.12,12434.24,1,52.0
17982.0,681,1,138.18,1,2,1,121,Others,138.18,138.18,7185.360000000001,1,52.0
17983.0,395,1,171.71,1,2,1,121,Others,171.71,171.71,8928.92,1,52.0
17984.0,145,5,1152.19,2,3,3,233,Others,1152.19,230.43800000000002,709.189460370995,593,3.0775716694772344
17985.0,22,1,631.35,4,2,2,422,Potential Loyalist,631.35,631.35,32830.200000000004,1,52.0
17986.0,56,1,20.8,3,2,1,321,Potential Loyalist,20.8,20.8,1081.6000000000001,1,52.0
17987.0,185,5,965.4399999999999,2,3,3,233,Others,965.4399999999999,193.088,965.4399999999999,365,5.0
17988.0,12,14,489.54,4,4,2,442,Loyal Customers,489.54,34.96714285714286,248.16958333333335,720,7.097222222222222
17989.0,379,1,207.32999999999998,2,2,1,221,Others,207.32999999999998,207.32999999999998,10781.16,1,52.0
17990.0,237,6,1527.6100000000001,2,3,3,233,Others,1527.6100000000001,254.6016666666667,1126.419494949495,495,4.424242424242424
17991.0,225,3,300.3,2,3,1,231,Others,300.3,100.10000000000001,299.4795081967213,366,2.9918032786885242
17992.0,389,1,252.88,1,2,1,121,Others,252.88,252.88,13149.76,1,52.0
17993.0,617,1,225.99,1,2,1,121,Others,225.99,225.99,11751.48,1,52.0
17994.0,122,11,2270.0299999999997,2,4,4,244,Others,2270.0299999999997,206.36636363636362,1660.442785571142,499,8.046092184368737
17995.0,282,3,495.48,2,3,2,232,Others,495.48,165.16,1722.3828571428571,105,10.428571428571429
17996.0,380,3,482.33,2,3,2,232,Others,482.33,160.77666666666667,1060.5448795180723,166,6.596385542168674
17997.0,74,8,1962.46,3,4,3,343,Others,1962.46,245.3075,8048.291011235956,89,32.80898876404495
17998.0,380,3,639.24,2,3,2,232,Others,639.24,213.08,651.7391061452514,358,3.058659217877095
17999.0,37,3,528.46,3,3,2,332,Others,528.46,176.15333333333334,565.6536656891495,341,3.2111436950146626
18000.0,564,1,124.25,1,2,1,121,Others,124.25,124.25,6461.0,1,52.0
18001.0,12,6,924.14,4,3,3,433,Loyal Customers,924.14,154.02333333333334,465.25668965517247,725,3.020689655172414
18002.0,376,4,244.37,2,3,1,231,Others,244.37,61.0925,251.25366197183098,355,4.112676056338028
18003.0,376,1,353.51,2,2,2,222,Others,353.51,353.51,18382.52,1,52.0
18004.0,362,1,157.92,2,2,1,221,Others,157.92,157.92,8211.84,1,52.0
18005.0,4,2,226.47,4,2,1,421,Potential Loyalist,226.47,113.235,1922.3616279069765,43,16.97674418604651
18006.0,23,4,969.51,4,3,3,433,Loyal Customers,969.51,242.3775,506.25343347639483,699,2.088698140200286
18007.0,393,1,215.22,1,2,1,121,Others,215.22,215.22,11191.44,1,52.0
18008.0,70,23,19759.079999999998,3,4,4,344,Champions,19759.079999999998,859.0904347826087,11411.493987341772,632,13.283227848101266
18009.0,235,8,2144.23,2,4,3,243,Others,2144.23,268.02875,1876.8440047961628,417,7.002398081534771
18010.0,257,1,174.8,2,2,1,221,Others,174.8,174.8,9089.6,1,52.0
18011.0,373,2,410.79,2,2,2,222,Others,410.79,205.395,772.8780927835052,194,3.7628865979381443
18012.0,723,1,115.3,1,2,1,121,Others,115.3,115.3,5995.599999999999,1,52.0
18013.0,155,2,187.29,2,2,1,221,Others,187.29,93.645,4869.54,1,52.0
18014.0,28,1,162.22,3,2,1,321,Potential Loyalist,162.22,162.22,8435.44,1,52.0
18015.0,4,1,120.03,4,2,1,421,Potential Loyalist,120.03,120.03,6241.56,1,52.0
18016.0,32,7,1954.56,3,4,3,343,Others,1954.56,279.22285714285715,1100.9481481481482,648,3.942901234567901
18017.0,81,4,688.0,3,3,2,332,Others,688.0,172.0,717.4857142857144,350,4.171428571428572
18018.0,108,4,297.99,2,3,1,231,Others,297.99,74.4975,348.61009615384614,312,4.679487179487179
18019.0,52,1,38.45,3,2,1,321,Potential Loyalist,38.45,38.45,1999.4,1,52.0
18020.0,544,1,190.48000000000002,1,2,1,121,Others,190.48000000000002,190.48000000000002,9904.960000000001,1,52.0
18021.0,510,2,216.41,1,2,1,121,Others,216.41,108.205,5626.66,2,52.0
18022.0,36,5,1507.25,3,3,3,333,Others,1507.25,301.45,1078.7181372549019,510,3.5784313725490193
18024.0,153,2,389.78,2,2,2,222,Others,389.78,194.89,10134.279999999999,1,52.0
18025.0,380,6,1177.72,2,3,3,233,Others,1177.72,196.28666666666666,1798.6100418410042,239,9.163179916317992
18026.0,501,2,2074.07,1,2,3,123,Others,2074.07,1037.035,53925.82000000001,4,52.0
18027.0,99,1,115.31,2,2,1,221,Others,115.31,115.31,5996.12,1,52.0
18028.0,583,1,192.05,1,2,1,121,Others,192.05,192.05,9986.6,1,52.0
18029.0,642,1,433.77,1,2,2,122,Others,433.77,433.77,22556.04,1,52.0
18030.0,4,2,230.64999999999998,4,2,1,421,Potential Loyalist,230.64999999999998,115.32499999999999,2215.453947368421,38,19.210526315789473
18031.0,379,1,451.3,2,2,2,222,Others,451.3,451.3,23467.600000000002,1,52.0
18032.0,334,1,73.5,2,2,1,221,Others,73.5,73.5,3822.0,1,52.0
18033.0,65,1,93.82000000000001,3,2,1,321,Potential Loyalist,93.82000000000001,93.82000000000001,4878.64,1,52.0
18034.0,22,3,754.2,4,3,2,432,Loyal Customers,754.2,251.4,779.8385269121814,353,3.101983002832861
18035.0,36,5,1260.23,3,3,3,333,Others,1260.23,252.046,1318.0055873925503,349,5.229226361031519
18036.0,32,11,1545.49,3,4,3,343,Others,1545.49,140.4990909090909,818.728374455733,689,5.827285921625545
18037.0,154,15,167.42,2,4,1,241,Others,167.42,11.161333333333333,104.81698113207547,583,9.391080617495712
18038.0,556,1,141.48,1,2,1,121,Others,141.48,141.48,7356.959999999999,1,52.0
18039.0,374,4,548.22,2,3,2,232,Others,548.22,137.055,752.2567669172932,266,5.488721804511278
18040.0,19,2,357.20000000000005,4,2,2,422,Potential Loyalist,357.20000000000005,178.60000000000002,576.8938053097346,226,3.230088495575221
18041.0,12,38,8018.7699999999995,4,4,4,444,Champions,8018.7699999999995,211.02026315789473,4285.287042459737,683,20.307467057101025
18042.0,54,2,281.15,3,2,1,321,Potential Loyalist,281.15,140.575,210.28637295081964,488,1.4959016393442621
18043.0,25,3,529.29,4,3,2,432,Loyal Customers,529.29,176.42999999999998,564.8855263157894,342,3.2017543859649122
18044.0,4,18,3505.61,4,4,4,444,Champions,3505.61,194.75611111111112,2305.491261261261,555,11.837837837837837
18045.0,45,1,178.34,3,2,1,321,Potential Loyalist,178.34,178.34,9273.68,1,52.0
18046.0,650,1,189.63,1,2,1,121,Others,189.63,189.63,9860.76,1,52.0
18047.0,381,2,326.09,1,2,1,121,Others,326.09,163.045,8478.34,1,52.0
18048.0,203,3,394.93,2,3,2,232,Others,394.93,131.64333333333335,497.0670689655173,290,3.7758620689655173
18049.0,437,2,500.92,1,2,2,122,Others,500.92,250.46,1195.00522875817,153,4.771241830065359
18050.0,359,2,412.06,2,2,2,222,Others,412.06,206.03,4557.633333333333,33,22.12121212121212
18051.0,634,7,2282.28,1,4,4,144,At Risk,2282.28,326.04,8677.41875,96,26.614583333333336
18052.0,565,1,10877.18,1,2,4,124,Others,10877.18,10877.18,565613.36,1,52.0
18053.0,71,3,571.07,3,3,2,332,Others,571.07,190.35666666666668,457.1064692982456,456,2.401315789473684
18054.0,393,1,176.5,1,2,1,121,Others,176.5,176.5,9178.0,1,52.0
18055.0,7,14,10142.64,4,4,4,444,Champions,10142.64,724.4742857142857,9118.383251231526,406,12.586206896551722
18056.0,288,2,554.6,2,2,2,222,Others,554.6,277.3,613.4212121212122,330,2.2121212121212124
18057.0,393,3,1188.46,1,3,3,133,At Risk,1188.46,396.15333333333336,1460.56531986532,297,3.686868686868687
18058.0,10,3,774.06,4,3,2,432,Loyal Customers,774.06,258.02,430.03333333333325,657,1.6666666666666665
18059.0,23,3,306.46,4,3,1,431,Loyal Customers,306.46,102.15333333333332,2542.225,44,24.886363636363637
18060.0,408,2,1185.46,1,2,3,123,Others,1185.46,592.73,2773.6724358974357,156,4.679487179487179
18061.0,22,28,6083.81,4,4,4,444,Champions,6083.81,217.2789285714286,3114.4328892005615,713,14.333800841514726
18062.0,173,6,1632.67,2,3,3,233,Others,1632.67,272.1116666666667,1405.4824292452831,424,5.165094339622642
18063.0,391,2,186.60000000000002,1,2,1,121,Others,186.60000000000002,93.30000000000001,281.4421487603306,242,3.0165289256198347
18064.0,133,11,4481.83,2,4,4,244,Others,4481.83,407.4390909090909,3012.648158379374,543,7.394106813996316
18065.0,6,29,5866.63,4,4,4,444,Champions,5866.63,202.29758620689657,2957.624240331492,724,14.620165745856353
18066.0,75,3,1440.4,3,3,3,333,Others,1440.4,480.1333333333334,1546.3117647058825,340,3.2205882352941178
18067.0,40,1,396.33,3,2,2,322,Potential Loyalist,396.33,396.33,20609.16,1,52.0
18068.0,289,1,101.69999999999999,2,2,1,221,Others,101.69999999999999,101.69999999999999,5288.4,1,52.0
18069.0,26,11,4464.92,4,4,4,444,Champions,4464.92,405.9018181818182,2620.089710610933,622,6.454983922829582
18070.0,669,1,314.1,1,2,1,121,Others,314.1,314.1,16333.2,1,52.0
18071.0,258,6,1169.68,2,3,3,233,Others,1169.68,194.9466666666667,895.0381551362683,477,4.5911949685534585
18072.0,186,1,247.44,2,2,1,221,Others,247.44,247.44,12866.88,1,52.0
18073.0,114,12,3859.82,2,4,4,244,Others,3859.82,321.6516666666667,16725.88666666667,82,52.0
18074.0,374,2,1019.44,2,2,3,223,Others,1019.44,509.72,2840.4244274809157,131,5.572519083969465
18075.0,23,20,5783.29,4,4,4,444,Champions,5783.29,289.1645,4444.001789473683,475,15.368421052631577
18076.0,380,1,151.49,2,2,1,221,Others,151.49,151.49,7877.4800000000005,1,52.0
18077.0,8,18,4078.79,4,4,4,444,Champions,4078.79,226.59944444444443,2056.2960635359113,724,9.074585635359115
18078.0,217,4,725.53,2,3,2,232,Others,725.53,181.3825,645.8986585365853,410,3.5609756097560976
18079.0,45,5,4203.93,3,3,4,334,Others,4203.93,840.7860000000001,3440.4359865470856,446,4.091928251121076
18080.0,19,2,1231.5,4,2,3,423,Potential Loyalist,1231.5,615.75,2015.683856502242,223,3.2735426008968607
18081.0,36,3,343.45,3,3,2,332,Others,343.45,114.48333333333333,1292.3634020618556,97,11.288659793814432
18082.0,26,1,680.84,4,2,2,422,Potential Loyalist,680.84,680.84,35403.68,1,52.0
18083.0,398,1,463.53,1,2,2,122,Others,463.53,463.53,24103.559999999998,1,52.0
18084.0,16,3,795.2299999999999,4,3,2,432,Loyal Customers,795.2299999999999,265.07666666666665,780.2659946236558,372,2.943548387096774
18085.0,330,4,1341.8500000000001,2,3,3,233,Others,1341.8500000000001,335.46250000000003,1643.5411073825505,298,4.899328859060403
18086.0,274,1,101.34,2,2,1,221,Others,101.34,101.34,5269.68,1,52.0
18087.0,98,17,14761.519999999999,2,4,4,244,Others,14761.519999999999,868.3247058823529,8418.679375,640,9.6953125
18088.0,61,1,166.03,3,2,1,321,Potential Loyalist,166.03,166.03,8633.56,1,52.0
18089.0,447,1,428.45,1,2,2,122,Others,428.45,428.45,22279.399999999998,1,52.0
18090.0,422,1,321.9,1,2,1,121,Others,321.9,321.9,16738.8,1,52.0
18091.0,593,1,360.85,1,2,2,122,Others,360.85,360.85,18764.2,1,52.0
18092.0,2,18,14693.72,4,4,4,444,Champions,14693.72,816.3177777777778,7316.790995907231,733,8.963165075034107
18093.0,93,8,4452.71,3,4,4,344,Champions,4452.71,556.58875,3095.693619047619,525,5.561904761904762
18094.0,82,13,6391.52,3,4,4,344,Champions,6391.52,491.65538461538466,3768.8284329563817,619,7.665589660743134
18095.0,313,5,2303.09,2,3,4,234,Others,2303.09,460.61800000000005,2939.258216783217,286,6.381118881118881
18096.0,12,6,1657.87,4,3,3,433,Loyal Customers,1657.87,276.31166666666667,1207.8294411177644,501,4.37125748502994
18097.0,8,11,4627.92,4,4,4,444,Champions,4627.92,420.72,2362.5046153846156,715,5.615384615384615
18098.0,396,1,527.94,1,2,2,122,Others,527.94,527.94,27452.880000000005,1,52.0
18099.0,127,1,168.31,2,2,1,221,Others,168.31,168.31,8752.12,1,52.0
18100.0,550,1,451.56,1,2,2,122,Others,451.56,451.56,23481.12,1,52.0
18101.0,11,5,622.01,4,3,2,432,Loyal Customers,622.01,124.402,342.95113293051355,662,2.7567975830815707
18102.0,1,145,580987.04,4,4,4,444,Champions,580987.04,4006.8071724137935,208353.97296551726,738,52.0
18103.0,549,1,105.8,1,2,1,121,Others,105.8,105.8,5501.599999999999,1,52.0
18104.0,37,1,754.64,3,2,2,322,Potential Loyalist,754.64,754.64,39241.28,1,52.0
18105.0,38,1,113.48000000000002,3,2,1,321,Potential Loyalist,113.48000000000002,113.48000000000002,5900.960000000001,1,52.0
18106.0,330,6,1441.06,2,3,3,233,Others,1441.06,240.17666666666665,1445.018956043956,364,6.016483516483516
18107.0,442,1,165.88,1,2,1,121,Others,165.88,165.88,8625.76,1,52.0
18108.0,254,3,848.8100000000001,2,3,2,232,Others,848.8100000000001,282.93666666666667,641.4402691511388,483,2.267080745341615
18109.0,2,38,9555.71,4,4,4,444,Champions,9555.71,251.46605263157892,6656.172041984732,524,26.46946564885496
18110.0,20,2,392.28000000000003,4,2,2,422,Potential Loyalist,392.28000000000003,196.14000000000001,366.194884910486,391,1.8670076726342713
18111.0,589,1,405.85,1,2,2,122,Others,405.85,405.85,21104.2,1,52.0
18112.0,12,4,773.36,4,3,2,432,Loyal Customers,773.36,193.34,523.7038961038961,539,2.7087198515769946
18113.0,369,1,76.32000000000001,2,2,1,221,Others,76.32000000000001,76.32000000000001,3968.6400000000003,1,52.0
18114.0,290,1,220.1,2,2,1,221,Others,220.1,220.1,11445.199999999999,1,52.0
18115.0,698,1,9.700000000000001,1,2,1,121,Others,9.700000000000001,9.700000000000001,504.40000000000003,1,52.0
18116.0,68,13,2134.4900000000002,3,4,3,343,Others,2134.4900000000002,164.19153846153847,2271.3960641399417,343,13.833819241982507
18117.0,26,1,315.65,4,2,1,421,Potential Loyalist,315.65,315.65,16413.8,1,52.0
18118.0,11,29,6221.02,4,4,4,444,Champions,6221.02,214.51793103448279,6136.9521621621625,370,28.608108108108105
18119.0,368,1,180.7,2,2,1,221,Others,180.7,180.7,9396.4,1,52.0
18120.0,214,1,111.15,2,2,1,221,Others,111.15,111.15,5779.8,1,52.0
18121.0,149,2,653.3,2,2,2,222,Others,653.3,326.65,16985.8,5,52.0
18122.0,8,6,1793.06,4,3,3,433,Loyal Customers,1793.06,298.8433333333333,4608.921830985915,142,15.422535211267606
18123.0,24,3,666.64,4,3,2,432,Loyal Customers,666.64,222.21333333333334,497.59427402862985,489,2.2392638036809815
18124.0,472,1,102.65,1,2,1,121,Others,102.65,102.65,5337.8,1,52.0
18125.0,30,4,1131.75,3,3,3,333,Others,1131.75,282.9375,1444.3662587412587,286,5.104895104895105
18126.0,61,1,200.92000000000002,3,2,1,321,Potential Loyalist,200.92000000000002,200.92000000000002,10447.84,1,52.0
18127.0,19,4,556.13,4,3,2,432,Loyal Customers,556.13,139.0325,528.6131510416667,384,3.802083333333334
18128.0,537,1,399.29,1,2,2,122,Others,399.29,399.29,20763.08,1,52.0
18129.0,243,1,112.55000000000001,2,2,1,221,Others,112.55000000000001,112.55000000000001,5852.6,1,52.0
18130.0,15,3,1059.39,4,3,3,433,Loyal Customers,1059.39,353.13000000000005,9431.154878048781,41,26.70731707317073
18131.0,632,1,222.95999999999998,1,2,1,121,Others,222.95999999999998,222.95999999999998,11593.919999999998,1,52.0
18132.0,504,1,220.13,1,2,1,121,Others,220.13,220.13,11446.76,1,52.0
18133.0,212,1,931.4999999999999,2,2,3,223,Others,931.4999999999999,931.4999999999999,48437.99999999999,1,52.0
18134.0,598,2,445.0,1,2,2,122,Others,445.0,222.5,1691.9270833333335,96,7.604166666666668
18135.0,29,10,1249.6200000000001,3,4,3,343,Others,1249.6200000000001,124.96200000000002,753.9029752066117,605,6.033057851239669
18136.0,63,5,1631.3600000000001,3,3,3,333,Others,1631.3600000000001,326.27200000000005,1538.6211886304911,387,4.715762273901809
18137.0,551,2,145.99,1,2,1,121,Others,145.99,72.995,3795.7400000000002,1,52.0
18138.0,295,1,152.65,2,2,1,221,Others,152.65,152.65,7937.8,1,52.0
18139.0,18,6,8438.34,4,3,4,434,Champions,8438.34,1406.39,73132.28,1,52.0
18140.0,474,1,536.41,1,2,2,122,Others,536.41,536.41,27893.32,1,52.0
18141.0,402,2,882.47,1,2,3,123,Others,882.47,441.235,1722.4681818181818,187,3.9037433155080214
18142.0,157,2,1019.52,2,2,3,223,Others,1019.52,509.76,6415.944827586206,58,12.586206896551722
18143.0,117,2,1000.16,2,2,3,223,Others,1000.16,500.08,14602.336000000001,25,29.200000000000003
18144.0,8,19,4892.95,4,4,4,444,Champions,4892.95,257.5236842105263,2497.79965034965,715,9.699300699300698
18145.0,13,11,5609.74,4,4,4,444,Champions,5609.74,509.9763636363636,2851.7480501392756,718,5.591922005571031
18146.0,141,2,160.35000000000002,2,2,1,221,Others,160.35000000000002,80.17500000000001,740.8575949367089,79,9.240506329113924
18147.0,46,2,179.33999999999997,3,2,1,321,Potential Loyalist,179.33999999999997,89.66999999999999,1055.791935483871,62,11.774193548387098
18148.0,647,1,112.85000000000001,1,2,1,121,Others,112.85000000000001,112.85000000000001,5868.200000000001,1,52.0
18149.0,51,7,1553.96,3,4,3,343,Others,1553.96,221.99428571428572,971.225,584,4.375
18150.0,32,3,566.58,3,3,2,332,Others,566.58,188.86,1223.6786982248523,169,6.479289940828402
18151.0,135,6,1879.44,2,3,3,233,Others,1879.44,313.24,1342.4571428571428,511,4.285714285714286
18152.0,646,1,426.69,1,2,2,122,Others,426.69,426.69,22187.88,1,52.0
18153.0,659,1,246.22,1,2,1,121,Others,246.22,246.22,12803.44,1,52.0
18154.0,3,5,932.6,4,3,3,433,Loyal Customers,932.6,186.52,698.9712525667352,487,3.747433264887064
18155.0,75,3,371.62,3,3,2,332,Others,371.62,123.87333333333333,627.9689814814815,216,5.069444444444445
18156.0,13,2,675.64,4,2,2,422,Potential Loyalist,675.64,337.82,692.720786516854,356,2.0505617977528092
18157.0,571,1,213.9,1,2,1,121,Others,213.9,213.9,11122.800000000001,1,52.0
18158.0,9,2,453.4,4,2,2,422,Potential Loyalist,453.4,226.7,2094.8227848101264,79,9.240506329113924
18159.0,301,1,530.15,2,2,2,222,Others,530.15,530.15,27567.8,1,52.0
18160.0,57,3,1003.88,3,3,3,333,Others,1003.88,334.62666666666667,1117.1225609756098,328,3.3384146341463414
18161.0,15,6,1803.1000000000001,4,3,3,433,Loyal Customers,1803.1000000000001,300.5166666666667,1808.0535714285716,364,6.016483516483516
18162.0,732,1,371.51,1,2,2,122,Others,371.51,371.51,19318.52,1,52.0
18163.0,584,1,728.84,1,2,2,122,Others,728.84,728.84,37899.68,1,52.0
18164.0,37,1,399.65000000000003,3,2,2,322,Potential Loyalist,399.65000000000003,399.65000000000003,20781.800000000003,1,52.0
18165.0,177,1,302.46000000000004,2,2,1,221,Others,302.46000000000004,302.46000000000004,15727.920000000002,1,52.0
18166.0,624,1,175.5,1,2,1,121,Others,175.5,175.5,9126.0,1,52.0
18167.0,23,3,1384.8600000000001,4,3,3,433,Loyal Customers,1384.8600000000001,461.62000000000006,6164.315853658537,82,13.353658536585366
18168.0,176,16,3435.5,2,4,4,244,Others,3435.5,214.71875,2239.2098214285716,560,10.428571428571429
18169.0,61,1,202.65,3,2,1,321,Potential Loyalist,202.65,202.65,10537.800000000001,1,52.0
18170.0,33,9,2878.0,3,4,4,344,Champions,2878.0,319.77777777777777,1574.9175412293855,667,4.925037481259371
18171.0,59,9,2437.31,3,4,4,344,Champions,2437.31,270.8122222222222,1381.3946428571428,644,5.100931677018633
18172.0,15,52,17467.24,4,4,4,444,Champions,17467.24,335.90846153846155,8929.33137254902,714,26.58263305322129
18173.0,87,5,2696.36,3,3,4,334,Others,2696.36,539.272,1871.0482889733842,526,3.4695817490494294
18174.0,7,2,162.5,4,2,1,421,Potential Loyalist,162.5,81.25,99.51761744966443,596,1.2248322147651007
18175.0,676,1,176.1,1,2,1,121,Others,176.1,176.1,9157.199999999999,1,52.0
18176.0,358,1,476.35,2,2,2,222,Others,476.35,476.35,24770.2,1,52.0
18177.0,31,9,2216.32,3,4,3,343,Others,2216.32,246.2577777777778,1169.0127167630058,692,4.747109826589595
18178.0,129,11,6103.74,2,4,4,244,Others,6103.74,554.8854545454545,4203.519056603774,530,7.5754716981132075
18179.0,9,8,2547.55,4,4,4,444,Champions,2547.55,318.44375,1421.797782874618,654,4.464831804281346
18180.0,5,6,1843.75,4,3,3,433,Loyal Customers,1843.75,307.2916666666667,4912.180656934307,137,15.985401459854014
18181.0,24,5,1188.34,4,3,3,433,Loyal Customers,1188.34,237.66799999999998,610.9071830985914,710,2.5704225352112675
18182.0,463,1,291.13,1,2,1,121,Others,291.13,291.13,15138.76,1,52.0
18183.0,227,2,632.07,2,2,2,222,Others,632.07,316.035,4908.628723404256,47,15.53191489361702
18184.0,15,1,49.8,4,2,1,421,Potential Loyalist,49.8,49.8,2589.6,1,52.0
18185.0,249,1,304.25,2,2,1,221,Others,304.25,304.25,15821.0,1,52.0
18186.0,723,1,329.58,1,2,1,121,Others,329.58,329.58,17138.16,1,52.0
18187.0,632,1,724.89,1,2,2,122,Others,724.89,724.89,37694.28,1,52.0
18188.0,15,6,3280.59,4,3,4,434,Champions,3280.59,546.765,1969.4331414473681,608,3.601973684210526
18189.0,78,3,1403.73,3,3,3,333,Others,1403.73,467.91,934.9661496350365,548,1.9981751824817517
18190.0,192,5,745.62,2,3,2,232,Others,745.62,149.124,518.3834285714286,525,3.4761904761904763
18191.0,262,2,529.4,2,2,2,222,Others,529.4,264.7,898.7488372093022,215,3.395348837209302
18192.0,72,1,957.97,3,2,3,323,Potential Loyalist,957.97,957.97,49814.44,1,52.0
18193.0,165,3,1207.35,2,3,3,233,Others,1207.35,402.45,1590.9124548736463,277,3.953068592057762
18194.0,82,6,4162.04,3,3,4,334,Others,4162.04,693.6733333333333,2544.6308207705188,597,3.6683417085427132
18195.0,387,1,101.16,1,2,1,121,Others,101.16,101.16,5260.32,1,52.0
18196.0,95,4,1457.19,3,3,3,333,Others,1457.19,364.2975,990.4550279329609,537,2.718808193668529
18197.0,576,1,230.1,1,2,1,121,Others,230.1,230.1,11965.199999999999,1,52.0
18198.0,4,17,5425.56,4,4,4,444,Champions,5425.56,319.15058823529415,5964.847590361445,332,18.689759036144576
18199.0,684,1,344.75,1,2,2,122,Others,344.75,344.75,17927.0,1,52.0
18200.0,106,1,150.35,2,2,1,221,Others,150.35,150.35,7818.2,1,52.0
18201.0,723,1,447.53000000000003,1,2,2,122,Others,447.53000000000003,447.53000000000003,23271.56,1,52.0
18202.0,200,3,1396.99,2,3,3,233,Others,1396.99,465.66333333333336,4593.705855855856,111,9.864864864864863
18203.0,157,4,492.52,2,3,2,232,Others,492.52,123.13,313.7343804537521,573,2.5479930191972073
18204.0,71,3,1975.35,3,3,3,333,Others,1975.35,658.4499999999999,5958.700413223139,121,9.049586776859503
18205.0,36,2,517.36,3,2,2,322,Potential Loyalist,517.36,258.68,4969.378947368421,38,19.210526315789473
18206.0,553,1,314.65999999999997,1,2,1,121,Others,314.65999999999997,314.65999999999997,16362.319999999998,1,52.0
18207.0,499,1,544.47,1,2,2,122,Others,544.47,544.47,28312.440000000002,1,52.0
18208.0,566,1,360.08,1,2,2,122,Others,360.08,360.08,18724.16,1,52.0
18209.0,29,1,139.10000000000002,3,2,1,321,Potential Loyalist,139.10000000000002,139.10000000000002,7233.200000000001,1,52.0
18210.0,2,7,2768.83,4,4,4,444,Champions,2768.83,395.54714285714283,2652.553674540682,381,6.7060367454068235
18211.0,26,5,600.07,4,3,2,432,Loyal Customers,600.07,120.01400000000001,869.1490079365079,252,7.242063492063491
18212.0,326,2,514.37,2,2,2,222,Others,514.37,257.185,534.8861823361824,351,2.07977207977208
18213.0,237,1,232.48000000000002,2,2,1,221,Others,232.48000000000002,232.48000000000002,12088.960000000001,1,52.0
18214.0,531,4,1780.34,1,3,3,133,At Risk,1780.34,445.085,23144.42,23,52.0
18215.0,89,5,2232.4900000000002,3,3,3,333,Others,2232.4900000000002,446.49800000000005,1525.952902621723,534,3.417602996254682
18216.0,31,1,481.75,3,2,2,322,Potential Loyalist,481.75,481.75,25051.0,1,52.0
18217.0,29,4,945.04,3,3,3,333,Others,945.04,236.26,695.4427419354839,496,2.9435483870967745
18218.0,211,4,1121.84,2,3,3,233,Others,1121.84,280.46,913.999107142857,448,3.258928571428571
18219.0,3,17,3352.7000000000003,4,4,4,444,Champions,3352.7000000000003,197.21764705882356,1678.6495198902612,729,8.511659807956105
18220.0,227,6,1921.76,2,3,3,233,Others,1921.76,320.29333333333335,1411.3529175050303,497,4.406438631790745
18221.0,22,6,1424.94,4,3,3,433,Loyal Customers,1424.94,237.49,1417.174659400545,367,5.967302452316076
18222.0,93,1,443.0,3,2,2,322,Potential Loyalist,443.0,443.0,23036.0,1,52.0
18223.0,5,26,14000.85,4,4,4,444,Champions,14000.85,538.4942307692307,7000.424999999999,730,13.0
18224.0,264,1,158.95000000000002,2,2,1,221,Others,158.95000000000002,158.95000000000002,8265.400000000001,1,52.0
18225.0,3,26,13014.8,4,4,4,444,Champions,13014.8,500.5692307692307,6498.497948016415,731,12.982216142270861
18226.0,44,26,11878.88,3,4,4,344,Champions,11878.88,456.88,7226.318666666667,600,15.816666666666668
18227.0,218,2,388.75,2,2,2,222,Others,388.75,194.375,533.4351503759399,266,2.744360902255639
18228.0,57,2,779.9,3,2,2,322,Potential Loyalist,779.9,389.95,12939.249999999998,22,33.18181818181818
18229.0,12,28,10150.51,4,4,4,444,Champions,10150.51,362.5182142857143,5117.315124309392,724,14.116022099447513
18230.0,9,9,4291.06,4,4,4,444,Champions,4291.06,476.7844444444445,3035.3428294573646,516,6.366279069767442
18231.0,192,28,6854.17,2,4,4,244,Others,6854.17,244.7917857142857,4944.213537549407,506,20.197628458498023
18232.0,82,4,592.97,3,3,2,332,Others,592.97,148.2425,1882.0352173913047,115,12.695652173913045
18233.0,326,1,440.0,2,2,2,222,Others,440.0,440.0,22880.0,1,52.0
18234.0,552,1,179.6,1,2,1,121,Others,179.6,179.6,9339.199999999999,1,52.0
18235.0,72,3,1796.48,3,3,3,333,Others,1796.48,598.8266666666667,4522.173793103449,145,7.551724137931035
18236.0,30,12,1795.3500000000001,3,4,3,343,Others,1795.3500000000001,149.6125,1143.6348167539268,573,7.643979057591623
18237.0,3,5,987.1,4,3,3,433,Loyal Customers,987.1,197.42000000000002,2750.31679389313,131,13.931297709923664
18238.0,515,1,270.92,1,2,1,121,Others,270.92,270.92,14087.84,1,52.0
18239.0,219,6,1712.26,2,3,3,233,Others,1712.26,285.37666666666667,3063.602450980392,204,10.735294117647058
18240.0,46,1,422.58,3,2,2,322,Potential Loyalist,422.58,422.58,21974.16,1,52.0
18241.0,10,21,2986.9900000000002,4,4,4,444,Champions,2986.9900000000002,142.23761904761906,1793.1765625000003,608,12.606907894736842
18242.0,72,8,3605.21,3,4,4,344,Champions,3605.21,450.65125,2105.4426399999998,625,4.672
18243.0,414,1,515.78,1,2,2,122,Others,515.78,515.78,26820.559999999998,1,52.0
18244.0,431,2,568.64,1,2,2,122,Others,568.64,284.32,2882.688888888889,72,10.13888888888889
18245.0,7,20,6324.9800000000005,4,4,4,444,Champions,6324.9800000000005,316.249,3647.1053712480257,633,11.532385466034755
18246.0,24,3,758.8199999999999,4,3,2,432,Loyal Customers,758.8199999999999,252.93999999999997,472.64385665529005,586,1.8686006825938566
18247.0,415,3,839.73,1,3,2,132,At Risk,839.73,279.91,1418.9881944444446,216,5.069444444444445
18248.0,123,2,804.02,2,2,2,222,Others,804.02,402.01,4658.211111111111,63,11.587301587301587
18249.0,17,1,95.34,4,2,1,421,Potential Loyalist,95.34,95.34,4957.68,1,52.0
18250.0,310,1,349.27,2,2,2,222,Others,349.27,349.27,18162.04,1,52.0
18251.0,87,9,26278.86,3,4,4,344,Champions,26278.86,2919.8733333333334,15225.05380952381,630,5.214285714285714
18252.0,51,7,1533.69,3,4,3,343,Others,1533.69,219.09857142857143,835.5176865671641,670,3.8134328358208953
18253.0,643,1,317.88,1,2,1,121,Others,317.88,317.88,16529.76,1,52.0
18254.0,581,1,267.9,1,2,1,121,Others,267.9,267.9,13930.8,1,52.0
18255.0,89,2,303.15,3,2,1,321,Potential Loyalist,303.15,151.575,302.32172131147536,366,1.9945355191256828
18256.0,388,1,110.7,1,2,1,121,Others,110.7,110.7,5756.400000000001,1,52.0
18257.0,39,12,4600.15,3,4,4,344,Champions,4600.15,383.3458333333333,2712.527867528271,619,7.075928917609047
18258.0,464,6,2059.67,1,3,3,133,At Risk,2059.67,343.27833333333336,6960.92175925926,108,20.27777777777778
18259.0,25,7,3941.9,4,4,4,444,Champions,3941.9,563.1285714285715,2035.068599717115,707,3.613861386138614
18260.0,173,23,9947.26,2,4,4,244,Others,9947.26,432.4895652173913,6589.38275862069,551,15.235934664246825
18261.0,43,2,324.24,3,2,1,321,Potential Loyalist,324.24,162.12,2275.9153846153845,52,14.038461538461538
18262.0,140,3,577.54,2,3,2,232,Others,577.54,192.51333333333332,456.2816017316017,462,2.3701298701298703
18263.0,26,3,1213.1599999999999,4,3,3,433,Loyal Customers,1213.1599999999999,404.3866666666666,1959.3070796460174,226,4.845132743362832
18264.0,499,1,603.25,1,2,2,122,Others,603.25,603.25,31369.0,1,52.0
18265.0,72,2,801.51,3,2,2,322,Potential Loyalist,801.51,400.755,3441.7782352941176,85,8.588235294117647
18266.0,434,1,251.1,1,2,1,121,Others,251.1,251.1,13057.199999999999,1,52.0
18267.0,673,1,269.37,1,2,1,121,Others,269.37,269.37,14007.24,1,52.0
18268.0,134,6,1490.23,2,3,3,233,Others,1490.23,248.37166666666667,915.7137205387205,594,3.686868686868687
18269.0,366,1,168.6,2,2,1,221,Others,168.6,168.6,8767.199999999999,1,52.0
18270.0,38,3,444.55,3,3,2,332,Others,444.55,148.18333333333334,411.8293147208122,394,2.779187817258883
18271.0,610,2,680.85,1,2,2,122,Others,680.85,340.425,2053.8037190082646,121,6.033057851239669
18272.0,3,9,4385.9800000000005,4,4,4,444,Champions,4385.9800000000005,487.33111111111117,2493.5867601246105,642,5.1168224299065415
18273.0,2,4,357.0,4,3,2,432,Loyal Customers,357.0,89.25,221.60714285714283,588,2.4829931972789114
18274.0,30,1,175.92,3,2,1,321,Potential Loyalist,175.92,175.92,9147.84,1,52.0
18275.0,578,2,741.85,1,2,2,122,Others,741.85,370.925,1781.4161184210525,152,4.802631578947368
18276.0,44,6,1656.52,3,3,3,333,Others,1656.52,276.08666666666664,882.6712408759123,685,3.197080291970803
18277.0,58,5,1180.05,3,3,3,333,Others,1180.05,236.01,987.8858944954128,436,4.185779816513762
18278.0,74,2,414.20000000000005,3,2,2,322,Potential Loyalist,414.20000000000005,207.10000000000002,458.13030303030314,330,2.2121212121212124
18279.0,519,1,231.33999999999997,1,2,1,121,Others,231.33999999999997,231.33999999999997,12029.679999999998,1,52.0
18280.0,278,2,488.15000000000003,2,2,2,222,Others,488.15000000000003,244.07500000000002,1535.989224137931,116,6.293103448275861
18281.0,181,2,201.14,2,2,1,221,Others,201.14,100.57,184.92720403022668,397,1.8387909319899243
18282.0,8,2,178.05,4,2,1,421,Potential Loyalist,178.05,89.025,550.7478813559322,118,6.186440677966101
18283.0,4,22,2664.9,4,4,4,444,Champions,2664.9,121.13181818181819,1487.2912844036698,654,12.2782874617737
18284.0,432,1,461.68,1,2,2,122,Others,461.68,461.68,24007.36,1,52.0
18285.0,661,1,427.0,1,2,2,122,Others,427.0,427.0,22204.0,1,52.0
18286.0,477,2,1296.43,1,2,3,123,Others,1296.43,648.215,1915.7771255060732,247,2.9554655870445345
18287.0,43,7,4182.99,3,4,4,344,Champions,4182.99,597.5699999999999,2891.650284090909,528,4.839015151515151
